-- phpMyAdmin SQL Dump
-- version 3.4.3.2
-- http://www.phpmyadmin.net
--
-- Servidor: mysql5
-- Tiempo de generación: 02-06-2017 a las 13:51:41
-- Versión del servidor: 5.1.56
-- Versión de PHP: 5.2.17

SET SQL_MODE="NO_AUTO_VALUE_ON_ZERO";
SET time_zone = "+00:00";


/*!40101 SET @OLD_CHARACTER_SET_CLIENT=@@CHARACTER_SET_CLIENT */;
/*!40101 SET @OLD_CHARACTER_SET_RESULTS=@@CHARACTER_SET_RESULTS */;
/*!40101 SET @OLD_COLLATION_CONNECTION=@@COLLATION_CONNECTION */;
/*!40101 SET NAMES utf8 */;

--
-- Base de datos: `tarifonline_tarificador`
--

-- --------------------------------------------------------

--
-- Estructura de tabla para la tabla `alquiler_coberturas`
--

CREATE TABLE IF NOT EXISTS `alquiler_coberturas` (
  `id` int(11) NOT NULL AUTO_INCREMENT,
  `id_producto` int(11) NOT NULL,
  `data` longtext CHARACTER SET utf8 COLLATE utf8_unicode_ci COMMENT 'Se debe usar la misma estructura de datos que en las coberturas de alquiler de la tabla productos_coberturas_default',
  PRIMARY KEY (`id`),
  KEY `idx_1` (`id_producto`)
) ENGINE=InnoDB  DEFAULT CHARSET=utf8 COMMENT='Coberturas personalizadas para la correduria' AUTO_INCREMENT=5 ;

--
-- Volcado de datos para la tabla `alquiler_coberturas`
--

INSERT INTO `alquiler_coberturas` (`id`, `id_producto`, `data`) VALUES
(4, 2, '{"coberturas": {\r\n	"items":[\r\n		{"titulo":"Coberturas incluidas","descripcion":"3000€ por actos vandálicos, 12 meses de indemnización, y asistencia jurídica."},\r\n		{"titulo":"Otras opciones","descripcion":"15 y 18 meses de indemnización y de 1500€ a 4500€ por actos vandálicos. Consultar con un asesor para estas opciones."}\r\n	]\r\n}}');

-- --------------------------------------------------------

--
-- Estructura de tabla para la tabla `alquiler_descuentos_recargos`
--

CREATE TABLE IF NOT EXISTS `alquiler_descuentos_recargos` (
  `id` int(11) NOT NULL AUTO_INCREMENT,
  `id_producto_alquiler` int(11) NOT NULL,
  `id_tipo_operacion` int(11) NOT NULL COMMENT 'descuento o recargo',
  `id_forma_pago` int(11) DEFAULT NULL COMMENT 'NULL = todas las formas de pago. mensual, trimestral,semestral,anual',
  `id_tipo_local` int(11) NOT NULL,
  `id_tipo_valor` int(11) NOT NULL COMMENT 'porcentaje o cantidad fija',
  `valor` float NOT NULL,
  `orden` int(11) NOT NULL DEFAULT '0' COMMENT 'orden de aplicacion del descuento o recargo',
  `activo` tinyint(1) NOT NULL DEFAULT '1',
  PRIMARY KEY (`id`),
  KEY `idx_drs_1` (`id_producto_alquiler`),
  KEY `idx_drs_2` (`id_tipo_operacion`),
  KEY `idx_drs_4` (`id_tipo_valor`),
  KEY `idx_drs_3` (`id_forma_pago`),
  KEY `id_tipo_local` (`id_tipo_local`)
) ENGINE=InnoDB  DEFAULT CHARSET=utf8 AUTO_INCREMENT=6 ;

--
-- Volcado de datos para la tabla `alquiler_descuentos_recargos`
--

INSERT INTO `alquiler_descuentos_recargos` (`id`, `id_producto_alquiler`, `id_tipo_operacion`, `id_forma_pago`, `id_tipo_local`, `id_tipo_valor`, `valor`, `orden`, `activo`) VALUES
(2, 2, 2, NULL, 1, 2, 1, 0, 1),
(3, 2, 2, NULL, 2, 2, 2.34, 0, 1),
(4, 6, 2, NULL, 1, 1, 6.15, 0, 1),
(5, 8, 2, NULL, 1, 1, 6.15, 0, 1);

-- --------------------------------------------------------

--
-- Estructura de tabla para la tabla `alquiler_factor_de_calculo`
--

CREATE TABLE IF NOT EXISTS `alquiler_factor_de_calculo` (
  `id` int(11) NOT NULL AUTO_INCREMENT,
  `id_producto` int(11) NOT NULL,
  `id_tipo_local` int(11) NOT NULL,
  `6meses` float DEFAULT NULL,
  `9meses` float DEFAULT NULL,
  `12meses` float DEFAULT NULL,
  `18meses` float DEFAULT NULL,
  PRIMARY KEY (`id`),
  KEY `idx_afdc_1` (`id_producto`),
  KEY `id_tipo_local` (`id_tipo_local`)
) ENGINE=InnoDB  DEFAULT CHARSET=utf8 AUTO_INCREMENT=13 ;

--
-- Volcado de datos para la tabla `alquiler_factor_de_calculo`
--

INSERT INTO `alquiler_factor_de_calculo` (`id`, `id_producto`, `id_tipo_local`, `6meses`, `9meses`, `12meses`, `18meses`) VALUES
(1, 1, 1, NULL, NULL, 2.5, NULL),
(4, 2, 1, 2.3, 3, 3.6, 3.8),
(6, 4, 1, NULL, NULL, 4.5, NULL),
(7, 5, 1, NULL, NULL, 4, NULL),
(8, 2, 2, 4.5, NULL, 6.95, NULL),
(10, 6, 1, 2.96, 4.15, 5.58, NULL),
(11, 7, 1, NULL, NULL, 4, NULL),
(12, 8, 1, 2.96, 4.15, 5.58, NULL);

-- --------------------------------------------------------

--
-- Estructura de tabla para la tabla `alquiler_producto_companyia_seguros_correduria`
--

CREATE TABLE IF NOT EXISTS `alquiler_producto_companyia_seguros_correduria` (
  `id` int(11) NOT NULL AUTO_INCREMENT,
  `id_correduria` int(11) NOT NULL,
  `id_producto` int(11) NOT NULL,
  `activo` tinyint(1) DEFAULT '0',
  PRIMARY KEY (`id`),
  KEY `idx_apcsc` (`id_correduria`),
  KEY `idx_apcsc_2` (`id_producto`)
) ENGINE=InnoDB  DEFAULT CHARSET=utf8 AUTO_INCREMENT=9 ;

--
-- Volcado de datos para la tabla `alquiler_producto_companyia_seguros_correduria`
--

INSERT INTO `alquiler_producto_companyia_seguros_correduria` (`id`, `id_correduria`, `id_producto`, `activo`) VALUES
(1, 9, 15, 1),
(2, 1, 16, 1),
(4, 9, 16, 1),
(5, 9, 47, 1),
(6, 1, 76, 1),
(7, 11, 47, 1),
(8, 11, 76, 1);

-- --------------------------------------------------------

--
-- Estructura de tabla para la tabla `alquiler_tipo_local`
--

CREATE TABLE IF NOT EXISTS `alquiler_tipo_local` (
  `id` int(11) NOT NULL AUTO_INCREMENT,
  `codigo` varchar(5) NOT NULL,
  `nombre` varchar(30) NOT NULL,
  PRIMARY KEY (`id`)
) ENGINE=InnoDB  DEFAULT CHARSET=utf8 AUTO_INCREMENT=3 ;

--
-- Volcado de datos para la tabla `alquiler_tipo_local`
--

INSERT INTO `alquiler_tipo_local` (`id`, `codigo`, `nombre`) VALUES
(0, 'NODEF', 'No especificado'),
(1, 'VIV', 'Vivienda'),
(2, 'COM', 'Local comercial');

-- --------------------------------------------------------

--
-- Estructura de tabla para la tabla `ci_sessions`
--

CREATE TABLE IF NOT EXISTS `ci_sessions` (
  `id` varchar(40) NOT NULL,
  `ip_address` varchar(45) NOT NULL,
  `timestamp` int(10) unsigned NOT NULL DEFAULT '0',
  `data` blob NOT NULL,
  PRIMARY KEY (`id`),
  KEY `ci_sessions_timestamp` (`timestamp`)
) ENGINE=InnoDB DEFAULT CHARSET=utf8;

--
-- Volcado de datos para la tabla `ci_sessions`
--

INSERT INTO `ci_sessions` (`id`, `ip_address`, `timestamp`, `data`) VALUES
('01294bee59ca70ee83295ba3ca802fb6d69f7843', '83.52.224.80', 1496393359, 0x5f5f63695f6c6173745f726567656e65726174657c693a313439363339333335393b6964656e746974797c733a31363a22656d696c696f407265646573732e6573223b656d61696c7c733a31363a22656d696c696f407265646573732e6573223b757365725f69647c733a313a2233223b6f6c645f6c6173745f6c6f67696e7c733a31303a2231343936333235313434223b636f6c61626f7261646f7265737c4e3b6e756d65726f5f636f6c61626f7261646f7265737c693a303b72616d6f7341727261797c613a373a7b733a333a22564944223b623a313b733a333a2253414c223b623a313b733a333a22444353223b623a313b733a333a22484f47223b623a313b733a333a22414c51223b623a313b733a333a2246524d223b623a313b733a333a22455350223b623a313b7d636f6c61626f7261646f725f73656c656363696f6e61646f7c733a303a22223b),
('0c8fff4c901160ecc2cc681cae49f247e471ac85', '66.249.64.222', 1496394904, 0x5f5f63695f6c6173745f726567656e65726174657c693a313439363339343930343b),
('1210cb217b0860ae735b29fa1b417364c6e6eae5', '46.27.217.90', 1496396913, 0x5f5f63695f6c6173745f726567656e65726174657c693a313439363339363931333b6964656e746974797c733a31383a226a6573757340677275706f7461742e636f6d223b656d61696c7c733a31383a226a6573757340677275706f7461742e636f6d223b757365725f69647c733a323a223230223b6f6c645f6c6173745f6c6f67696e7c733a31303a2231343936323438313431223b636f6c61626f7261646f7265737c613a303a7b7d6e756d65726f5f636f6c61626f7261646f7265737c693a303b72616d6f7341727261797c613a373a7b733a333a22564944223b623a303b733a333a2253414c223b623a303b733a333a22444353223b623a303b733a333a22484f47223b623a303b733a333a22414c51223b623a313b733a333a2246524d223b623a303b733a333a22455350223b623a303b7d636f6c61626f7261646f725f73656c656363696f6e61646f7c733a303a22223b),
('16d72702880b85a05f04b02769a1f7d3075c162d', '83.52.224.80', 1496394062, 0x5f5f63695f6c6173745f726567656e65726174657c693a313439363339343036323b6964656e746974797c733a31373a22707275656261407072756562612e636f6d223b656d61696c7c733a31373a22707275656261407072756562612e636f6d223b757365725f69647c733a323a223233223b6f6c645f6c6173745f6c6f67696e7c733a31303a2231343936333036343032223b636f6c61626f7261646f7265737c613a303a7b7d6e756d65726f5f636f6c61626f7261646f7265737c693a303b72616d6f7341727261797c613a373a7b733a333a22564944223b623a303b733a333a2253414c223b623a303b733a333a22444353223b623a303b733a333a22484f47223b623a303b733a333a22414c51223b623a313b733a333a2246524d223b623a303b733a333a22455350223b623a303b7d636f6c61626f7261646f725f73656c656363696f6e61646f7c733a303a22223b),
('1a0602b5aa0ae64c7cfe0845a3cbae33082dedb8', '217.13.93.42', 1496396961, 0x5f5f63695f6c6173745f726567656e65726174657c693a313439363339363936313b),
('24d737f670d5b1f72a228646c6dfdd48a12191ab', '83.52.224.80', 1496397615, 0x5f5f63695f6c6173745f726567656e65726174657c693a313439363339373631353b6964656e746974797c733a31373a22707275656261407072756562612e636f6d223b656d61696c7c733a31373a22707275656261407072756562612e636f6d223b757365725f69647c733a323a223233223b6f6c645f6c6173745f6c6f67696e7c733a31303a2231343936333036343032223b636f6c61626f7261646f7265737c613a303a7b7d6e756d65726f5f636f6c61626f7261646f7265737c693a303b72616d6f7341727261797c613a373a7b733a333a22564944223b623a303b733a333a2253414c223b623a303b733a333a22444353223b623a303b733a333a22484f47223b623a303b733a333a22414c51223b623a313b733a333a2246524d223b623a303b733a333a22455350223b623a303b7d636f6c61626f7261646f725f73656c656363696f6e61646f7c733a303a22223b),
('2596d41ec739928919c292e74ed7863b7276116b', '217.13.93.42', 1496395138, 0x5f5f63695f6c6173745f726567656e65726174657c693a313439363339353133373b),
('25cba5ebd58cac396418aa6b35483e7e0ebb0e53', '83.52.224.80', 1496397074, 0x5f5f63695f6c6173745f726567656e65726174657c693a313439363339373037343b6964656e746974797c733a31373a22707275656261407072756562612e636f6d223b656d61696c7c733a31373a22707275656261407072756562612e636f6d223b757365725f69647c733a323a223233223b6f6c645f6c6173745f6c6f67696e7c733a31303a2231343936333036343032223b636f6c61626f7261646f7265737c613a303a7b7d6e756d65726f5f636f6c61626f7261646f7265737c693a303b72616d6f7341727261797c613a373a7b733a333a22564944223b623a303b733a333a2253414c223b623a303b733a333a22444353223b623a303b733a333a22484f47223b623a303b733a333a22414c51223b623a313b733a333a2246524d223b623a303b733a333a22455350223b623a303b7d636f6c61626f7261646f725f73656c656363696f6e61646f7c733a303a22223b),
('2a01d5a1efeddf12e9e91faae7c6c3e97c831113', '217.13.93.42', 1496395153, 0x5f5f63695f6c6173745f726567656e65726174657c693a313439363339353135333b),
('37cd67e1a70c4b8d5b7abb2a7a330438fe028a8b', '83.52.224.80', 1496393354, 0x5f5f63695f6c6173745f726567656e65726174657c693a313439363339333335343b6964656e746974797c733a31373a22707275656261407072756562612e636f6d223b656d61696c7c733a31373a22707275656261407072756562612e636f6d223b757365725f69647c733a323a223233223b6f6c645f6c6173745f6c6f67696e7c733a31303a2231343936333036343032223b636f6c61626f7261646f7265737c613a303a7b7d6e756d65726f5f636f6c61626f7261646f7265737c693a303b72616d6f7341727261797c613a373a7b733a333a22564944223b623a303b733a333a2253414c223b623a303b733a333a22444353223b623a303b733a333a22484f47223b623a303b733a333a22414c51223b623a313b733a333a2246524d223b623a303b733a333a22455350223b623a303b7d636f6c61626f7261646f725f73656c656363696f6e61646f7c733a303a22223b),
('45bbe5977c75e3031020bcfcd5489510b378c641', '217.160.128.244', 1496394921, 0x5f5f63695f6c6173745f726567656e65726174657c693a313439363339343932313b),
('488b95bf14ac85c0e3e3fdeb3ee223735b8b56f5', '83.52.224.80', 1496394074, 0x5f5f63695f6c6173745f726567656e65726174657c693a313439363339343037343b6964656e746974797c733a31363a22656d696c696f407265646573732e6573223b656d61696c7c733a31363a22656d696c696f407265646573732e6573223b757365725f69647c733a313a2233223b6f6c645f6c6173745f6c6f67696e7c733a31303a2231343936333235313434223b636f6c61626f7261646f7265737c4e3b6e756d65726f5f636f6c61626f7261646f7265737c693a303b72616d6f7341727261797c613a373a7b733a333a22564944223b623a313b733a333a2253414c223b623a313b733a333a22444353223b623a313b733a333a22484f47223b623a313b733a333a22414c51223b623a313b733a333a2246524d223b623a313b733a333a22455350223b623a313b7d636f6c61626f7261646f725f73656c656363696f6e61646f7c733a303a22223b),
('495bfa01bdea0aa18effe2fa46bb5d13dfda94bd', '83.52.224.80', 1496396114, 0x5f5f63695f6c6173745f726567656e65726174657c693a313439363339363131343b6964656e746974797c733a31373a22707275656261407072756562612e636f6d223b656d61696c7c733a31373a22707275656261407072756562612e636f6d223b757365725f69647c733a323a223233223b6f6c645f6c6173745f6c6f67696e7c733a31303a2231343936333036343032223b636f6c61626f7261646f7265737c613a303a7b7d6e756d65726f5f636f6c61626f7261646f7265737c693a303b72616d6f7341727261797c613a373a7b733a333a22564944223b623a303b733a333a2253414c223b623a303b733a333a22444353223b623a303b733a333a22484f47223b623a303b733a333a22414c51223b623a313b733a333a2246524d223b623a303b733a333a22455350223b623a303b7d636f6c61626f7261646f725f73656c656363696f6e61646f7c733a303a22223b),
('539d1726502f9bfe0c78888f8a7fa706c2042e42', '83.52.224.80', 1496395773, 0x5f5f63695f6c6173745f726567656e65726174657c693a313439363339353737333b6964656e746974797c733a31373a22707275656261407072756562612e636f6d223b656d61696c7c733a31373a22707275656261407072756562612e636f6d223b757365725f69647c733a323a223233223b6f6c645f6c6173745f6c6f67696e7c733a31303a2231343936333036343032223b636f6c61626f7261646f7265737c613a303a7b7d6e756d65726f5f636f6c61626f7261646f7265737c693a303b72616d6f7341727261797c613a373a7b733a333a22564944223b623a303b733a333a2253414c223b623a303b733a333a22444353223b623a303b733a333a22484f47223b623a303b733a333a22414c51223b623a313b733a333a2246524d223b623a303b733a333a22455350223b623a303b7d636f6c61626f7261646f725f73656c656363696f6e61646f7c733a303a22223b),
('5761aeb09b3415b82ef81b1d74c9a926cbc80ff9', '83.52.224.80', 1496394951, 0x5f5f63695f6c6173745f726567656e65726174657c693a313439363339343935313b6964656e746974797c733a31373a22707275656261407072756562612e636f6d223b656d61696c7c733a31373a22707275656261407072756562612e636f6d223b757365725f69647c733a323a223233223b6f6c645f6c6173745f6c6f67696e7c733a31303a2231343936333036343032223b636f6c61626f7261646f7265737c613a303a7b7d6e756d65726f5f636f6c61626f7261646f7265737c693a303b72616d6f7341727261797c613a373a7b733a333a22564944223b623a303b733a333a2253414c223b623a303b733a333a22444353223b623a303b733a333a22484f47223b623a303b733a333a22414c51223b623a313b733a333a2246524d223b623a303b733a333a22455350223b623a303b7d636f6c61626f7261646f725f73656c656363696f6e61646f7c733a303a22223b),
('58638e59b2a8065a265bab8fde93d4fedf07cda5', '217.13.93.42', 1496395128, 0x5f5f63695f6c6173745f726567656e65726174657c693a313439363339353132383b),
('5d2131715526df73d7df9f95cb8e41ebe340613d', '83.52.224.80', 1496395259, 0x5f5f63695f6c6173745f726567656e65726174657c693a313439363339353235393b6964656e746974797c733a31373a22707275656261407072756562612e636f6d223b656d61696c7c733a31373a22707275656261407072756562612e636f6d223b757365725f69647c733a323a223233223b6f6c645f6c6173745f6c6f67696e7c733a31303a2231343936333036343032223b636f6c61626f7261646f7265737c613a303a7b7d6e756d65726f5f636f6c61626f7261646f7265737c693a303b72616d6f7341727261797c613a373a7b733a333a22564944223b623a303b733a333a2253414c223b623a303b733a333a22444353223b623a303b733a333a22484f47223b623a303b733a333a22414c51223b623a313b733a333a2246524d223b623a303b733a333a22455350223b623a303b7d636f6c61626f7261646f725f73656c656363696f6e61646f7c733a303a22223b),
('5e0554b5f36a3a23d9e4789c8061672084043c93', '2.139.150.253', 1496400080, 0x5f5f63695f6c6173745f726567656e65726174657c693a313439363430303037393b6964656e746974797c733a32333a22636f6e63657063696f6e40677275706f7461742e636f6d223b656d61696c7c733a32333a22636f6e63657063696f6e40677275706f7461742e636f6d223b757365725f69647c733a323a223232223b6f6c645f6c6173745f6c6f67696e7c733a31303a2231343936333331373938223b636f6c61626f7261646f7265737c613a303a7b7d6e756d65726f5f636f6c61626f7261646f7265737c693a303b72616d6f7341727261797c613a373a7b733a333a22564944223b623a303b733a333a2253414c223b623a303b733a333a22444353223b623a303b733a333a22484f47223b623a303b733a333a22414c51223b623a313b733a333a2246524d223b623a303b733a333a22455350223b623a303b7d636f6c61626f7261646f725f73656c656363696f6e61646f7c733a303a22223b),
('5e0af5841d0f4d505943580968cce82ca11f36f3', '217.13.93.44', 1496400080, 0x5f5f63695f6c6173745f726567656e65726174657c693a313439363430303038303b),
('653eb7eb4b6c9e01d5ea489e5a320d97b269f2c3', '217.13.93.42', 1496397127, 0x5f5f63695f6c6173745f726567656e65726174657c693a313439363339373132373b),
('6fc82c3283d32dcf8d24f4e7480091c7b465aa5f', '217.160.128.244', 1496401882, 0x5f5f63695f6c6173745f726567656e65726174657c693a313439363430313838303b),
('864da2df94e0cc3d6433cc0a4982a1a42a3ae16c', '217.13.93.42', 1496395093, 0x5f5f63695f6c6173745f726567656e65726174657c693a313439363339353039333b),
('892eb44ba9f0d1b38f4f85e447b3a330aa59b7e7', '83.52.224.80', 1496395789, 0x5f5f63695f6c6173745f726567656e65726174657c693a313439363339353738393b6964656e746974797c733a31363a22656d696c696f407265646573732e6573223b656d61696c7c733a31363a22656d696c696f407265646573732e6573223b757365725f69647c733a313a2233223b6f6c645f6c6173745f6c6f67696e7c733a31303a2231343936333235313434223b636f6c61626f7261646f7265737c4e3b6e756d65726f5f636f6c61626f7261646f7265737c693a303b72616d6f7341727261797c613a373a7b733a333a22564944223b623a313b733a333a2253414c223b623a313b733a333a22444353223b623a313b733a333a22484f47223b623a313b733a333a22414c51223b623a313b733a333a2246524d223b623a313b733a333a22455350223b623a313b7d636f6c61626f7261646f725f73656c656363696f6e61646f7c733a303a22223b),
('8ad243957a76939057f230cd58b22cdfa74cef39', '83.52.224.80', 1496393660, 0x5f5f63695f6c6173745f726567656e65726174657c693a313439363339333636303b6964656e746974797c733a31363a22656d696c696f407265646573732e6573223b656d61696c7c733a31363a22656d696c696f407265646573732e6573223b757365725f69647c733a313a2233223b6f6c645f6c6173745f6c6f67696e7c733a31303a2231343936333235313434223b636f6c61626f7261646f7265737c4e3b6e756d65726f5f636f6c61626f7261646f7265737c693a303b72616d6f7341727261797c613a373a7b733a333a22564944223b623a313b733a333a2253414c223b623a313b733a333a22444353223b623a313b733a333a22484f47223b623a313b733a333a22414c51223b623a313b733a333a2246524d223b623a313b733a333a22455350223b623a313b7d636f6c61626f7261646f725f73656c656363696f6e61646f7c733a303a22223b),
('a4f5f3e812cdab55e737585aea577482243df036', '83.52.224.80', 1496396110, 0x5f5f63695f6c6173745f726567656e65726174657c693a313439363339363131303b6964656e746974797c733a31363a22656d696c696f407265646573732e6573223b656d61696c7c733a31363a22656d696c696f407265646573732e6573223b757365725f69647c733a313a2233223b6f6c645f6c6173745f6c6f67696e7c733a31303a2231343936333235313434223b636f6c61626f7261646f7265737c4e3b6e756d65726f5f636f6c61626f7261646f7265737c693a303b72616d6f7341727261797c613a373a7b733a333a22564944223b623a313b733a333a2253414c223b623a313b733a333a22444353223b623a313b733a333a22484f47223b623a313b733a333a22414c51223b623a313b733a333a2246524d223b623a313b733a333a22455350223b623a313b7d636f6c61626f7261646f725f73656c656363696f6e61646f7c733a303a22223b),
('b8cffb3a833acc7097ca5ede8bf1e41f96dab05a', '46.27.217.90', 1496397230, 0x5f5f63695f6c6173745f726567656e65726174657c693a313439363339373233303b6964656e746974797c733a31383a226a6573757340677275706f7461742e636f6d223b656d61696c7c733a31383a226a6573757340677275706f7461742e636f6d223b757365725f69647c733a323a223230223b6f6c645f6c6173745f6c6f67696e7c733a31303a2231343936323438313431223b636f6c61626f7261646f7265737c613a303a7b7d6e756d65726f5f636f6c61626f7261646f7265737c693a303b72616d6f7341727261797c613a373a7b733a333a22564944223b623a303b733a333a2253414c223b623a303b733a333a22444353223b623a303b733a333a22484f47223b623a303b733a333a22414c51223b623a313b733a333a2246524d223b623a303b733a333a22455350223b623a303b7d636f6c61626f7261646f725f73656c656363696f6e61646f7c733a303a22223b),
('be525fa88eaeed37db37d664d04ca833eddc25d1', '217.160.128.244', 1496401882, 0x5f5f63695f6c6173745f726567656e65726174657c693a313439363430313838323b),
('c2d090944b0b019a1a05d33ff19125da3ad505a3', '83.52.224.80', 1496396437, 0x5f5f63695f6c6173745f726567656e65726174657c693a313439363339363433373b6964656e746974797c733a31373a22707275656261407072756562612e636f6d223b656d61696c7c733a31373a22707275656261407072756562612e636f6d223b757365725f69647c733a323a223233223b6f6c645f6c6173745f6c6f67696e7c733a31303a2231343936333036343032223b636f6c61626f7261646f7265737c613a303a7b7d6e756d65726f5f636f6c61626f7261646f7265737c693a303b72616d6f7341727261797c613a373a7b733a333a22564944223b623a303b733a333a2253414c223b623a303b733a333a22444353223b623a303b733a333a22484f47223b623a303b733a333a22414c51223b623a313b733a333a2246524d223b623a303b733a333a22455350223b623a303b7d636f6c61626f7261646f725f73656c656363696f6e61646f7c733a303a22223b),
('c415bfc0b3e6f10369f4fe5ddd758135f4893f96', '46.27.217.90', 1496401670, 0x5f5f63695f6c6173745f726567656e65726174657c693a313439363430313635383b6964656e746974797c733a32333a22636f6e63657063696f6e40677275706f7461742e636f6d223b656d61696c7c733a32333a22636f6e63657063696f6e40677275706f7461742e636f6d223b757365725f69647c733a323a223232223b6f6c645f6c6173745f6c6f67696e7c733a31303a2231343936333938303130223b636f6c61626f7261646f7265737c613a303a7b7d6e756d65726f5f636f6c61626f7261646f7265737c693a303b72616d6f7341727261797c613a373a7b733a333a22564944223b623a303b733a333a2253414c223b623a303b733a333a22444353223b623a303b733a333a22484f47223b623a303b733a333a22414c51223b623a313b733a333a2246524d223b623a303b733a333a22455350223b623a303b7d636f6c61626f7261646f725f73656c656363696f6e61646f7c733a303a22223b6d6573736167657c733a33343a223c703e53657369c3b36e20696e69636961646120636f6e20c3a97869746f3c2f703e223b5f5f63695f766172737c613a313a7b733a373a226d657373616765223b733a333a226f6c64223b7d),
('c66468b3d43ffb0aa535b32af5a533aaaebce6e0', '83.52.224.80', 1496396739, 0x5f5f63695f6c6173745f726567656e65726174657c693a313439363339363733393b6964656e746974797c733a31373a22707275656261407072756562612e636f6d223b656d61696c7c733a31373a22707275656261407072756562612e636f6d223b757365725f69647c733a323a223233223b6f6c645f6c6173745f6c6f67696e7c733a31303a2231343936333036343032223b636f6c61626f7261646f7265737c613a303a7b7d6e756d65726f5f636f6c61626f7261646f7265737c693a303b72616d6f7341727261797c613a373a7b733a333a22564944223b623a303b733a333a2253414c223b623a303b733a333a22444353223b623a303b733a333a22484f47223b623a303b733a333a22414c51223b623a313b733a333a2246524d223b623a303b733a333a22455350223b623a303b7d636f6c61626f7261646f725f73656c656363696f6e61646f7c733a303a22223b),
('c907ac28294920a029b03f0baa45f6bbe06f17c2', '46.27.217.90', 1496396614, 0x5f5f63695f6c6173745f726567656e65726174657c693a313439363339363630343b6964656e746974797c733a31383a226a6573757340677275706f7461742e636f6d223b656d61696c7c733a31383a226a6573757340677275706f7461742e636f6d223b757365725f69647c733a323a223230223b6f6c645f6c6173745f6c6f67696e7c733a31303a2231343936323438313431223b636f6c61626f7261646f7265737c613a303a7b7d6e756d65726f5f636f6c61626f7261646f7265737c693a303b72616d6f7341727261797c613a373a7b733a333a22564944223b623a303b733a333a2253414c223b623a303b733a333a22444353223b623a303b733a333a22484f47223b623a303b733a333a22414c51223b623a313b733a333a2246524d223b623a303b733a333a22455350223b623a303b7d636f6c61626f7261646f725f73656c656363696f6e61646f7c733a303a22223b),
('cd7087dcc6263ee33c5df005b36bc6318bcf0b18', '217.13.93.42', 1496395079, 0x5f5f63695f6c6173745f726567656e65726174657c693a313439363339353037393b),
('d058cf52e8d27212496333cd829cb22562255249', '46.27.217.90', 1496398015, 0x5f5f63695f6c6173745f726567656e65726174657c693a313439363339373939343b6964656e746974797c733a32333a22636f6e63657063696f6e40677275706f7461742e636f6d223b656d61696c7c733a32333a22636f6e63657063696f6e40677275706f7461742e636f6d223b757365725f69647c733a323a223232223b6f6c645f6c6173745f6c6f67696e7c733a31303a2231343936333331373938223b636f6c61626f7261646f7265737c613a303a7b7d6e756d65726f5f636f6c61626f7261646f7265737c693a303b72616d6f7341727261797c613a373a7b733a333a22564944223b623a303b733a333a2253414c223b623a303b733a333a22444353223b623a303b733a333a22484f47223b623a303b733a333a22414c51223b623a313b733a333a2246524d223b623a303b733a333a22455350223b623a303b7d636f6c61626f7261646f725f73656c656363696f6e61646f7c733a303a22223b),
('d40799bcb7d074553354077f4a676c100d26c7a1', '217.13.93.42', 1496396666, 0x5f5f63695f6c6173745f726567656e65726174657c693a313439363339363636353b),
('d7ce8ae63f887be18368fc4a891784a4af2907f7', '217.13.93.44', 1496397230, 0x5f5f63695f6c6173745f726567656e65726174657c693a313439363339373233303b),
('dc8d37b8292b849189f5258d7684e0d8ac2e8113', '83.52.224.80', 1496397608, 0x5f5f63695f6c6173745f726567656e65726174657c693a313439363339373630383b6964656e746974797c733a31363a22656d696c696f407265646573732e6573223b656d61696c7c733a31363a22656d696c696f407265646573732e6573223b757365725f69647c733a313a2233223b6f6c645f6c6173745f6c6f67696e7c733a31303a2231343936333235313434223b636f6c61626f7261646f7265737c4e3b6e756d65726f5f636f6c61626f7261646f7265737c693a303b72616d6f7341727261797c613a373a7b733a333a22564944223b623a313b733a333a2253414c223b623a313b733a333a22444353223b623a313b733a333a22484f47223b623a313b733a333a22414c51223b623a313b733a333a2246524d223b623a313b733a333a22455350223b623a313b7d636f6c61626f7261646f725f73656c656363696f6e61646f7c733a303a22223b),
('e72ae7186fe46749e653d7abaab97737d54d2754', '46.27.217.90', 1496398709, 0x5f5f63695f6c6173745f726567656e65726174657c693a313439363339383730393b6964656e746974797c733a31383a226a6573757340677275706f7461742e636f6d223b656d61696c7c733a31383a226a6573757340677275706f7461742e636f6d223b757365725f69647c733a323a223230223b6f6c645f6c6173745f6c6f67696e7c733a31303a2231343936323438313431223b636f6c61626f7261646f7265737c613a303a7b7d6e756d65726f5f636f6c61626f7261646f7265737c693a303b72616d6f7341727261797c613a373a7b733a333a22564944223b623a303b733a333a2253414c223b623a303b733a333a22444353223b623a303b733a333a22484f47223b623a303b733a333a22414c51223b623a313b733a333a2246524d223b623a303b733a333a22455350223b623a303b7d636f6c61626f7261646f725f73656c656363696f6e61646f7c733a303a22223b),
('eb541737b25dca20d07c17e322df032ce48aace0', '217.13.93.42', 1496395079, 0x5f5f63695f6c6173745f726567656e65726174657c693a313439363339353037393b),
('f4d16b35ea40af8b2671d06872fb5af959da42e2', '217.160.128.244', 1496394920, 0x5f5f63695f6c6173745f726567656e65726174657c693a313439363339343932303b),
('f7c24442bd9807d90bbfd0c81b127cb558c7fd70', '46.27.217.90', 1496400515, 0x5f5f63695f6c6173745f726567656e65726174657c693a313439363430303531353b6964656e746974797c733a31383a226a6573757340677275706f7461742e636f6d223b656d61696c7c733a31383a226a6573757340677275706f7461742e636f6d223b757365725f69647c733a323a223230223b6f6c645f6c6173745f6c6f67696e7c733a31303a2231343936323438313431223b636f6c61626f7261646f7265737c613a303a7b7d6e756d65726f5f636f6c61626f7261646f7265737c693a303b72616d6f7341727261797c613a373a7b733a333a22564944223b623a303b733a333a2253414c223b623a303b733a333a22444353223b623a303b733a333a22484f47223b623a303b733a333a22414c51223b623a313b733a333a2246524d223b623a303b733a333a22455350223b623a303b7d636f6c61626f7261646f725f73656c656363696f6e61646f7c733a303a22223b);

-- --------------------------------------------------------

--
-- Estructura de tabla para la tabla `companyia_seguros`
--

CREATE TABLE IF NOT EXISTS `companyia_seguros` (
  `id` int(11) NOT NULL AUTO_INCREMENT,
  `nombre` varchar(50) NOT NULL,
  `logo` varchar(50) NOT NULL,
  `parent_id` int(11) DEFAULT NULL,
  PRIMARY KEY (`id`)
) ENGINE=InnoDB  DEFAULT CHARSET=utf8 AUTO_INCREMENT=17 ;

--
-- Volcado de datos para la tabla `companyia_seguros`
--

INSERT INTO `companyia_seguros` (`id`, `nombre`, `logo`, `parent_id`) VALUES
(1, 'Mapfre', 'mapfre.png', NULL),
(2, 'Generali', 'generali.png', NULL),
(3, 'DKV', 'dkv.png', NULL),
(4, 'Arag', 'arag.png', NULL),
(5, 'Caser', 'caser.png', NULL),
(6, 'Fiatc', 'fiatc.png', NULL),
(7, 'Adeslas', 'adeslas.png', NULL),
(8, 'Aegon', 'aegon.png', NULL),
(9, 'Asisa', 'asisa.png', NULL),
(10, 'Previsora general', 'previsora_general.png', NULL),
(11, 'Sanitas', 'sanitas.png', NULL),
(12, 'Europ Assistance', 'europ_assistance.png', NULL),
(13, 'Das', 'das.png', NULL),
(14, 'Allianz', 'allianz.png', NULL),
(15, 'Axa', 'axa.png', NULL),
(16, 'Helvetia', 'helvetia.png', NULL);

-- --------------------------------------------------------

--
-- Estructura de tabla para la tabla `contratante_tipo`
--

CREATE TABLE IF NOT EXISTS `contratante_tipo` (
  `id` int(11) NOT NULL AUTO_INCREMENT,
  `nombre` varchar(50) NOT NULL,
  PRIMARY KEY (`id`)
) ENGINE=InnoDB  DEFAULT CHARSET=utf8 AUTO_INCREMENT=5 ;

--
-- Volcado de datos para la tabla `contratante_tipo`
--

INSERT INTO `contratante_tipo` (`id`, `nombre`) VALUES
(1, 'Empresa'),
(2, 'Autónomo'),
(3, 'Autónomo con empleados'),
(4, 'Particular');

-- --------------------------------------------------------

--
-- Estructura de tabla para la tabla `correduria`
--

CREATE TABLE IF NOT EXISTS `correduria` (
  `id` int(11) NOT NULL AUTO_INCREMENT,
  `codigo` varchar(3) COLLATE utf8_unicode_ci NOT NULL,
  `nombre` varchar(255) COLLATE utf8_unicode_ci DEFAULT NULL,
  `logo` varchar(255) COLLATE utf8_unicode_ci DEFAULT NULL,
  `activo` tinyint(1) NOT NULL,
  `parent_id` int(11) DEFAULT NULL,
  PRIMARY KEY (`id`),
  KEY `IDX_F6AAF03B727ACA70` (`parent_id`)
) ENGINE=InnoDB  DEFAULT CHARSET=utf8 COLLATE=utf8_unicode_ci AUTO_INCREMENT=12 ;

--
-- Volcado de datos para la tabla `correduria`
--

INSERT INTO `correduria` (`id`, `codigo`, `nombre`, `logo`, `activo`, `parent_id`) VALUES
(1, 'STZ', 'Starazona', NULL, 1, NULL),
(2, 'CAR', 'Caralt i Conesa', NULL, 1, NULL),
(4, 'SGW', 'Seguroweb', NULL, 1, NULL),
(5, 'CNK', 'Canarisk', NULL, 1, NULL),
(6, 'RAN', 'Rankia', NULL, 1, 4),
(9, 'TAT', 'Grupo TAT', NULL, 1, NULL),
(10, 'CSB', 'Coseba', NULL, 1, NULL);

-- --------------------------------------------------------

--
-- Estructura de tabla para la tabla `decesos_capitales_provincia`
--

CREATE TABLE IF NOT EXISTS `decesos_capitales_provincia` (
  `id` int(11) NOT NULL AUTO_INCREMENT,
  `id_producto` int(11) NOT NULL,
  `id_provincia` int(11) NOT NULL,
  `valor_capital` float NOT NULL,
  PRIMARY KEY (`id`),
  KEY `id_producto` (`id_producto`,`id_provincia`),
  KEY `id_provincia` (`id_provincia`)
) ENGINE=InnoDB  DEFAULT CHARSET=utf8 AUTO_INCREMENT=53 ;

--
-- Volcado de datos para la tabla `decesos_capitales_provincia`
--

INSERT INTO `decesos_capitales_provincia` (`id`, `id_producto`, `id_provincia`, `valor_capital`) VALUES
(1, 75, 1, 3650),
(2, 75, 2, 3650),
(3, 75, 3, 3650),
(4, 75, 4, 3700),
(5, 75, 5, 3650),
(6, 75, 6, 3650),
(7, 75, 7, 3650),
(8, 75, 8, 3650),
(9, 75, 9, 3700),
(10, 75, 10, 3700),
(11, 75, 11, 3650),
(12, 75, 12, 3650),
(13, 75, 13, 3650),
(14, 75, 14, 3650),
(15, 75, 15, 3650),
(16, 75, 16, 3650),
(17, 75, 17, 3650),
(18, 75, 18, 3650),
(19, 75, 19, 3650),
(20, 75, 20, 3650),
(21, 75, 21, 3700),
(22, 75, 22, 3650),
(23, 75, 23, 3650),
(24, 75, 24, 3650),
(25, 75, 25, 3650),
(26, 75, 26, 3650),
(27, 75, 27, 3650),
(28, 75, 28, 3650),
(29, 75, 29, 3650),
(30, 75, 30, 3650),
(31, 75, 31, 3700),
(32, 75, 32, 3650),
(33, 75, 33, 3650),
(34, 75, 34, 3650),
(35, 75, 35, 3650),
(36, 75, 36, 3650),
(37, 75, 37, 3650),
(38, 75, 38, 3650),
(39, 75, 39, 3650),
(40, 75, 40, 3650),
(41, 75, 41, 3650),
(42, 75, 42, 3650),
(43, 75, 43, 3650),
(44, 75, 44, 3650),
(45, 75, 45, 3650),
(46, 75, 46, 3650),
(47, 75, 47, 3650),
(48, 75, 48, 3650),
(49, 75, 49, 3650),
(50, 75, 50, 3650),
(51, 75, 51, 3650),
(52, 75, 52, 3650);

-- --------------------------------------------------------

--
-- Estructura de tabla para la tabla `decesos_coberturas`
--

CREATE TABLE IF NOT EXISTS `decesos_coberturas` (
  `id` int(11) NOT NULL AUTO_INCREMENT,
  `id_producto` int(11) NOT NULL,
  `data` longtext CHARACTER SET utf8 COLLATE utf8_unicode_ci COMMENT 'Se debe usar la misma estructura de datos que en las coberturas de alquiler de la tabla productos_coberturas_default',
  PRIMARY KEY (`id`),
  KEY `idx_1` (`id_producto`)
) ENGINE=InnoDB DEFAULT CHARSET=utf8 COMMENT='Coberturas personalizadas para la correduria' AUTO_INCREMENT=1 ;

-- --------------------------------------------------------

--
-- Estructura de tabla para la tabla `decesos_descuentos_recargos`
--

CREATE TABLE IF NOT EXISTS `decesos_descuentos_recargos` (
  `id` int(11) NOT NULL AUTO_INCREMENT,
  `id_producto_decesos` int(11) NOT NULL,
  `id_tipo_operacion` int(11) NOT NULL COMMENT 'descuento o recargo',
  `id_forma_pago` int(11) DEFAULT NULL COMMENT 'NULL = todas las formas de pago. mensual, trimestral,semestral,anual',
  `id_tipo_valor` int(11) NOT NULL COMMENT 'porcentaje o cantidad fija',
  `id_rango_numero_personas` int(11) DEFAULT NULL COMMENT '6 = cualquier rango. (1-6)',
  `edad_minima` int(11) NOT NULL,
  `edad_maxima` int(11) NOT NULL,
  `valor` float NOT NULL,
  `orden` int(11) NOT NULL DEFAULT '0' COMMENT 'orden de aplicacion del descuento o recargo',
  `activo` tinyint(1) NOT NULL DEFAULT '1',
  PRIMARY KEY (`id`),
  KEY `idx_drs_1` (`id_producto_decesos`),
  KEY `idx_drs_2` (`id_tipo_operacion`),
  KEY `idx_drs_3` (`id_forma_pago`),
  KEY `idx_drs_4` (`id_tipo_valor`),
  KEY `idx_drs_5` (`id_rango_numero_personas`)
) ENGINE=InnoDB  DEFAULT CHARSET=utf8 AUTO_INCREMENT=6 ;

--
-- Volcado de datos para la tabla `decesos_descuentos_recargos`
--

INSERT INTO `decesos_descuentos_recargos` (`id`, `id_producto_decesos`, `id_tipo_operacion`, `id_forma_pago`, `id_tipo_valor`, `id_rango_numero_personas`, `edad_minima`, `edad_maxima`, `valor`, `orden`, `activo`) VALUES
(3, 1, 1, NULL, 1, 6, 0, 105, 15, 0, 1),
(4, 1, 2, NULL, 1, 6, 0, 105, 6.15, 0, 1),
(5, 1, 2, NULL, 2, 6, 0, 105, 20, 0, 1);

-- --------------------------------------------------------

--
-- Estructura de tabla para la tabla `decesos_productos_documentacion_correduria`
--

CREATE TABLE IF NOT EXISTS `decesos_productos_documentacion_correduria` (
  `id` int(11) NOT NULL AUTO_INCREMENT,
  `id_producto` int(11) NOT NULL,
  `data` longtext NOT NULL,
  PRIMARY KEY (`id`),
  KEY `id_producto` (`id_producto`)
) ENGINE=InnoDB DEFAULT CHARSET=utf8 AUTO_INCREMENT=1 ;

-- --------------------------------------------------------

--
-- Estructura de tabla para la tabla `decesos_producto_companyia_seguros_correduria`
--

CREATE TABLE IF NOT EXISTS `decesos_producto_companyia_seguros_correduria` (
  `id` int(11) NOT NULL AUTO_INCREMENT,
  `id_correduria` int(11) NOT NULL,
  `id_cia` int(11) NOT NULL,
  `id_producto` int(11) NOT NULL,
  `activo` tinyint(1) DEFAULT '0',
  PRIMARY KEY (`id`),
  KEY `idx_apcsc` (`id_correduria`),
  KEY `idx_apcsc_2` (`id_producto`),
  KEY `id_cia` (`id_cia`)
) ENGINE=InnoDB  DEFAULT CHARSET=utf8 AUTO_INCREMENT=2 ;

--
-- Volcado de datos para la tabla `decesos_producto_companyia_seguros_correduria`
--

INSERT INTO `decesos_producto_companyia_seguros_correduria` (`id`, `id_correduria`, `id_cia`, `id_producto`, `activo`) VALUES
(1, 11, 16, 75, 1);

-- --------------------------------------------------------

--
-- Estructura de tabla para la tabla `decesos_producto_companyia_seguros_tasas`
--

CREATE TABLE IF NOT EXISTS `decesos_producto_companyia_seguros_tasas` (
  `id` int(11) NOT NULL AUTO_INCREMENT,
  `id_producto` int(11) NOT NULL,
  `edad` tinyint(4) NOT NULL,
  `tasa` float NOT NULL,
  PRIMARY KEY (`id`),
  KEY `id_producto` (`id_producto`)
) ENGINE=InnoDB  DEFAULT CHARSET=utf8 AUTO_INCREMENT=106 ;

--
-- Volcado de datos para la tabla `decesos_producto_companyia_seguros_tasas`
--

INSERT INTO `decesos_producto_companyia_seguros_tasas` (`id`, `id_producto`, `edad`, `tasa`) VALUES
(1, 75, 0, 0.004269),
(2, 75, 1, 0.004269),
(3, 75, 2, 0.004073),
(4, 75, 3, 0.003897),
(5, 75, 4, 0.003754),
(6, 75, 5, 0.003649),
(7, 75, 6, 0.003581),
(8, 75, 7, 0.003544),
(9, 75, 8, 0.003529),
(10, 75, 9, 0.003531),
(11, 75, 10, 0.003557),
(12, 75, 11, 0.003604),
(13, 75, 12, 0.003683),
(14, 75, 13, 0.003799),
(15, 75, 14, 0.003955),
(16, 75, 15, 0.004148),
(17, 75, 16, 0.004358),
(18, 75, 17, 0.004559),
(19, 75, 18, 0.004588),
(20, 75, 19, 0.004623),
(21, 75, 20, 0.004654),
(22, 75, 21, 0.00468),
(23, 75, 22, 0.004705),
(24, 75, 23, 0.004728),
(25, 75, 24, 0.004754),
(26, 75, 25, 0.004776),
(27, 75, 26, 0.004748),
(28, 75, 27, 0.004721),
(29, 75, 28, 0.00469),
(30, 75, 29, 0.004656),
(31, 75, 30, 0.004623),
(32, 75, 31, 0.00464),
(33, 75, 32, 0.004679),
(34, 75, 33, 0.004754),
(35, 75, 34, 0.00489),
(36, 75, 35, 0.00508),
(37, 75, 36, 0.005312),
(38, 75, 37, 0.005569),
(39, 75, 38, 0.00584),
(40, 75, 39, 0.006152),
(41, 75, 40, 0.006499),
(42, 75, 41, 0.006896),
(43, 75, 42, 0.007341),
(44, 75, 43, 0.007818),
(45, 75, 44, 0.008318),
(46, 75, 45, 0.00885),
(47, 75, 46, 0.00943),
(48, 75, 47, 0.010088),
(49, 75, 48, 0.010814),
(50, 75, 49, 0.011639),
(51, 75, 50, 0.012557),
(52, 75, 51, 0.013578),
(53, 75, 52, 0.014634),
(54, 75, 53, 0.015695),
(55, 75, 54, 0.016771),
(56, 75, 55, 0.017901),
(57, 75, 56, 0.019091),
(58, 75, 57, 0.02034),
(59, 75, 58, 0.021569),
(60, 75, 59, 0.022727),
(61, 75, 60, 0.023837),
(62, 75, 61, 0.024951),
(63, 75, 62, 0.026093),
(64, 75, 63, 0.027318),
(65, 75, 64, 0.028716),
(66, 75, 65, 0.030374),
(67, 75, 66, 0.033214),
(68, 75, 67, 0.0366),
(69, 75, 68, 0.040634),
(70, 75, 69, 0.045397),
(71, 75, 70, 0.050967),
(72, 75, 71, 0.057466),
(73, 75, 72, 0.065062),
(74, 75, 73, 0.076042),
(75, 75, 74, 0.089452),
(76, 75, 75, 0.112882),
(77, 75, 76, 0.12225),
(78, 75, 77, 0.13256),
(79, 75, 78, 0.14384),
(80, 75, 79, 0.15611),
(81, 75, 80, 0.16931),
(82, 75, 81, 0.18381),
(83, 75, 82, 0.19973),
(84, 75, 83, 0.21717),
(85, 75, 84, 0.23623),
(86, 75, 85, 0.25701),
(87, 75, 86, 0.27956),
(88, 75, 87, 0.30391),
(89, 75, 88, 0.33001),
(90, 75, 89, 0.3578),
(91, 75, 90, 0.38714),
(92, 75, 91, 0.417913),
(93, 75, 92, 0.449961),
(94, 75, 93, 0.483167),
(95, 75, 94, 0.517434),
(96, 75, 95, 0.552694),
(97, 75, 96, 0.588906),
(98, 75, 97, 0.626075),
(99, 75, 98, 0.664349),
(100, 75, 99, 0.704256),
(101, 75, 100, 0.747336),
(102, 75, 101, 0.798005),
(103, 75, 102, 0.844636),
(104, 75, 103, 0.892967),
(105, 75, 104, 0.943015);

-- --------------------------------------------------------

--
-- Estructura de tabla para la tabla `descuentos_recargos`
--

CREATE TABLE IF NOT EXISTS `descuentos_recargos` (
  `id` int(11) NOT NULL AUTO_INCREMENT,
  `codigo` varchar(15) NOT NULL,
  `nombre` varchar(20) NOT NULL,
  PRIMARY KEY (`id`)
) ENGINE=InnoDB  DEFAULT CHARSET=utf8 AUTO_INCREMENT=3 ;

--
-- Volcado de datos para la tabla `descuentos_recargos`
--

INSERT INTO `descuentos_recargos` (`id`, `codigo`, `nombre`) VALUES
(1, 'DESC', 'Descuento'),
(2, 'RECAR', 'Recargo');

-- --------------------------------------------------------

--
-- Estructura de tabla para la tabla `especial_deportesRiesgo_duracion`
--

CREATE TABLE IF NOT EXISTS `especial_deportesRiesgo_duracion` (
  `id` int(11) NOT NULL AUTO_INCREMENT,
  `nombre` varchar(50) NOT NULL,
  `min_dias` int(11) NOT NULL,
  `max_dias` int(11) NOT NULL,
  `meses_adicionales` int(11) NOT NULL,
  PRIMARY KEY (`id`)
) ENGINE=InnoDB  DEFAULT CHARSET=utf8 AUTO_INCREMENT=18 ;

--
-- Volcado de datos para la tabla `especial_deportesRiesgo_duracion`
--

INSERT INTO `especial_deportesRiesgo_duracion` (`id`, `nombre`, `min_dias`, `max_dias`, `meses_adicionales`) VALUES
(1, 'Hasta 3 días', 1, 3, 0),
(2, 'Hasta 8 días', 4, 8, 0),
(3, 'Hasta 13 días', 9, 13, 0),
(4, 'Hasta 19 días', 14, 19, 0),
(5, 'Hasta 25 días', 20, 25, 0),
(6, 'Hasta 31 días', 26, 31, 0),
(7, 'Hasta 2 meses', 32, 62, 1),
(8, 'Hasta 3 meses', 63, 92, 2),
(9, 'Hasta 4 meses', 93, 122, 3),
(10, 'Hasta 5 meses', 123, 152, 4),
(11, 'Hasta 6 meses', 153, 182, 5),
(12, 'Hasta 7 meses', 183, 212, 6),
(13, 'Hasta 8 meses', 213, 242, 7),
(14, 'Hasta 9 meses', 243, 272, 8),
(15, 'Hasta 10 meses', 273, 302, 9),
(16, 'Hasta 11 meses', 303, 332, 10),
(17, 'Hasta 362 días', 333, 362, 11);

-- --------------------------------------------------------

--
-- Estructura de tabla para la tabla `especial_deportesRiesgo_residente`
--

CREATE TABLE IF NOT EXISTS `especial_deportesRiesgo_residente` (
  `id` int(11) NOT NULL AUTO_INCREMENT,
  `id_producto` int(11) NOT NULL,
  `id_zona` int(11) NOT NULL,
  `nombre` varchar(50) NOT NULL,
  `valor_mes_adicional` float NOT NULL,
  PRIMARY KEY (`id`),
  KEY `idx_edr_1` (`id_producto`)
) ENGINE=InnoDB  DEFAULT CHARSET=utf8 AUTO_INCREMENT=4 ;

--
-- Volcado de datos para la tabla `especial_deportesRiesgo_residente`
--

INSERT INTO `especial_deportesRiesgo_residente` (`id`, `id_producto`, `id_zona`, `nombre`, `valor_mes_adicional`) VALUES
(1, 45, 1, 'España', 24.22),
(2, 45, 2, 'Europa', 47.67),
(3, 45, 3, 'Mundo', 160.77);

-- --------------------------------------------------------

--
-- Estructura de tabla para la tabla `especial_deportesRiesgo_tasas`
--

CREATE TABLE IF NOT EXISTS `especial_deportesRiesgo_tasas` (
  `id` int(11) NOT NULL AUTO_INCREMENT,
  `id_producto` int(11) NOT NULL,
  `id_duracion` int(11) NOT NULL,
  `id_residente` int(11) NOT NULL,
  `valor` float NOT NULL,
  PRIMARY KEY (`id`),
  KEY `idx_edt_1` (`id_duracion`),
  KEY `idx_edt_2` (`id_residente`),
  KEY `idx_edt_3` (`id_producto`)
) ENGINE=InnoDB  DEFAULT CHARSET=utf8 AUTO_INCREMENT=19 ;

--
-- Volcado de datos para la tabla `especial_deportesRiesgo_tasas`
--

INSERT INTO `especial_deportesRiesgo_tasas` (`id`, `id_producto`, `id_duracion`, `id_residente`, `valor`) VALUES
(1, 45, 1, 1, 11.9),
(2, 45, 2, 1, 16.23),
(3, 45, 3, 1, 18.64),
(4, 45, 4, 1, 20.99),
(5, 45, 5, 1, 24),
(6, 45, 6, 1, 35.72),
(7, 45, 1, 2, 26.71),
(8, 45, 2, 2, 31.85),
(9, 45, 3, 2, 36.12),
(10, 45, 4, 2, 42.28),
(11, 45, 5, 2, 47.47),
(12, 45, 6, 2, 73.97),
(13, 45, 1, 3, 66.61),
(14, 45, 2, 3, 93.36),
(15, 45, 3, 3, 133.44),
(16, 45, 4, 3, 147),
(17, 45, 5, 3, 160.56),
(18, 45, 6, 3, 174);

-- --------------------------------------------------------

--
-- Estructura de tabla para la tabla `especial_producto_companyia_seguros_correduria`
--

CREATE TABLE IF NOT EXISTS `especial_producto_companyia_seguros_correduria` (
  `id` int(11) NOT NULL AUTO_INCREMENT,
  `id_correduria` int(11) NOT NULL,
  `id_producto` int(11) NOT NULL,
  `activo` tinyint(1) DEFAULT '0',
  PRIMARY KEY (`id`),
  KEY `idx_apcsc` (`id_correduria`),
  KEY `idx_apcsc_2` (`id_producto`)
) ENGINE=InnoDB  DEFAULT CHARSET=utf8 AUTO_INCREMENT=2 ;

--
-- Volcado de datos para la tabla `especial_producto_companyia_seguros_correduria`
--

INSERT INTO `especial_producto_companyia_seguros_correduria` (`id`, `id_correduria`, `id_producto`, `activo`) VALUES
(1, 5, 45, 1);

-- --------------------------------------------------------

--
-- Estructura de tabla para la tabla `forma_de_pago`
--

CREATE TABLE IF NOT EXISTS `forma_de_pago` (
  `id` int(11) NOT NULL AUTO_INCREMENT,
  `codigo` varchar(5) NOT NULL,
  `nombre` varchar(20) NOT NULL,
  `meses` int(11) DEFAULT NULL,
  PRIMARY KEY (`id`)
) ENGINE=InnoDB  DEFAULT CHARSET=utf8 AUTO_INCREMENT=7 ;

--
-- Volcado de datos para la tabla `forma_de_pago`
--

INSERT INTO `forma_de_pago` (`id`, `codigo`, `nombre`, `meses`) VALUES
(1, 'A', 'Anual', 12),
(2, 'S', 'Semestral', 6),
(3, 'T', 'Trimestral', 3),
(4, 'M', 'Mensual', 1),
(5, 'U', 'Pago único', NULL),
(6, 'AS', 'Anual + semestral', 18);

-- --------------------------------------------------------

--
-- Estructura de tabla para la tabla `fraccionamientos`
--

CREATE TABLE IF NOT EXISTS `fraccionamientos` (
  `id` int(11) NOT NULL AUTO_INCREMENT,
  `id_producto` int(11) NOT NULL,
  `mensual` float NOT NULL,
  `trimestral` float NOT NULL,
  `semestral` float NOT NULL,
  PRIMARY KEY (`id`),
  KEY `id_producto` (`id_producto`)
) ENGINE=InnoDB  DEFAULT CHARSET=utf8 AUTO_INCREMENT=2 ;

--
-- Volcado de datos para la tabla `fraccionamientos`
--

INSERT INTO `fraccionamientos` (`id`, `id_producto`, `mensual`, `trimestral`, `semestral`) VALUES
(1, 75, 6, 4, 2);

-- --------------------------------------------------------

--
-- Estructura de tabla para la tabla `groups`
--

CREATE TABLE IF NOT EXISTS `groups` (
  `id` mediumint(8) unsigned NOT NULL AUTO_INCREMENT,
  `name` varchar(20) NOT NULL,
  `description` varchar(100) NOT NULL,
  PRIMARY KEY (`id`)
) ENGINE=InnoDB  DEFAULT CHARSET=utf8 AUTO_INCREMENT=12 ;

--
-- Volcado de datos para la tabla `groups`
--

INSERT INTO `groups` (`id`, `name`, `description`) VALUES
(2, 'administradores', 'Administrador del sistema'),
(3, 'usuarios', 'Usuario general de correduría '),
(4, 'encargados', 'Encargado del manejo de la correduría '),
(5, 'TAT', 'Usuarios de la correduría Grupo TAT'),
(6, 'STZ', 'Usuarios de la correduría Starazona'),
(7, 'Caralt', 'Usuarios de la correduría Caralt i Conesa'),
(8, 'Canarisk', 'Usuarios de la correduría Canarisk'),
(9, 'Seguroweb', 'Usuarios de la correduría Seguroweb'),
(10, 'Coseba', 'Usuarios de la correduría Coseba'),
(11, 'Rankia', 'Usuarios del colaborador Rankia');

-- --------------------------------------------------------

--
-- Estructura de tabla para la tabla `groups_correduria`
--

CREATE TABLE IF NOT EXISTS `groups_correduria` (
  `id` int(11) NOT NULL AUTO_INCREMENT,
  `group_id` mediumint(8) unsigned NOT NULL,
  `correduria_id` int(11) NOT NULL,
  PRIMARY KEY (`id`),
  KEY `idx_gc_1` (`group_id`),
  KEY `idx_gc_2` (`correduria_id`)
) ENGINE=InnoDB  DEFAULT CHARSET=utf8 AUTO_INCREMENT=8 ;

--
-- Volcado de datos para la tabla `groups_correduria`
--

INSERT INTO `groups_correduria` (`id`, `group_id`, `correduria_id`) VALUES
(1, 5, 9),
(2, 6, 1),
(3, 7, 2),
(4, 8, 5),
(5, 9, 4),
(6, 10, 10),
(7, 11, 6);

-- --------------------------------------------------------

--
-- Estructura de tabla para la tabla `login_attempts`
--

CREATE TABLE IF NOT EXISTS `login_attempts` (
  `id` int(11) unsigned NOT NULL AUTO_INCREMENT,
  `ip_address` varchar(15) NOT NULL,
  `login` varchar(100) NOT NULL,
  `time` int(11) unsigned DEFAULT NULL,
  PRIMARY KEY (`id`)
) ENGINE=InnoDB  DEFAULT CHARSET=utf8 AUTO_INCREMENT=4 ;

-- --------------------------------------------------------

--
-- Estructura de tabla para la tabla `mensajes`
--

CREATE TABLE IF NOT EXISTS `mensajes` (
  `id` int(11) NOT NULL AUTO_INCREMENT,
  `tarificacion_id` int(11) DEFAULT NULL,
  `owner_id` int(11) unsigned NOT NULL,
  `mensaje_tipo_id` int(4) DEFAULT NULL,
  `fecha_creacion` datetime NOT NULL,
  `fecha_recordatorio` date DEFAULT NULL,
  `descripcion` varchar(255) COLLATE utf8_unicode_ci DEFAULT NULL,
  `intro` varchar(120) COLLATE utf8_unicode_ci DEFAULT NULL,
  `contenido` longtext COLLATE utf8_unicode_ci,
  `icon` varchar(100) COLLATE utf8_unicode_ci DEFAULT NULL,
  `color` varchar(10) COLLATE utf8_unicode_ci DEFAULT NULL,
  `hasBeenRead` tinyint(1) NOT NULL DEFAULT '0',
  PRIMARY KEY (`id`),
  KEY `IDX_1CAC12CA8864AF73` (`tarificacion_id`),
  KEY `IDX_1CAC12CA7E3C61F9` (`owner_id`),
  KEY `mensaje_tipo_id` (`mensaje_tipo_id`)
) ENGINE=InnoDB  DEFAULT CHARSET=utf8 COLLATE=utf8_unicode_ci AUTO_INCREMENT=134 ;

--
-- Volcado de datos para la tabla `mensajes`
--

INSERT INTO `mensajes` (`id`, `tarificacion_id`, `owner_id`, `mensaje_tipo_id`, `fecha_creacion`, `fecha_recordatorio`, `descripcion`, `intro`, `contenido`, `icon`, `color`, `hasBeenRead`) VALUES
(1, NULL, 3, 3, '2016-07-06 00:00:00', NULL, 'Nuevo tarificador', 'Inauguramos nuestra nueva versión del tarificador de REDESS.', 'Nos complace anunciar que hoy, tras un largo desarrollo, por fin inauguramos nuestra nueva versión del tarificador REDESS.\r\n\r\nEsta nueva versión funciona sobre PHP y mySQL para la base de datos, utilizando el framework codeigniter como esqueleto de la aplicación.\r\n\r\nPara las peticiones remotas al servidor, hemos montado un servidor RESTful.\r\n\r\nA partir de ahora, que lo más complicado ya está hecho, iremos gradualmente incorporando nuevas funcionalidades según creamos necesario.', 'fa-cogs', 'red', 0),
(3, NULL, 3, 3, '2016-07-07 00:00:00', NULL, 'Listados de tarificaciones', 'Ya están funcionando todas las vistas de tarificaciones.', 'Ya puedes acceder a las tablas con todas las tarificaciones hechas por los usuarios desde el formulario de tu página web.\r\n\r\nDesde estos listados, haciendo click en sus botones correspondientes, puedes acceder a una vista donde se muestra con más detalle todos los datos que disponemos de dicha tarificación.', 'fa-database', 'lblue', 0),
(4, NULL, 3, 3, '2016-07-08 00:00:00', NULL, 'Seguro de alquiler', 'Estrenamos tarificador de seguros de alquiler.', 'Hemos implementado el tarificador de seguros de protección de Alquiler al resto de ramos con los que ya trabajábamos ( vida, salud, decesos, etc..)', 'fa-home', 'green', 0),
(5, NULL, 3, 3, '2016-07-13 00:00:00', NULL, 'Tarificar desde el panel', 'Ya puedes tarificar desde el panel de gestión.', 'Se ha terminado de implementar el formulario desde el que puedes tarificar igual que si lo hicieras desde tu página web ( en caso de que necesites comprobar rápidamente unos precios o para ayudar a algún usuario a rellenar los datos).\r\n\r\nPodrás acceder a este formulario desde la opción de menú "nueva tarificación", y desde ahí, eligiendo el ramo de seguros del que necesites tarificar y tengas activado con nosotros.', 'fa-plus', 'blue', 0),
(6, NULL, 3, 3, '2016-07-15 00:00:00', NULL, 'Funcionalidad básica', 'Ya puedes tarificar desde el panel de gestión.', 'Hemos completado la primera fase de desarrollo del tarificador en la que ya estamos dando una funcionalidad básica a todos nuestros clientes.\r\n\r\nA partir de aquí, seguiremos trabajando para continuar implementando nuevas funcionalidades, ya sea de las que tenemos en cola de tareas, o bien a través de cualquier sugerencia que nos podáis hacer siempre que veamos que pueda ser interesante y hacernos la vida más fácil tanto a nosotros como a vosotros a la hora de trabajar con el tarificador.', 'fa-bullhorn', 'orange', 0),
(7, NULL, 3, 3, '2016-11-27 00:00:00', NULL, 'Seguro de salud', 'Ya está funcionando el tarificador de salud.', 'Se ha terminado la implementación del tarificador de salud.\r\nEsto significa que ya se puede crear una tarificación desde el panel de gestión igual que si se hiciera desde el cliente web (aunque en el caso de hacerlo desde el panel de gestión, la tarificación será asignada al usuario que la ha creado, con lo que facilita el seguimiento y control de tarificaciones).\r\n', 'fa-heartbeat', 'green', 0),
(42, 1437, 22, 2, '2017-05-19 12:02:57', NULL, NULL, NULL, 'Teléfono inexistente', NULL, NULL, 0),
(43, 1436, 22, 2, '2017-05-19 12:04:03', NULL, NULL, NULL, 'No coge el teléfono', NULL, NULL, 0),
(44, 1433, 22, 2, '2017-05-19 12:04:33', NULL, NULL, NULL, 'Teléfono inexistente', NULL, NULL, 0),
(45, 1435, 22, 2, '2017-05-19 12:06:17', NULL, NULL, NULL, 'Es el inquilino, va a hablar con el propietario y nos va a enviar documentación.', NULL, NULL, 0),
(46, 1432, 22, 2, '2017-05-19 12:06:51', NULL, NULL, NULL, 'Teléfono inexistente', NULL, NULL, 0),
(48, 1430, 22, 2, '2017-05-19 12:08:45', NULL, NULL, NULL, 'Solo estaba consultando precios de momento no sabe si alquilará el piso', NULL, NULL, 0),
(49, 1426, 22, 2, '2017-05-19 12:11:18', NULL, NULL, NULL, 'Va a comprar una vivienda para alquilar, le envío toda la informacion.', NULL, NULL, 0),
(50, 1424, 22, 2, '2017-05-19 12:11:31', NULL, NULL, NULL, 'Teléfono inexistente', NULL, NULL, 0),
(51, 1423, 22, 2, '2017-05-19 12:12:01', NULL, NULL, NULL, 'Le llamo y envío información, está buscando inquilinos.', NULL, NULL, 0),
(55, 1422, 22, 2, '2017-05-19 12:23:48', NULL, NULL, NULL, 'No contesta al teléfono', NULL, NULL, 0),
(56, 1419, 22, 2, '2017-05-19 12:24:19', NULL, NULL, NULL, 'Envío información', NULL, NULL, 0),
(57, 1418, 22, 2, '2017-05-19 12:24:46', NULL, NULL, NULL, 'No contesta al teléfono', NULL, NULL, 0),
(58, 1417, 22, 2, '2017-05-19 12:25:03', NULL, NULL, NULL, 'Teléfono inexistente', NULL, NULL, 0),
(59, 1416, 22, 2, '2017-05-19 12:25:26', NULL, NULL, NULL, 'Le llamo es el inquilino y me comenta que me enviará la documentación pero que su contrato es por obra.', NULL, NULL, 0),
(60, 1414, 22, 2, '2017-05-19 12:26:09', NULL, NULL, NULL, 'Le envío información de Generali, está buscando inquilinos.', NULL, NULL, 0),
(61, 1415, 22, 2, '2017-05-19 12:26:50', NULL, NULL, NULL, 'Es el inquilino y me comenta que me enviará la documentación pero que su contrato es por obra.', NULL, NULL, 0),
(62, 1339, 22, 2, '2017-05-19 12:28:21', NULL, NULL, NULL, 'Le envío información, está buscando inquilinos', NULL, NULL, 0),
(63, 1345, 22, 2, '2017-05-19 12:28:51', NULL, NULL, NULL, 'Es la inquilina.Habla con el propietario y me mandará documentación.', NULL, NULL, 0),
(64, 1348, 22, 2, '2017-05-19 12:29:12', NULL, NULL, NULL, 'Pide que se le llame, no lo coge.', NULL, NULL, 0),
(65, 1346, 22, 2, '2017-05-19 12:29:57', NULL, NULL, NULL, 'Le informo más ampliamente, lo quiere con DAS', NULL, NULL, 0),
(66, 1374, 22, 2, '2017-05-19 12:31:54', NULL, NULL, NULL, 'Es el inquilino y no tiene suficientes ingresos', NULL, NULL, 0),
(67, 1376, 22, 2, '2017-05-19 12:33:21', NULL, NULL, NULL, 'Solo estaba comparando de momento no sabe si alquilará el piso', NULL, NULL, 0),
(68, 1391, 22, 2, '2017-05-19 12:33:38', NULL, NULL, NULL, 'No coge el teléfono', NULL, NULL, 0),
(69, 1392, 22, 2, '2017-05-19 12:34:15', NULL, NULL, NULL, 'Se pondrá en contacto conmigo cuando tenga posibles inquilinos', NULL, NULL, 0),
(71, 1393, 22, 2, '2017-05-19 12:36:05', NULL, NULL, NULL, ' Dice que está mirando por curiosidad, pero que cuando tenga algún inquilino contará con nosotros.', NULL, NULL, 0),
(72, 1394, 22, 2, '2017-05-19 12:36:21', NULL, NULL, NULL, 'Teléfono inexistente', NULL, NULL, 0),
(73, 1401, 22, 2, '2017-05-19 12:37:22', NULL, NULL, NULL, 'El teléfono es de otra persona', NULL, NULL, 0),
(74, 1402, 22, 2, '2017-05-19 12:37:59', NULL, NULL, NULL, 'No contesta al teléfono', NULL, NULL, 0),
(75, 1413, 22, 2, '2017-05-19 12:52:00', NULL, NULL, NULL, 'Envío información, de momento no tiene inquilinos', NULL, NULL, 0),
(76, 1412, 22, 2, '2017-05-19 12:52:39', NULL, NULL, NULL, 'Envío información, de momento no tiene inquilinos.', NULL, NULL, 0),
(77, 1405, 22, 2, '2017-05-19 12:53:05', NULL, NULL, NULL, 'Envío información de DAS, de momento no tiene inquilinos.', NULL, NULL, 0),
(78, 1404, 22, 2, '2017-05-19 13:01:40', NULL, NULL, NULL, 'Le envío información de Generali y Das, aún no tiene inquilinos.', NULL, NULL, 0),
(83, 1438, 22, 2, '2017-05-19 14:14:15', NULL, NULL, NULL, 'Es la inquilina, va a hablar con el propietario y me llama', NULL, NULL, 0),
(89, 1442, 22, 2, '2017-05-22 10:45:26', NULL, NULL, NULL, 'Teléfono inexistente', NULL, NULL, 0),
(90, 1455, 22, 2, '2017-05-22 10:47:55', NULL, NULL, NULL, 'Teléfono inexistente', NULL, NULL, 0),
(91, 1454, 22, 2, '2017-05-22 10:48:02', NULL, NULL, NULL, 'Teléfono inexistente', NULL, NULL, 0),
(92, 1456, 22, 2, '2017-05-22 12:18:49', NULL, NULL, NULL, 'Me va a enviar la documentación de lo inquilinos', NULL, NULL, 0),
(96, 1457, 22, 2, '2017-05-22 13:21:44', NULL, NULL, NULL, 'Teléfono inexistente', NULL, NULL, 0),
(98, 1453, 22, 2, '2017-05-22 14:59:57', NULL, NULL, NULL, 'Envío información', NULL, NULL, 0),
(99, 1551, 22, 2, '2017-05-23 11:12:12', NULL, NULL, NULL, 'Está muy interesada la tengo que llamar a las 15:00, estaba trabajanco', NULL, NULL, 0),
(100, 1554, 22, 2, '2017-05-23 18:22:10', '2017-05-24', NULL, NULL, 'Llamar a partir de las 10', NULL, NULL, 0),
(101, 1551, 22, 2, '2017-05-23 18:26:06', NULL, NULL, NULL, 'Vuelvo a hablar con ella, me manda documentación para estudio.Viene de la EMVS y estaba ecnado oun ojo en rastreator y en nuestra página y le parece mejor oferta la de Genrali', NULL, NULL, 0),
(102, 1419, 22, 2, '2017-05-24 10:57:06', NULL, NULL, NULL, 'CONTRATADO', NULL, NULL, 0),
(104, 1550, 3, 2, '2017-05-24 10:57:29', '2017-05-24', NULL, NULL, 'p2', NULL, NULL, 0),
(106, 1556, 22, 2, '2017-05-24 11:47:35', NULL, NULL, NULL, 'Lo que busca es un piso de alquiler', NULL, NULL, 0),
(107, 1557, 22, 2, '2017-05-24 12:27:52', NULL, NULL, NULL, 'No contesta al teléfono, por la renta que ha puesto creo que se ha equivocado', NULL, NULL, 0),
(109, 1557, 22, 2, '2017-05-24 12:32:47', NULL, NULL, NULL, 'Hablo con el lo que necesita es un seguro para bicicletas de alquiler', NULL, NULL, 0),
(111, 1566, 3, 2, '2017-05-25 09:16:30', '2017-05-26', NULL, NULL, 'p1', NULL, NULL, 0),
(112, 1564, 3, 2, '2017-05-25 09:16:38', '2017-05-26', NULL, NULL, 'p2', NULL, NULL, 0),
(113, 1554, 22, 2, '2017-05-25 10:49:17', NULL, NULL, NULL, 'Le vuelvo a llamar el alquiler que quiere es por habitaciones', NULL, NULL, 0),
(114, 1565, 8, 2, '2017-05-25 11:21:14', '2017-05-26', NULL, NULL, 'VOLVER A LLAMAR', NULL, NULL, 0),
(115, 1565, 8, 2, '2017-05-25 11:21:51', '2017-05-25', NULL, NULL, 'PARA HOY', NULL, NULL, 0),
(116, 1565, 8, 2, '2017-05-25 11:21:56', '2017-05-25', NULL, NULL, 'PARA HOY', NULL, NULL, 0),
(117, 1567, 22, 2, '2017-05-25 13:23:36', NULL, NULL, NULL, 'El teléfono  no es de él', NULL, NULL, 0),
(118, 1568, 22, 2, '2017-05-25 13:25:58', NULL, NULL, NULL, 'Es la inquilina tiene que hablar con el propietario', NULL, NULL, 0),
(119, 1587, 22, 2, '2017-05-29 12:21:19', NULL, NULL, NULL, 'Es inquilino  pero de un local nos llamará el propietario', NULL, NULL, 0),
(120, 1588, 22, 2, '2017-05-29 12:22:44', NULL, NULL, NULL, 'No tiene inquilinos, solo era consulta', NULL, NULL, 0),
(121, 1589, 22, 2, '2017-05-29 12:24:55', NULL, NULL, NULL, 'Es una posible inquilina y estaba curioseando', NULL, NULL, 0),
(122, 1590, 22, 2, '2017-05-29 12:26:26', NULL, NULL, NULL, 'Me dice que no puede atenderme que ya me llamará el', NULL, NULL, 0),
(123, 1591, 22, 2, '2017-05-29 12:26:33', NULL, NULL, NULL, 'Me dice que no puede atenderme que ya me llamará el', NULL, NULL, 0),
(125, 1596, 22, 2, '2017-05-30 11:09:45', NULL, NULL, NULL, 'No coge el teléfono', NULL, NULL, 0),
(126, 1596, 22, 2, '2017-05-30 11:52:32', NULL, NULL, NULL, 'Vuelvo a llamar y el teléfono es de otra persona que no tiene nada que ver', NULL, NULL, 0),
(127, 1597, 22, 2, '2017-05-30 11:54:07', NULL, NULL, NULL, 'Queda en llamarme', NULL, NULL, 0),
(128, 1598, 22, 2, '2017-05-31 09:08:03', NULL, NULL, NULL, 'Solo estaba curioseando', NULL, NULL, 0),
(130, 1599, 22, 2, '2017-05-31 12:59:00', NULL, NULL, NULL, 'Teléfono inexistente', NULL, NULL, 0),
(131, 1604, 22, 2, '2017-05-31 18:30:34', NULL, NULL, NULL, 'No responde al teléfono', NULL, NULL, 0),
(132, 1606, 22, 2, '2017-06-01 13:26:38', NULL, NULL, NULL, 'Hablo con el cliente y le envío información de Generali', NULL, NULL, 0),
(133, 1608, 22, 2, '2017-06-01 17:57:22', NULL, NULL, NULL, 'Le envío información de Generali y DAS', NULL, NULL, 0);

-- --------------------------------------------------------

--
-- Estructura de tabla para la tabla `mensaje_tipo`
--

CREATE TABLE IF NOT EXISTS `mensaje_tipo` (
  `id` int(11) NOT NULL AUTO_INCREMENT,
  `codigo` varchar(5) COLLATE utf8_unicode_ci NOT NULL,
  `text` varchar(255) COLLATE utf8_unicode_ci DEFAULT NULL,
  PRIMARY KEY (`id`)
) ENGINE=InnoDB  DEFAULT CHARSET=utf8 COLLATE=utf8_unicode_ci AUTO_INCREMENT=4 ;

--
-- Volcado de datos para la tabla `mensaje_tipo`
--

INSERT INTO `mensaje_tipo` (`id`, `codigo`, `text`) VALUES
(1, 'SYS', 'sistema'),
(2, 'COM', 'comentario'),
(3, 'ANU', 'anuncio');

-- --------------------------------------------------------

--
-- Estructura de tabla para la tabla `origen_tasas`
--

CREATE TABLE IF NOT EXISTS `origen_tasas` (
  `id` int(11) NOT NULL AUTO_INCREMENT,
  `codigo` varchar(10) NOT NULL,
  `nombre` varchar(20) NOT NULL,
  PRIMARY KEY (`id`)
) ENGINE=InnoDB  DEFAULT CHARSET=utf8 AUTO_INCREMENT=3 ;

--
-- Volcado de datos para la tabla `origen_tasas`
--

INSERT INTO `origen_tasas` (`id`, `codigo`, `nombre`) VALUES
(1, 'WSLOC', 'webservice local'),
(2, 'WSEXT', 'webservice externo');

-- --------------------------------------------------------

--
-- Estructura de tabla para la tabla `porcentaje_cantidad`
--

CREATE TABLE IF NOT EXISTS `porcentaje_cantidad` (
  `id` int(11) NOT NULL AUTO_INCREMENT,
  `codigo` varchar(10) NOT NULL,
  `nombre` varchar(20) NOT NULL,
  PRIMARY KEY (`id`)
) ENGINE=InnoDB  DEFAULT CHARSET=utf8 AUTO_INCREMENT=3 ;

--
-- Volcado de datos para la tabla `porcentaje_cantidad`
--

INSERT INTO `porcentaje_cantidad` (`id`, `codigo`, `nombre`) VALUES
(1, 'PORCENT', 'Porcentaje'),
(2, 'CANT', 'Cantidad fija');

-- --------------------------------------------------------

--
-- Estructura de tabla para la tabla `productos_coberturas_default`
--

CREATE TABLE IF NOT EXISTS `productos_coberturas_default` (
  `id` int(11) NOT NULL AUTO_INCREMENT,
  `id_producto` int(11) NOT NULL,
  `data` longtext NOT NULL,
  PRIMARY KEY (`id`),
  KEY `id_producto` (`id_producto`)
) ENGINE=InnoDB  DEFAULT CHARSET=utf8 COMMENT='Tabla que contiene las coberturas por defecto de los product' AUTO_INCREMENT=38 ;

--
-- Volcado de datos para la tabla `productos_coberturas_default`
--

INSERT INTO `productos_coberturas_default` (`id`, `id_producto`, `data`) VALUES
(1, 48, '{"coberturas": {\r\n	"items":[\r\n		{"titulo":"Cuadro Médico","descripcion":"Si"},\r\n		{"titulo":"Reembolso asegurado/año","descripcion":"No"},\r\n		{"titulo":"Medicina Primaria","descripcion":"incluido"},\r\n		{"titulo":"Especialidades","descripcion":"incluido"},\r\n		{"titulo":"Pruebas de diagnóstico","descripcion":"incluido"},\r\n		{"titulo":"Urgencias","descripcion":"incluido"},\r\n		{"titulo":"Hospitalización","descripcion":"incluido"},\r\n		{"titulo":"Complemento Dental","descripcion":"incluido"},\r\n		{"titulo":"C.Dental prima mes*asegurado","descripcion":"--"},\r\n		{"titulo":"Límite edad contratación","descripcion":"65"},\r\n		{"titulo":"Nº mínimo de asegurados","descripcion":"1"},\r\n		{"titulo":"Copagos","descripcion":"Bajos"},\r\n		{"titulo":"Máximo anual","descripcion":"No"}\r\n	]\r\n}}'),
(2, 49, '{"coberturas": {\r\n	"items":[\r\n		{"titulo":"Cuadro Médico","descripcion":"Si"},\r\n		{"titulo":"Reembolso asegurado/año","descripcion":"200.000 €"},\r\n		{"titulo":"Medicina Primaria","descripcion":"incluido"},\r\n		{"titulo":"Especialidades","descripcion":"incluido"},\r\n		{"titulo":"Pruebas de diagnóstico","descripcion":"incluido"},\r\n		{"titulo":"Urgencias","descripcion":"incluido"},\r\n		{"titulo":"Hospitalización","descripcion":"incluido"},\r\n		{"titulo":"Complemento Dental","descripcion":"incluido"},\r\n		{"titulo":"C.Dental prima mes*asegurado","descripcion":"--"},\r\n		{"titulo":"Límite edad contratación","descripcion":"65"},\r\n		{"titulo":"Nº mínimo de asegurados","descripcion":"1"},\r\n		{"titulo":"Copagos","descripcion":"Sin copagos"}\r\n	]\r\n}}'),
(3, 59, '{"coberturas": {\r\n	"items":[\r\n		{"titulo":"Cuadro Médico","descripcion":"Si"},\r\n		{"titulo":"Reembolso asegurado/año","descripcion":"No"},\r\n		{"titulo":"Medicina Primaria","descripcion":"incluido"},\r\n		{"titulo":"Especialidades","descripcion":"incluido"},\r\n		{"titulo":"Pruebas de diagnóstico","descripcion":"incluido"},\r\n		{"titulo":"Urgencias","descripcion":"con franquicia"},\r\n		{"titulo":"Hospitalización","descripcion":"con franquicia"},\r\n		{"titulo":"Complemento Dental","descripcion":"opcional"},\r\n		{"titulo":"C.Dental prima mes*asegurado","descripcion":"7 € dental 21"},\r\n		{"titulo":"Límite edad contratación","descripcion":"75"},\r\n		{"titulo":"Nº mínimo de asegurados","descripcion":"1 (8% recargo  póliza individual)"},\r\n		{"titulo":"Copagos","descripcion":"Bajos/progresivos"},\r\n		{"titulo":"Máximo anual","descripcion":"No"}\r\n	]\r\n}}'),
(4, 60, '{"coberturas": {\r\n	"items":[\r\n		{"titulo":"Cuadro Médico","descripcion":"Si"},\r\n		{"titulo":"Reembolso asegurado/año","descripcion":"100.000 €"},\r\n		{"titulo":"Medicina Primaria","descripcion":"incluido"},\r\n		{"titulo":"Especialidades","descripcion":"incluido"},\r\n		{"titulo":"Pruebas de diagnóstico","descripcion":"incluido"},\r\n		{"titulo":"Urgencias","descripcion":"incluido"},\r\n		{"titulo":"Hospitalización","descripcion":"incluido"},\r\n		{"titulo":"Complemento Dental","descripcion":"opcional"},\r\n		{"titulo":"C.Dental prima mes*asegurado","descripcion":"--"},\r\n		{"titulo":"Límite edad contratación","descripcion":"64"},\r\n		{"titulo":"Nº mínimo de asegurados","descripcion":"1 (8% recargo póliza individual)"},\r\n		{"titulo":"Copagos","descripcion":"Normales/progresivos"},\r\n		{"titulo":"Máximo anual","descripcion":"No"}\r\n	]\r\n}}'),
(5, 15, '{\r\n	"coberturas": {\r\n		"estudio de solvencia": "Si",\r\n		"Indemnización impago de alquiler": {\r\n			"Hasta desahucio/lanzamiento definitivo": {\r\n				"items": [\r\n					"Máx. 12 meses",\r\n					"Franquicia: 1 mes",\r\n					"Carencia: 3 meses"\r\n				]\r\n			}\r\n		},\r\n		"Adelanto de rentas impagadas": {\r\n			"items": [\r\n				"Acciones judiciales iniciadas",\r\n				"Cobro cada 4 rentas pendientes"\r\n			]\r\n		},\r\n		"Actos vandálicos": {\r\n			"Al Continente y Contenido": {\r\n				"items": [\r\n					"Máx. 3.000€",\r\n					"Franquicia: 200€",\r\n					"Carencia: 3 meses"\r\n				]\r\n			}\r\n		},\r\n\r\n		"Defensa jurídica": {\r\n			"bloque1": [\r\n				"Carencia: 3 meses",\r\n				"Asesoramiento Jurídico a distancia"\r\n			],\r\n			"Defensa Jurídica y Reclamación de:": [\r\n				"Desahucio",\r\n				"Rentas impagadas",\r\n				"Daños materiales ocasionados por el arrendatario"\r\n			],\r\n			"bloque2": [\r\n				"Defensa Penal del Arrendador",\r\n				"Asistencia Jurídica en conflictos relacionados con la propiedad del inmueble alquilado"\r\n			]\r\n		}\r\n	}\r\n}'),
(6, 16, '{\r\n	"coberturas": {\r\n		"estudio de solvencia": "Si",\r\n		"Indemnización impago de alquiler": {\r\n			"Hasta desahucio/lanzamiento definitivo": {\r\n				"items": [\r\n					"Máx. 12 meses",\r\n					"Franquicia: 1 mes",\r\n					"Carencia: 3 meses"\r\n				]\r\n			}\r\n		},\r\n		"Adelanto de rentas impagadas": {\r\n			"items": [\r\n				"Acciones judiciales iniciadas",\r\n				"Cobro mensual de las rentas pendientes"\r\n			]\r\n		},\r\n		"Actos vandálicos": {\r\n			"Al Continente": {\r\n				"items": [\r\n					"Solo en desahucios por impago de rentas",\r\n					"Máx. 3.000€",\r\n					"Franquicia: 300€",\r\n					"Carencia: 3 meses"\r\n				]\r\n			}\r\n		},\r\n		"Defensa jurídica": {\r\n			"bloque1": [\r\n				"Carencia: 3 meses (excepto: Defensa y Reclamación de Desahucio y Rentas impagadas)",\r\n				"Asesoramiento Jurídico a distancia"\r\n			],\r\n			"Defensa Jurídica y Reclamación de:": [\r\n				"Desahucio (incluidos los gastos de cerrajero (máx.120€) y sustitución de cerradura (máx.75€)",\r\n				"Rentas impagadas",\r\n				"Derechos derivados del contrato de alquiler"\r\n			],\r\n			"bloque2": [\r\n				"Defensa Penal del Arrendador",\r\n				"Defensa de Derechos como consumidor",\r\n				"Reclamación por incumplimientos de otros seguros",\r\n				"Asistencia Jurídica en conflictos relacionados con la propiedad del inmueble alquilado"\r\n			]\r\n		}\r\n	}\r\n}'),
(7, 47, '{"coberturas": {\r\n	"estudio de solvencia": "Si",\r\n	"Indemnización impago de alquiler": {\r\n		"Hasta desahucio/lanzamiento definitivo": {\r\n			"items" : [\r\n				"Máx. 12 meses",\r\n				"Franquicia: 1 mes",\r\n				"Carencia: No tiene"\r\n			]\r\n		}\r\n	},\r\n	"Adelanto de rentas impagadas": {\r\n		"items": [\r\n			"Acciones judiciales iniciadas",\r\n			"Cobro cada 3 rentas pendientes",\r\n			"Posibilidad de percibir un 10% adicional en la liquidación final"\r\n		]\r\n	},\r\n	"Actos vandálicos": {\r\n		"Al Continente": {\r\n			"items" : [\r\n				"Solo en desahucios por impago de rentas",\r\n				"Máx. 3.000€",\r\n				"Franquicia: 300€",\r\n				"Carencia: No tiene"\r\n			]\r\n		}\r\n	},\r\n		"Defensa jurídica": {\r\n			"bloque1": [\r\n				"Carencia: 3 meses (excepto: Defensa y Reclamación de Desahucio y Rentas impagadas)",\r\n				"Asesoramiento Jurídico a distancia",\r\n			  	"Elaboración de documentos legales"\r\n			],\r\n			"Defensa Jurídica y Reclamación de:": [\r\n				"Desahucio (incluidos sin límite los gastos de cerrajero y sustitución de cerradura)",\r\n				"Rentas impagadas",\r\n				"Derechos derivados del contrato de alquiler"\r\n			],\r\n			"bloque2": [\r\n				"Defensa Penal del Arrendador",\r\n				"Defensa de Derechos como consumidor",\r\n				"Reclamación por incumplimientos de otros seguros",\r\n				"Asistencia Jurídica en conflictos relacionados con la propiedad del inmueble alquilado"\r\n			]\r\n		}\r\n}}'),
(8, 37, '{"coberturas": {\r\n	"items":[\r\n		{"titulo":"Cuadro Médico","descripcion":"Si"},\r\n		{"titulo":"Reembolso asegurado/año","descripcion":"No"},\r\n		{"titulo":"Medicina Primaria","descripcion":"incluido"},\r\n		{"titulo":"Especialidades","descripcion":"incluido"},\r\n		{"titulo":"Pruebas de diagnóstico","descripcion":"incluido"},\r\n		{"titulo":"Urgencias","descripcion":"incluido"},\r\n		{"titulo":"Hospitalización","descripcion":"incluido"},\r\n		{"titulo":"Complemento Dental","descripcion":"opcional"},\r\n		{"titulo":"C.Dental prima mes*asegurado","descripcion":"8,93 €"},\r\n		{"titulo":"Límite edad contratación","descripcion":"70"},\r\n		{"titulo":"Nº mínimo de asegurados","descripcion":"1"},\r\n		{"titulo":"Copagos","descripcion":"Bajos"},\r\n		{"titulo":"Máximo anual","descripcion":"No"}\r\n	]\r\n}}'),
(9, 50, '{"coberturas": {\r\n	"items":[\r\n		{"titulo":"Cuadro Médico","descripcion":"Si"},\r\n		{"titulo":"Reembolso asegurado/año","descripcion":"150.000 €"},\r\n		{"titulo":"Medicina Primaria","descripcion":"incluido"},\r\n		{"titulo":"Especialidades","descripcion":"incluido"},\r\n		{"titulo":"Pruebas de diagnóstico","descripcion":"incluido"},\r\n		{"titulo":"Urgencias","descripcion":"incluido"},\r\n		{"titulo":"Hospitalización","descripcion":"incluido"},\r\n		{"titulo":"Complemento Dental","descripcion":"opcional"},\r\n		{"titulo":"C.Dental prima mes*asegurado","descripcion":"8,93 €"},\r\n		{"titulo":"Límite edad contratación","descripcion":"64"},\r\n		{"titulo":"Nº mínimo de asegurados","descripcion":"1"},\r\n		{"titulo":"Copagos","descripcion":"Sin copagos"}\r\n	]\r\n}}'),
(10, 51, '{"coberturas": {\r\n	"items":[\r\n		{"titulo":"Cuadro Médico","descripcion":"Si"},\r\n		{"titulo":"Reembolso asegurado/año","descripcion":"No"},\r\n		{"titulo":"Medicina Primaria","descripcion":"incluido"},\r\n		{"titulo":"Especialidades","descripcion":"incluido"},\r\n		{"titulo":"Pruebas de diagnóstico","descripcion":"incluido"},\r\n		{"titulo":"Urgencias","descripcion":"incluido"},\r\n		{"titulo":"Hospitalización","descripcion":"incluido"},\r\n		{"titulo":"Complemento Dental","descripcion":"opcional"},\r\n		{"titulo":"C.Dental prima mes*asegurado","descripcion":"8,93 €"},\r\n		{"titulo":"Límite edad contratación","descripcion":"70"},\r\n		{"titulo":"Nº mínimo de asegurados","descripcion":"1"},\r\n		{"titulo":"Copagos","descripcion":"Medios"},\r\n		{"titulo":"Máximo anual","descripcion":"260 € año/asegurado"}\r\n	]\r\n}}'),
(11, 36, '{"coberturas": {\r\n	"items":[\r\n		{"titulo":"Cuadro Médico","descripcion":"Si"},\r\n		{"titulo":"Reembolso asegurado/año","descripcion":"No"},\r\n		{"titulo":"Medicina Primaria","descripcion":"incluido"},\r\n		{"titulo":"Especialidades","descripcion":"incluido"},\r\n		{"titulo":"Pruebas de diagnóstico","descripcion":"incluido"},\r\n		{"titulo":"Urgencias","descripcion":"incluido"},\r\n		{"titulo":"Hospitalización","descripcion":"incluido"},\r\n		{"titulo":"Complemento Dental","descripcion":"opcional"},\r\n		{"titulo":"C.Dental prima mes*asegurado","descripcion":"--"},\r\n		{"titulo":"Límite edad contratación","descripcion":"64"},\r\n		{"titulo":"Nº mínimo de asegurados","descripcion":"1"},\r\n		{"titulo":"Copagos","descripcion":"Sin copagos"}\r\n	]\r\n}}'),
(12, 58, '{"coberturas": {\r\n	"items":[\r\n		{"titulo":"Cuadro Médico","descripcion":"Si"},\r\n		{"titulo":"Reembolso asegurado/año","descripcion":"150.000 €"},\r\n		{"titulo":"Medicina Primaria","descripcion":"incluido"},\r\n		{"titulo":"Especialidades","descripcion":"incluido"},\r\n		{"titulo":"Pruebas de diagnóstico","descripcion":"incluido"},\r\n		{"titulo":"Urgencias","descripcion":"incluido"},\r\n		{"titulo":"Hospitalización","descripcion":"incluido"},\r\n		{"titulo":"Complemento Dental","descripcion":"incluido"},\r\n		{"titulo":"C.Dental prima mes*asegurado","descripcion":"--"},\r\n		{"titulo":"Límite edad contratación","descripcion":"59"},\r\n		{"titulo":"Nº mínimo de asegurados","descripcion":"1"},\r\n		{"titulo":"Copagos","descripcion":"Sin copagos"}\r\n	]\r\n}}'),
(13, 2, '{"coberturas": {\r\n	"items":[\r\n		{"titulo":"Cuadro Médico","descripcion":"Si"},\r\n		{"titulo":"Reembolso asegurado/año","descripcion":"No"},\r\n		{"titulo":"Medicina Primaria","descripcion":"incluido"},\r\n		{"titulo":"Especialidades","descripcion":"incluido"},\r\n		{"titulo":"Pruebas de diagnóstico","descripcion":"incluido"},\r\n		{"titulo":"Urgencias","descripcion":"incluido"},\r\n		{"titulo":"Hospitalización","descripcion":"incluido"},\r\n		{"titulo":"Complemento Dental","descripcion":"incluido"},\r\n		{"titulo":"C.Dental prima mes*asegurado","descripcion":"--"},\r\n		{"titulo":"Límite edad contratación","descripcion":"65"},\r\n		{"titulo":"Nº mínimo de asegurados","descripcion":"1"},\r\n		{"titulo":"Copagos","descripcion":"Bajos"},\r\n		{"titulo":"Máximo anual","descripcion":"No"}\r\n	]\r\n}}'),
(14, 3, '{"coberturas": {\r\n	"items":[\r\n		{"titulo":"Cuadro Médico","descripcion":"Si"},\r\n		{"titulo":"Reembolso asegurado/año","descripcion":"107.748 €"},\r\n		{"titulo":"Medicina Primaria","descripcion":"incluido"},\r\n		{"titulo":"Especialidades","descripcion":"incluido"},\r\n		{"titulo":"Pruebas de diagnóstico","descripcion":"incluido"},\r\n		{"titulo":"Urgencias","descripcion":"incluido"},\r\n		{"titulo":"Hospitalización","descripcion":"incluido"},\r\n		{"titulo":"Complemento Dental","descripcion":"incluido"},\r\n		{"titulo":"C.Dental prima mes*asegurado","descripcion":"--"},\r\n		{"titulo":"Límite edad contratación","descripcion":"65"},\r\n		{"titulo":"Nº mínimo de asegurados","descripcion":"1"},\r\n		{"titulo":"Copagos","descripcion":"Sin copagos"}\r\n	]\r\n}}'),
(15, 73, '{"coberturas": {\r\n	"items":[\r\n		{"titulo":"Cuadro Médico","descripcion":"Si"},\r\n		{"titulo":"Reembolso asegurado/año","descripcion":"No"},\r\n		{"titulo":"Medicina Primaria","descripcion":"incluido"},\r\n		{"titulo":"Especialidades","descripcion":"incluido"},\r\n		{"titulo":"Pruebas de diagnóstico","descripcion":"incluido"},\r\n		{"titulo":"Urgencias","descripcion":"incluido"},\r\n		{"titulo":"Hospitalización","descripcion":"incluido"},\r\n		{"titulo":"Complemento Dental","descripcion":"incluido"},\r\n		{"titulo":"C.Dental prima mes*asegurado","descripcion":"--"},\r\n		{"titulo":"Límite edad contratación","descripcion":"64"},\r\n		{"titulo":"Nº mínimo de asegurados","descripcion":"5"},\r\n		{"titulo":"Copagos","descripcion":"Sin copagos"}\r\n	]\r\n}}'),
(16, 74, '{"coberturas": {\r\n	"items":[\r\n		{"titulo":"Cuadro Médico","descripcion":"Si"},\r\n		{"titulo":"Reembolso asegurado/año","descripcion":"292.307 €"},\r\n		{"titulo":"Medicina Primaria","descripcion":"incluido"},\r\n		{"titulo":"Especialidades","descripcion":"incluido"},\r\n		{"titulo":"Pruebas de diagnóstico","descripcion":"incluido"},\r\n		{"titulo":"Urgencias","descripcion":"incluido"},\r\n		{"titulo":"Hospitalización","descripcion":"incluido"},\r\n		{"titulo":"Complemento Dental","descripcion":"incluido"},\r\n		{"titulo":"C.Dental prima mes*asegurado","descripcion":"--"},\r\n		{"titulo":"Límite edad contratación","descripcion":"64"},\r\n		{"titulo":"Nº mínimo de asegurados","descripcion":"5"},\r\n		{"titulo":"Copagos","descripcion":"Sin copagos"}\r\n	]\r\n}}'),
(17, 64, '{"coberturas": {\r\n	"items":[\r\n		{"titulo":"Cuadro Médico","descripcion":"Si"},\r\n		{"titulo":"Reembolso asegurado/año","descripcion":"No"},\r\n		{"titulo":"Medicina Primaria","descripcion":"incluido"},\r\n		{"titulo":"Especialidades","descripcion":"incluido"},\r\n		{"titulo":"Pruebas de diagnóstico","descripcion":"incluido"},\r\n		{"titulo":"Urgencias","descripcion":"incluido"},\r\n		{"titulo":"Hospitalización","descripcion":"incluido"},\r\n		{"titulo":"Complemento Dental","descripcion":"incluido"},\r\n		{"titulo":"C.Dental prima mes*asegurado","descripcion":"--"},\r\n		{"titulo":"Límite edad contratación","descripcion":"75"},\r\n		{"titulo":"Nº mínimo de asegurados","descripcion":"1"},\r\n		{"titulo":"Copagos","descripcion":"Medios"},\r\n		{"titulo":"Máximo anual","descripcion":"600 €/asegurado"}\r\n	]\r\n}}'),
(18, 65, '{"coberturas": {\r\n	"items":[\r\n		{"titulo":"Cuadro Médico","descripcion":"Si"},\r\n		{"titulo":"Reembolso asegurado/año","descripcion":"100.000 €"},\r\n		{"titulo":"Medicina Primaria","descripcion":"incluido"},\r\n		{"titulo":"Especialidades","descripcion":"incluido"},\r\n		{"titulo":"Pruebas de diagnóstico","descripcion":"incluido"},\r\n		{"titulo":"Urgencias","descripcion":"incluido"},\r\n		{"titulo":"Hospitalización","descripcion":"incluido"},\r\n		{"titulo":"Complemento Dental","descripcion":"incluido"},\r\n		{"titulo":"C.Dental prima mes*asegurado","descripcion":"--"},\r\n		{"titulo":"Límite edad contratación","descripcion":"75"},\r\n		{"titulo":"Nº mínimo de asegurados","descripcion":"1"},\r\n		{"titulo":"Copagos","descripcion":"Sin copagos"}\r\n	]\r\n}}'),
(19, 67, '{"coberturas": {\r\n	"items":[\r\n		{"titulo":"Cuadro Médico","descripcion":"Si"},\r\n		{"titulo":"Reembolso asegurado/año","descripcion":"205.000 €"},\r\n		{"titulo":"Medicina Primaria","descripcion":"incluido"},\r\n		{"titulo":"Especialidades","descripcion":"incluido"},\r\n		{"titulo":"Pruebas de diagnóstico","descripcion":"incluido"},\r\n		{"titulo":"Urgencias","descripcion":"incluido"},\r\n		{"titulo":"Hospitalización","descripcion":"incluido"},\r\n		{"titulo":"Complemento Dental","descripcion":"incluido"},\r\n		{"titulo":"C.Dental prima mes*asegurado","descripcion":"--"},\r\n		{"titulo":"Límite edad contratación","descripcion":"75"},\r\n		{"titulo":"Nº mínimo de asegurados","descripcion":"1"},\r\n		{"titulo":"Copagos","descripcion":"Sin copagos"}\r\n	]\r\n}}'),
(20, 69, '{"coberturas": {\r\n	"items":[\r\n		{"titulo":"Cuadro Médico","descripcion":"Si"},\r\n		{"titulo":"Reembolso asegurado/año","descripcion":"217.000 €"},\r\n		{"titulo":"Medicina Primaria","descripcion":"incluido"},\r\n		{"titulo":"Especialidades","descripcion":"incluido"},\r\n		{"titulo":"Pruebas de diagnóstico","descripcion":"incluido"},\r\n		{"titulo":"Urgencias","descripcion":"incluido"},\r\n		{"titulo":"Hospitalización","descripcion":"incluido"},\r\n		{"titulo":"Complemento Dental","descripcion":"incluido"},\r\n		{"titulo":"C.Dental prima mes*asegurado","descripcion":"--"},\r\n		{"titulo":"Límite edad contratación","descripcion":"75"},\r\n		{"titulo":"Nº mínimo de asegurados","descripcion":"1"},\r\n		{"titulo":"Copagos","descripcion":"Sin copagos"}\r\n	]\r\n}}'),
(21, 72, '{"coberturas": {\r\n	"items":[\r\n		{"titulo":"Cuadro Médico","descripcion":"Si"},\r\n		{"titulo":"Reembolso asegurado/año","descripcion":"217.000 €"},\r\n		{"titulo":"Medicina Primaria","descripcion":"incluido"},\r\n		{"titulo":"Especialidades","descripcion":"incluido"},\r\n		{"titulo":"Pruebas de diagnóstico","descripcion":"incluido"},\r\n		{"titulo":"Urgencias","descripcion":"incluido"},\r\n		{"titulo":"Hospitalización","descripcion":"incluido"},\r\n		{"titulo":"Complemento Dental","descripcion":"incluido"},\r\n		{"titulo":"C.Dental prima mes*asegurado","descripcion":"--"},\r\n		{"titulo":"Límite edad contratación","descripcion":"67"},\r\n		{"titulo":"Nº mínimo de asegurados","descripcion":"3"},\r\n		{"titulo":"Copagos","descripcion":"Sin copagos"}\r\n	]\r\n}}'),
(22, 68, '{"coberturas": {\r\n	"items":[\r\n		{"titulo":"Cuadro Médico","descripcion":"Si"},\r\n		{"titulo":"Reembolso asegurado/año","descripcion":"No"},\r\n		{"titulo":"Medicina Primaria","descripcion":"incluido"},\r\n		{"titulo":"Especialidades","descripcion":"incluido"},\r\n		{"titulo":"Pruebas de diagnóstico","descripcion":"incluido"},\r\n		{"titulo":"Urgencias","descripcion":"incluido"},\r\n		{"titulo":"Hospitalización","descripcion":"incluido"},\r\n		{"titulo":"Complemento Dental","descripcion":"incluido"},\r\n		{"titulo":"C.Dental prima mes*asegurado","descripcion":"--"},\r\n		{"titulo":"Límite edad contratación","descripcion":"75"},\r\n		{"titulo":"Nº mínimo de asegurados","descripcion":"1"},\r\n		{"titulo":"Copagos","descripcion":"Normales"},\r\n		{"titulo":"Máximo anual","descripcion":"600 €/asegurado"}\r\n	]\r\n}}'),
(23, 70, '{"coberturas": {\r\n	"items":[\r\n		{"titulo":"Cuadro Médico","descripcion":"Si"},\r\n		{"titulo":"Reembolso asegurado/año","descripcion":"No"},\r\n		{"titulo":"Medicina Primaria","descripcion":"incluido"},\r\n		{"titulo":"Especialidades","descripcion":"incluido"},\r\n		{"titulo":"Pruebas de diagnóstico","descripcion":"incluido"},\r\n		{"titulo":"Urgencias","descripcion":"incluido"},\r\n		{"titulo":"Hospitalización","descripcion":"incluido"},\r\n		{"titulo":"Complemento Dental","descripcion":"incluido"},\r\n		{"titulo":"C.Dental prima mes*asegurado","descripcion":"--"},\r\n		{"titulo":"Límite edad contratación","descripcion":"75"},\r\n		{"titulo":"Nº mínimo de asegurados","descripcion":"1"},\r\n		{"titulo":"Copagos","descripcion":"Bajos"},\r\n		{"titulo":"Máximo anual","descripcion":"600 €/asegurado"}\r\n	]\r\n}}'),
(24, 71, '{"coberturas": {\r\n	"items":[\r\n		{"titulo":"Cuadro Médico","descripcion":"Si"},\r\n		{"titulo":"Reembolso asegurado/año","descripcion":"No"},\r\n		{"titulo":"Medicina Primaria","descripcion":"incluido"},\r\n		{"titulo":"Especialidades","descripcion":"incluido"},\r\n		{"titulo":"Pruebas de diagnóstico","descripcion":"incluido"},\r\n		{"titulo":"Urgencias","descripcion":"incluido"},\r\n		{"titulo":"Hospitalización","descripcion":"incluido"},\r\n		{"titulo":"Complemento Dental","descripcion":"incluido"},\r\n		{"titulo":"C.Dental prima mes*asegurado","descripcion":"--"},\r\n		{"titulo":"Límite edad contratación","descripcion":"67"},\r\n		{"titulo":"Nº mínimo de asegurados","descripcion":"3"},\r\n		{"titulo":"Copagos","descripcion":"Sin copagos"}\r\n	]\r\n}}'),
(25, 39, '{"coberturas": {\r\n	"items":[\r\n		{"titulo":"Cuadro Médico","descripcion":"Si"},\r\n		{"titulo":"Reembolso asegurado/año","descripcion":"No"},\r\n		{"titulo":"Medicina Primaria","descripcion":"incluido"},\r\n		{"titulo":"Especialidades","descripcion":"incluido"},\r\n		{"titulo":"Pruebas de diagnóstico","descripcion":"incluido"},\r\n		{"titulo":"Urgencias","descripcion":"incluido"},\r\n		{"titulo":"Hospitalización","descripcion":"incluido"},\r\n		{"titulo":"Complemento Dental","descripcion":"incluido"},\r\n		{"titulo":"C.Dental prima mes*asegurado","descripcion":"--"},\r\n		{"titulo":"Límite edad contratación","descripcion":"75"},\r\n		{"titulo":"Nº mínimo de asegurados","descripcion":"1 (8% recargo póliza individual)"},\r\n		{"titulo":"Copagos","descripcion":"Normales/progresivos"},\r\n		{"titulo":"Máximo anual","descripcion":"No"}\r\n	]\r\n}}'),
(26, 41, '{"coberturas": {\r\n	"items":[\r\n		{"titulo":"Cuadro Médico","descripcion":"Si"},\r\n		{"titulo":"Reembolso asegurado/año","descripcion":"No"},\r\n		{"titulo":"Medicina Primaria","descripcion":"incluido"},\r\n		{"titulo":"Especialidades","descripcion":"incluido"},\r\n		{"titulo":"Pruebas de diagnóstico","descripcion":"incluido"},\r\n		{"titulo":"Urgencias","descripcion":"incluido"},\r\n		{"titulo":"Hospitalización","descripcion":"incluido"},\r\n		{"titulo":"Complemento Dental","descripcion":"incluido"},\r\n		{"titulo":"C.Dental prima mes*asegurado","descripcion":"--"},\r\n		{"titulo":"Límite edad contratación","descripcion":"75"},\r\n		{"titulo":"Nº mínimo de asegurados","descripcion":"1"},\r\n		{"titulo":"Copagos","descripcion":"Bajos/progresivos"},\r\n		{"titulo":"Máximo anual","descripcion":"No"}\r\n	]\r\n}}'),
(27, 61, '{"coberturas": {\r\n	"items":[\r\n		{"titulo":"Cuadro Médico","descripcion":"Si"},\r\n		{"titulo":"Reembolso asegurado/año","descripcion":"100.000 €"},\r\n		{"titulo":"Medicina Primaria","descripcion":"incluido"},\r\n		{"titulo":"Especialidades","descripcion":"incluido"},\r\n		{"titulo":"Pruebas de diagnóstico","descripcion":"incluido"},\r\n		{"titulo":"Urgencias","descripcion":"incluido"},\r\n		{"titulo":"Hospitalización","descripcion":"incluido"},\r\n		{"titulo":"Complemento Dental","descripcion":"incluido"},\r\n		{"titulo":"C.Dental prima mes*asegurado","descripcion":"--"},\r\n		{"titulo":"Límite edad contratación","descripcion":"64"},\r\n		{"titulo":"Nº mínimo de asegurados","descripcion":"1"},\r\n		{"titulo":"Copagos","descripcion":"Bajos/progresivos"},\r\n		{"titulo":"Máximo anual","descripcion":"No"}\r\n	]\r\n}}'),
(28, 62, '{"coberturas": {\r\n	"items":[\r\n		{"titulo":"Cuadro Médico","descripcion":"Si"},\r\n		{"titulo":"Reembolso asegurado/año","descripcion":"No"},\r\n		{"titulo":"Medicina Primaria","descripcion":"incluido"},\r\n		{"titulo":"Especialidades","descripcion":"incluido"},\r\n		{"titulo":"Pruebas de diagnóstico","descripcion":"incluido"},\r\n		{"titulo":"Urgencias","descripcion":"incluido"},\r\n		{"titulo":"Hospitalización","descripcion":"incluido"},\r\n		{"titulo":"Complemento Dental","descripcion":"incluido"},\r\n		{"titulo":"C.Dental prima mes*asegurado","descripcion":"--"},\r\n		{"titulo":"Límite edad contratación","descripcion":"75"},\r\n		{"titulo":"Nº mínimo de asegurados","descripcion":"5"},\r\n		{"titulo":"Copagos","descripcion":"Sin copagos"}\r\n	]\r\n}}'),
(29, 63, '{"coberturas": {\r\n	"items":[\r\n		{"titulo":"Cuadro Médico","descripcion":"Si"},\r\n		{"titulo":"Reembolso asegurado/año","descripcion":"100.000 €"},\r\n		{"titulo":"Medicina Primaria","descripcion":"incluido"},\r\n		{"titulo":"Especialidades","descripcion":"incluido"},\r\n		{"titulo":"Pruebas de diagnóstico","descripcion":"incluido"},\r\n		{"titulo":"Urgencias","descripcion":"incluido"},\r\n		{"titulo":"Hospitalización","descripcion":"incluido"},\r\n		{"titulo":"Complemento Dental","descripcion":"incluido"},\r\n		{"titulo":"C.Dental prima mes*asegurado","descripcion":"--"},\r\n		{"titulo":"Límite edad contratación","descripcion":"64"},\r\n		{"titulo":"Nº mínimo de asegurados","descripcion":"5"},\r\n		{"titulo":"Copagos","descripcion":"Sin copagos"}\r\n	]\r\n}}'),
(31, 66, '{"coberturas": {\r\n	"items":[\r\n		{"titulo":"Cuadro Médico","descripcion":"Si"},\r\n		{"titulo":"Reembolso asegurado/año","descripcion":"No"},\r\n		{"titulo":"Medicina Primaria","descripcion":"incluido"},\r\n		{"titulo":"Especialidades","descripcion":"incluido"},\r\n		{"titulo":"Pruebas de diagnóstico","descripcion":"incluido"},\r\n		{"titulo":"Urgencias","descripcion":"incluido"},\r\n		{"titulo":"Hospitalización","descripcion":"incluido"},\r\n		{"titulo":"Complemento Dental","descripcion":"incluido"},\r\n		{"titulo":"C.Dental prima mes*asegurado","descripcion":"--"},\r\n		{"titulo":"Límite edad contratación","descripcion":"75"},\r\n		{"titulo":"Nº mínimo de asegurados","descripcion":"1"},\r\n		{"titulo":"Copagos","descripcion":"Sin copagos"}\r\n	]\r\n}}'),
(32, 54, '{"coberturas": {\r\n	"items":[\r\n		{"titulo":"Cuadro Médico","descripcion":"Si"},\r\n		{"titulo":"Reembolso asegurado/año","descripcion":"No"},\r\n		{"titulo":"Medicina Primaria","descripcion":"incluido"},\r\n		{"titulo":"Especialidades","descripcion":"incluido"},\r\n		{"titulo":"Pruebas de diagnóstico","descripcion":"incluido"},\r\n		{"titulo":"Urgencias","descripcion":"incluido"},\r\n		{"titulo":"Hospitalización","descripcion":"incluido"},\r\n		{"titulo":"Complemento Dental","descripcion":"opcional"},\r\n		{"titulo":"C.Dental prima mes*asegurado","descripcion":"8,93 €"},\r\n		{"titulo":"Límite edad contratación","descripcion":"67"},\r\n		{"titulo":"Nº mínimo de asegurados","descripcion":"1"},\r\n		{"titulo":"Copagos","descripcion":"Sin copagos"}\r\n	]\r\n}}'),
(33, 53, '{"coberturas": {\r\n	"items":[\r\n		{"titulo":"Cuadro Médico","descripcion":"Si"},\r\n		{"titulo":"Reembolso asegurado/año","descripcion":"150.000 €"},\r\n		{"titulo":"Medicina Primaria","descripcion":"incluido"},\r\n		{"titulo":"Especialidades","descripcion":"incluido"},\r\n		{"titulo":"Pruebas de diagnóstico","descripcion":"incluido"},\r\n		{"titulo":"Urgencias","descripcion":"incluido"},\r\n		{"titulo":"Hospitalización","descripcion":"incluido"},\r\n		{"titulo":"Complemento Dental","descripcion":"opcional"},\r\n		{"titulo":"C.Dental prima mes*asegurado","descripcion":"8,93 €"},\r\n		{"titulo":"Límite edad contratación","descripcion":"70"},\r\n		{"titulo":"Nº mínimo de asegurados","descripcion":"1"},\r\n		{"titulo":"Copagos","descripcion":"Sin copagos"}\r\n	]\r\n}}'),
(34, 56, '{"coberturas": {\r\n	"items":[\r\n		{"titulo":"Cuadro Médico","descripcion":"Si"},\r\n		{"titulo":"Reembolso asegurado/año","descripcion":"No"},\r\n		{"titulo":"Medicina Primaria","descripcion":"incluido"},\r\n		{"titulo":"Especialidades","descripcion":"incluido"},\r\n		{"titulo":"Pruebas de diagnóstico","descripcion":"incluido"},\r\n		{"titulo":"Urgencias","descripcion":"incluido"},\r\n		{"titulo":"Hospitalización","descripcion":"incluido"},\r\n		{"titulo":"Complemento Dental","descripcion":"opcional"},\r\n		{"titulo":"C.Dental prima mes*asegurado","descripcion":"8,93 €"},\r\n		{"titulo":"Límite edad contratación","descripcion":"67"},\r\n		{"titulo":"Nº mínimo de asegurados","descripcion":"1"},\r\n		{"titulo":"Copagos","descripcion":"Sin copagos"}\r\n	]\r\n}}'),
(35, 55, '{"coberturas": {\r\n	"items":[\r\n		{"titulo":"Cuadro Médico","descripcion":"Si"},\r\n		{"titulo":"Reembolso asegurado/año","descripcion":"150.000 €"},\r\n		{"titulo":"Medicina Primaria","descripcion":"incluido"},\r\n		{"titulo":"Especialidades","descripcion":"incluido"},\r\n		{"titulo":"Pruebas de diagnóstico","descripcion":"incluido"},\r\n		{"titulo":"Urgencias","descripcion":"incluido"},\r\n		{"titulo":"Hospitalización","descripcion":"incluido"},\r\n		{"titulo":"Complemento Dental","descripcion":"opcional"},\r\n		{"titulo":"C.Dental prima mes*asegurado","descripcion":"8,93 €"},\r\n		{"titulo":"Límite edad contratación","descripcion":"67"},\r\n		{"titulo":"Nº mínimo de asegurados","descripcion":"1"},\r\n		{"titulo":"Copagos","descripcion":"Sin copagos"}\r\n	]\r\n}}'),
(36, 57, '{"coberturas": {\r\n	"items":[\r\n		{"titulo":"Cuadro Médico","descripcion":"Si"},\r\n		{"titulo":"Reembolso asegurado/año","descripcion":"150.000 €"},\r\n		{"titulo":"Medicina Primaria","descripcion":"incluido"},\r\n		{"titulo":"Especialidades","descripcion":"incluido"},\r\n		{"titulo":"Pruebas de diagnóstico","descripcion":"incluido"},\r\n		{"titulo":"Urgencias","descripcion":"incluido"},\r\n		{"titulo":"Hospitalización","descripcion":"incluido"},\r\n		{"titulo":"Complemento Dental","descripcion":"opcional"},\r\n		{"titulo":"C.Dental prima mes*asegurado","descripcion":"8,93 €"},\r\n		{"titulo":"Límite edad contratación","descripcion":"67"},\r\n		{"titulo":"Nº mínimo de asegurados","descripcion":"1"},\r\n		{"titulo":"Copagos","descripcion":"Sin copagos"}\r\n	]\r\n}}'),
(37, 75, '{\r\n	"coberturas": {\r\n		"Asistencia a personas en caso de fallecimiento": {\r\n			"items": [\r\n				"Servicio de sepelio",\r\n				"Traslado a España desde cualquier lugar del mundo",\r\n				"Libre elección del lugar de inhumación en España",\r\n				"Acompañamiento de restos mortales, gastos de desplazamiento y estancia",\r\n				"Transporte o repatriación de asegurado/s acompañante/s",\r\n				"Acompañante para retorno de menores",\r\n				"Regreso anticipado a causa de fallecimiento de un familiar",\r\n				"Repatriación de españoles residentes en el extranjero"\r\n			]\r\n		},\r\n		"Asistencia en viaje mundial": {\r\n			"items": [\r\n				"Servicio de información sobre asistencia médica",\r\n				"Traslado o repatriación sanitaria de heridos y enfermos",\r\n				"Desplazamiento de un acompañante familiar junto al asegurado hospitalizado más de cinco días",\r\n				"Inmovilización en hotel por enfermedad o accidente",\r\n				"Repatriación o transporte de los asegurados acompañantes",\r\n				"Acompañamiento de hijos menores o con discapacidad",\r\n				"Servicio de trámites administrativos por hospitalización",\r\n				"Fianzas por hospitalización",\r\n				"Envío de medicamentos",\r\n				"Gastos odontológicos de urgencia",\r\n				"Asistencia sanitaria por accidente o enfermedad",\r\n				"Intérprete en caso de enfermedad o accidente en el extranjero",\r\n				"Anticipo de efectivo en el extranjero",\r\n				"Transmisión de mensajes urgentes",\r\n				"Envío o reenvío de objetos olvidados en el transcurso del viaje",\r\n				"Ayuda a la localización y envío de equipajes",\r\n				"Desplazamiento urgente por ocurrencia de siniestro en domicilio permanente",\r\n				"Servicio de información para viajes al extranjero"\r\n			]\r\n		},\r\n		"Prestaciones sanitarias y cuidado personal": {\r\n			"items": [\r\n				"Línea médica de información telefónica 24 horas",\r\n				"Segunda opinión médica internacional",\r\n				"Acceso a especialistas. Facilita, a precios preferentes, los especialistas y medios de diagnóstico con facultativos concertados de más de 30 especialidades como Pediatría, Fisioterapia, Cirugía Ocular, Odontología...",\r\n				"Acceso a una amplía red dental a precios preferentes",\r\n				"Una limpieza dental gratuita al año por asegurado",\r\n				"Acuerdos preferentes en Medicina Preventiva",\r\n				"Teleasistencia domiciliaria"\r\n			]\r\n		},\r\n\r\n		"Asistencia jurídica y legal": {\r\n			"items": [\r\n				"Asistencia telefónica gratuita referida a cualquier tema personal del asegurado, relativo a cuestiones de su familia, vivienda, trabajo, asuntos penales, reclamaciones, etc.",\r\n				"Primera consulta en despacho gratuita",\r\n				"Trámites de gestoría en caso de fallecimiento y un 25% de descuento en el resto de actuaciones jurídicas"\r\n			]\r\n		},\r\n\r\n		"Nuevos servicios disponibles": {\r\n			"items": [\r\n				"Testamento online",\r\n				"Orientación psicológica al duelo",\r\n				"Borrado de identidad digital del fallecido",\r\n				"Orientación dietética y nutricional telefónica",\r\n				"Orientación médica online"\r\n			]\r\n		},\r\n\r\n		"Garantías opcionales": {\r\n			"items": [\r\n				"Ampliación de asistencia en viaje hasta 6 meses o hasta 12 meses",\r\n				"Accidentes personales (fallecimiento y/o invalidez)",\r\n				"Hospitalización sin/con intervención quirúrgica",\r\n				"Repatriación de españoles residentes en el extranjero",\r\n				"Repatriación de inmigrantes residentes en España"\r\n			]\r\n		}\r\n	}\r\n}');

-- --------------------------------------------------------

--
-- Estructura Stand-in para la vista `productos_coberturas_default_vista`
--
CREATE TABLE IF NOT EXISTS `productos_coberturas_default_vista` (
`id` int(11)
,`nombre` varchar(50)
,`id_producto` int(11)
,`nombre_producto` varchar(50)
,`data` longtext
);
-- --------------------------------------------------------

--
-- Estructura de tabla para la tabla `producto_companyia_seguros`
--

CREATE TABLE IF NOT EXISTS `producto_companyia_seguros` (
  `id` int(11) NOT NULL AUTO_INCREMENT,
  `id_companyia` int(11) NOT NULL,
  `id_ramo` int(11) NOT NULL,
  `id_ramo_especial` int(11) DEFAULT NULL COMMENT 'Este campo será distinto de NULL cuando el ramo de la tarificacion sea "especial" , y nos sirve para saber que subcategoria tiene la tarificacion',
  `id_formaPago` int(11) NOT NULL,
  `id_origen_tasas` int(11) NOT NULL,
  `tieneTasas` tinyint(1) NOT NULL DEFAULT '0' COMMENT 'Nos indica si para este producto ya se han introducido las tasas en su tabla correspondiente o no',
  `nombre_producto` varchar(50) NOT NULL,
  `logo` varchar(50) NOT NULL,
  `fecha_ultima_actualizacion` timestamp NOT NULL DEFAULT CURRENT_TIMESTAMP,
  PRIMARY KEY (`id`),
  KEY `idx_123456` (`id_companyia`),
  KEY `idx_123457` (`id_ramo`),
  KEY `idx_pcs_2` (`id_origen_tasas`),
  KEY `idx_pcs_4` (`id_formaPago`),
  KEY `idx_pcs_5` (`id_ramo_especial`)
) ENGINE=InnoDB  DEFAULT CHARSET=utf8 AUTO_INCREMENT=77 ;

--
-- Volcado de datos para la tabla `producto_companyia_seguros`
--

INSERT INTO `producto_companyia_seguros` (`id`, `id_companyia`, `id_ramo`, `id_ramo_especial`, `id_formaPago`, `id_origen_tasas`, `tieneTasas`, `nombre_producto`, `logo`, `fecha_ultima_actualizacion`) VALUES
(1, 1, 2, NULL, 4, 1, 1, 'Caja Salud', 'mapfre.png', '2016-11-10 16:41:58'),
(2, 1, 2, NULL, 4, 1, 1, 'Salud Familiar', 'mapfre.png', '2016-06-14 10:41:25'),
(3, 1, 2, NULL, 4, 1, 1, 'Medisalud', 'mapfre.png', '2016-06-14 10:41:25'),
(15, 2, 5, NULL, 1, 1, 1, 'HOGAR PROTECCION-PROT. ARRENDADOR', 'generali.png', '2016-07-08 09:57:51'),
(16, 4, 5, NULL, 1, 1, 1, 'Arag alquiler', 'arag.png', '2016-07-08 09:57:51'),
(17, 5, 2, NULL, 4, 1, 1, 'Club Coseba', 'club_coseba_caser.png', '2016-10-27 14:27:57'),
(18, 7, 2, NULL, 4, 1, 1, 'Club Coseba', 'club_coseba_adeslas.png', '2016-10-27 15:17:49'),
(19, 6, 2, NULL, 4, 1, 1, 'Medifiatc', 'fiatc.png', '2016-10-27 15:38:07'),
(20, 6, 2, NULL, 4, 1, 1, 'Base', 'fiafc.png', '2016-10-27 15:40:32'),
(21, 7, 2, NULL, 4, 1, 1, 'Plena plus', 'adeslas.png', '2016-11-11 14:50:32'),
(22, 7, 2, NULL, 4, 1, 1, 'Básico', 'basico.png', '2016-11-03 16:08:21'),
(25, 8, 2, NULL, 4, 1, 1, 'Aegon cuadro médico', 'aegon.png', '2016-11-11 15:57:17'),
(26, 8, 2, NULL, 4, 1, 1, 'Aegon cuadro médico+10', 'aegon.png', '2016-11-11 15:57:32'),
(27, 9, 2, NULL, 4, 1, 1, 'Activa plus', 'asisa.png', '2016-11-11 11:08:21'),
(28, 9, 2, NULL, 4, 1, 1, 'Activa', 'asisa.png', '2016-11-11 11:10:08'),
(29, 5, 2, NULL, 4, 1, 1, 'Integral', 'caser.png', '2016-11-07 16:31:37'),
(30, 5, 2, NULL, 4, 1, 1, 'Inicia', 'caser.png', '2016-11-07 16:28:36'),
(31, 3, 2, NULL, 4, 1, 1, 'Integral', 'dkv.png', '2016-11-10 16:50:34'),
(34, 9, 2, NULL, 4, 1, 1, 'Pyme plus sin copago', 'asisa.png', '2016-11-11 11:15:29'),
(35, 9, 2, NULL, 4, 1, 1, 'Pyme plus con copago', 'asisa.png', '2016-11-11 11:15:46'),
(36, 10, 2, NULL, 4, 1, 1, 'Previsalud', 'previsora_general.png', '2016-11-11 14:35:45'),
(37, 7, 2, NULL, 4, 1, 1, 'Plena', 'adeslas.png', '2016-11-11 14:52:01'),
(38, 11, 2, NULL, 4, 1, 1, 'Más salud', 'sanitas.png', '2016-11-11 15:26:41'),
(39, 11, 2, NULL, 4, 1, 1, 'Más salud óptima', 'sanitas.png', '2017-02-08 11:35:19'),
(40, 11, 2, NULL, 4, 1, 1, 'Profesionales', 'sanitas.png', '2016-11-11 15:32:55'),
(41, 11, 2, NULL, 4, 1, 1, 'Profesionales plus', 'sanitas.png', '2016-11-11 15:33:11'),
(44, 8, 2, NULL, 4, 1, 1, 'Aegon cuadro médico autónomos', 'aegon.png', '2016-11-11 16:00:13'),
(45, 12, 7, 1, 5, 1, 1, 'Canarisk Ocio y Aventura', 'europ_assistance.png', '2016-12-12 09:20:40'),
(47, 13, 5, NULL, 1, 1, 1, 'DAS alquiler', 'das.png', '2016-12-29 15:48:21'),
(48, 14, 2, NULL, 4, 1, 1, 'Completo', 'allianz.png', '2017-01-16 11:38:33'),
(49, 14, 2, NULL, 4, 1, 1, 'Reembolso', 'allianz.png', '2017-01-16 11:40:47'),
(50, 7, 2, NULL, 4, 1, 1, 'Plena extra 150', 'adeslas.png', '2017-01-16 12:12:23'),
(51, 7, 2, NULL, 4, 1, 1, 'Plena vital', 'adeslas.png', '2017-01-16 12:14:46'),
(52, 7, 2, NULL, 4, 1, 1, 'Negocios NIF', 'adeslas.png', '2017-01-16 12:25:31'),
(53, 7, 2, NULL, 4, 1, 1, 'Extra negocios NIF', 'adeslas.png', '2017-01-16 12:25:49'),
(54, 7, 2, NULL, 4, 1, 1, 'Negocios CIF', 'adeslas.png', '2017-01-16 12:36:38'),
(55, 7, 2, NULL, 4, 1, 1, 'Extra negocios CIF', 'adeslas.png', '2017-01-16 12:36:54'),
(56, 7, 2, NULL, 4, 1, 1, 'Empresas', 'adeslas.png', '2017-01-16 12:41:44'),
(57, 7, 2, NULL, 4, 1, 1, 'Extra empresas', 'adeslas.png', '2017-01-16 12:41:58'),
(58, 10, 2, NULL, 4, 1, 1, 'Previsalud Oro', 'previsora_general.png', '2017-01-16 12:50:03'),
(59, 11, 2, NULL, 4, 1, 1, 'Primero', 'sanitas.png', '2017-01-17 08:34:22'),
(60, 11, 2, NULL, 4, 1, 1, 'Más salud óptima 100', 'sanitas.png', '2017-01-17 08:34:38'),
(61, 11, 2, NULL, 4, 1, 1, 'Profesionales plus 100', 'sanitas.png', '2017-01-17 08:42:25'),
(62, 11, 2, NULL, 4, 1, 1, 'Pro pyme salud', 'sanitas.png', '2017-01-17 08:52:02'),
(63, 11, 2, NULL, 4, 1, 1, 'Pro pyme salud 100', 'sanitas.png', '2017-01-17 08:52:19'),
(64, 3, 2, NULL, 4, 1, 1, 'Integral complet', 'dkv.png', '2017-01-17 09:53:06'),
(65, 3, 2, NULL, 4, 1, 1, 'Mundisalud plus', 'dkv.png', '2017-01-17 09:53:23'),
(66, 3, 2, NULL, 4, 1, 1, 'Integral elite compact', 'dkv.png', '2017-01-17 14:29:28'),
(67, 3, 2, NULL, 4, 1, 1, 'Mundisalud classic', 'dkv.png', '2017-01-17 14:29:50'),
(68, 3, 2, NULL, 4, 1, 1, 'Profesional complet', 'dkv.png', '2017-01-17 14:37:51'),
(69, 3, 2, NULL, 4, 1, 1, 'Mundisalud classic', 'dkv.png', '2017-01-17 14:38:06'),
(70, 3, 2, NULL, 4, 1, 1, 'Profesional classic', 'dkv.png', '2017-01-17 14:39:19'),
(71, 3, 2, NULL, 4, 1, 1, 'Integral elite', 'dkv.png', '2017-01-17 14:44:44'),
(72, 3, 2, NULL, 4, 1, 1, 'Mundisalud classic', 'dkv.png', '2017-01-17 14:45:00'),
(73, 15, 2, NULL, 4, 1, 1, 'Complet', 'axa.png', '2017-01-17 15:09:27'),
(74, 15, 2, NULL, 4, 1, 1, 'Vip', 'axa.png', '2017-01-17 15:10:07'),
(75, 16, 3, NULL, 1, 1, 1, 'A.R Nivelación +75', 'helvetia.png', '2017-01-30 08:51:16'),
(76, 1, 5, NULL, 1, 1, 1, 'MAPFRE protección de alquileres', 'mapfre.png', '2017-04-12 14:48:21');

-- --------------------------------------------------------

--
-- Estructura de tabla para la tabla `provincia`
--

CREATE TABLE IF NOT EXISTS `provincia` (
  `id` int(11) NOT NULL AUTO_INCREMENT,
  `id_provincia` varchar(255) COLLATE utf8_unicode_ci DEFAULT NULL COMMENT 'Prefijo de provincia',
  `provincia` varchar(255) COLLATE utf8_unicode_ci DEFAULT NULL,
  PRIMARY KEY (`id`)
) ENGINE=InnoDB  DEFAULT CHARSET=utf8 COLLATE=utf8_unicode_ci AUTO_INCREMENT=53 ;

--
-- Volcado de datos para la tabla `provincia`
--

INSERT INTO `provincia` (`id`, `id_provincia`, `provincia`) VALUES
(1, '02', 'Albacete'),
(2, '03', 'Alicante'),
(3, '04', 'Almería'),
(4, '01', 'Álava'),
(5, '33', 'Asturias'),
(6, '05', 'Ávila'),
(7, '06', 'Badajoz'),
(8, '07', 'Baleares (Islas)'),
(9, '08', 'Barcelona'),
(10, '48', 'Bizkaia'),
(11, '09', 'Burgos'),
(12, '10', 'Cáceres'),
(13, '11', 'Cádiz'),
(14, '39', 'Cantabria'),
(15, '12', 'Castellón'),
(16, '51', 'Ceuta'),
(17, '13', 'Ciudad Real'),
(18, '14', 'Córdoba'),
(19, '15', 'La Coruña'),
(20, '16', 'Cuenca'),
(21, '20', 'Gipuzkoa'),
(22, '17', 'Girona'),
(23, '18', 'Granada'),
(24, '19', 'Guadalajara'),
(25, '21', 'Huelva'),
(26, '22', 'Huesca'),
(27, '23', 'Jaén'),
(28, '24', 'León'),
(29, '27', 'Lugo'),
(30, '25', 'Lleida'),
(31, '28', 'Madrid'),
(32, '29', 'Málaga'),
(33, '52', 'Melilla'),
(34, '30', 'Murcia'),
(35, '31', 'Navarra'),
(36, '32', 'Ourense'),
(37, '34', 'Palencia'),
(38, '35', 'Las Palmas'),
(39, '36', 'Pontevedra'),
(40, '26', 'La Rioja'),
(41, '37', 'Salamanca'),
(42, '38', 'Santa Cruz de Tenerife'),
(43, '40', 'Segovia'),
(44, '41', 'Sevilla'),
(45, '42', 'Soria'),
(46, '43', 'Tarragona'),
(47, '44', 'Teruel'),
(48, '45', 'Toledo'),
(49, '46', 'Valencia'),
(50, '47', 'Valladolid'),
(51, '49', 'Zamora'),
(52, '50', 'Zaragoza');

-- --------------------------------------------------------

--
-- Estructura de tabla para la tabla `provincias_zonas`
--

CREATE TABLE IF NOT EXISTS `provincias_zonas` (
  `id` int(11) NOT NULL AUTO_INCREMENT,
  `id_zona` int(11) NOT NULL,
  `id_provincia` int(11) DEFAULT NULL,
  `incluida` tinyint(1) NOT NULL DEFAULT '0' COMMENT 'Nos indica si esa provincia esta incluida en la zona seleccionada o no',
  PRIMARY KEY (`id`),
  KEY `idx_pz_12345` (`id_provincia`),
  KEY `id_zona` (`id_zona`)
) ENGINE=InnoDB  DEFAULT CHARSET=utf8 COMMENT='idx_pz_1234' AUTO_INCREMENT=1147 ;

--
-- Volcado de datos para la tabla `provincias_zonas`
--

INSERT INTO `provincias_zonas` (`id`, `id_zona`, `id_provincia`, `incluida`) VALUES
(1, 1, 1, 1),
(2, 1, 2, 1),
(3, 1, 3, 1),
(4, 1, 4, 1),
(5, 1, 5, 1),
(6, 1, 6, 1),
(7, 1, 7, 1),
(8, 1, 8, 1),
(9, 1, 9, 1),
(10, 1, 10, 1),
(11, 1, 11, 1),
(12, 1, 12, 1),
(13, 1, 13, 1),
(14, 1, 14, 1),
(15, 1, 15, 1),
(16, 1, 16, 1),
(17, 1, 17, 1),
(18, 1, 18, 1),
(19, 1, 19, 1),
(20, 1, 20, 1),
(21, 1, 21, 1),
(22, 1, 22, 1),
(23, 1, 23, 1),
(24, 1, 24, 1),
(25, 1, 25, 1),
(26, 1, 26, 1),
(27, 1, 27, 1),
(28, 1, 28, 1),
(29, 1, 29, 1),
(30, 1, 30, 1),
(31, 1, 31, 1),
(32, 1, 32, 1),
(33, 1, 33, 1),
(34, 1, 34, 1),
(35, 1, 35, 1),
(36, 1, 36, 1),
(37, 1, 37, 1),
(38, 1, 38, 1),
(39, 1, 39, 1),
(40, 1, 40, 1),
(41, 1, 41, 1),
(42, 1, 42, 1),
(43, 1, 43, 1),
(44, 1, 44, 1),
(45, 1, 45, 1),
(46, 1, 46, 1),
(47, 1, 47, 1),
(48, 1, 48, 1),
(49, 1, 49, 1),
(50, 1, 50, 1),
(51, 1, 51, 1),
(52, 1, 52, 1),
(211, 17, 1, 1),
(212, 17, 2, 1),
(213, 17, 3, 1),
(214, 17, 4, 0),
(215, 17, 5, 1),
(216, 17, 6, 1),
(217, 17, 7, 1),
(218, 17, 8, 0),
(219, 17, 9, 0),
(220, 17, 10, 1),
(221, 17, 11, 0),
(222, 17, 12, 1),
(223, 17, 13, 1),
(224, 17, 14, 1),
(225, 17, 15, 1),
(226, 17, 16, 1),
(227, 17, 17, 1),
(228, 17, 18, 1),
(229, 17, 19, 1),
(230, 17, 20, 1),
(231, 17, 21, 0),
(232, 17, 22, 0),
(233, 17, 23, 1),
(234, 17, 24, 1),
(235, 17, 25, 1),
(236, 17, 26, 1),
(237, 17, 27, 1),
(238, 17, 28, 1),
(239, 17, 29, 1),
(240, 17, 30, 0),
(241, 17, 31, 1),
(242, 17, 32, 1),
(243, 17, 33, 1),
(244, 17, 34, 1),
(245, 17, 35, 0),
(246, 17, 36, 1),
(247, 17, 37, 0),
(248, 17, 38, 1),
(249, 17, 39, 1),
(250, 17, 40, 0),
(251, 17, 41, 0),
(252, 17, 42, 1),
(253, 17, 43, 1),
(254, 17, 44, 1),
(255, 17, 45, 0),
(256, 17, 46, 0),
(257, 17, 47, 1),
(258, 17, 48, 1),
(259, 17, 49, 1),
(260, 17, 50, 0),
(261, 17, 51, 0),
(262, 17, 52, 1),
(263, 18, 1, 1),
(264, 18, 2, 1),
(265, 18, 3, 1),
(266, 18, 4, 1),
(267, 18, 5, 1),
(268, 18, 6, 0),
(269, 18, 7, 0),
(270, 18, 8, 0),
(271, 18, 9, 0),
(272, 18, 10, 0),
(273, 18, 11, 0),
(274, 18, 12, 0),
(275, 18, 13, 0),
(276, 18, 14, 0),
(277, 18, 15, 0),
(278, 18, 16, 0),
(279, 18, 17, 0),
(280, 18, 18, 0),
(281, 18, 19, 0),
(282, 18, 20, 0),
(283, 18, 21, 0),
(284, 18, 22, 0),
(285, 18, 23, 0),
(286, 18, 24, 0),
(287, 18, 25, 0),
(288, 18, 26, 0),
(289, 18, 27, 0),
(290, 18, 28, 0),
(291, 18, 29, 0),
(292, 18, 30, 0),
(293, 18, 31, 0),
(294, 18, 32, 0),
(295, 18, 33, 0),
(296, 18, 34, 0),
(297, 18, 35, 0),
(298, 18, 36, 0),
(299, 18, 37, 0),
(300, 18, 38, 0),
(301, 18, 39, 1),
(302, 18, 40, 1),
(303, 18, 41, 1),
(304, 18, 42, 0),
(305, 18, 43, 0),
(306, 18, 44, 0),
(307, 18, 45, 0),
(308, 18, 46, 0),
(309, 18, 47, 0),
(310, 18, 48, 0),
(311, 18, 49, 0),
(312, 18, 50, 0),
(313, 18, 51, 0),
(314, 18, 52, 0),
(315, 19, 1, 1),
(316, 19, 2, 1),
(317, 19, 3, 1),
(318, 19, 4, 0),
(319, 19, 5, 0),
(320, 19, 6, 0),
(321, 19, 7, 0),
(322, 19, 8, 0),
(323, 19, 9, 0),
(324, 19, 10, 0),
(325, 19, 11, 0),
(326, 19, 12, 0),
(327, 19, 13, 0),
(328, 19, 14, 0),
(329, 19, 15, 0),
(330, 19, 16, 0),
(331, 19, 17, 0),
(332, 19, 18, 0),
(333, 19, 19, 0),
(334, 19, 20, 0),
(335, 19, 21, 0),
(336, 19, 22, 0),
(337, 19, 23, 0),
(338, 19, 24, 0),
(339, 19, 25, 0),
(340, 19, 26, 0),
(341, 19, 27, 0),
(342, 19, 28, 0),
(343, 19, 29, 0),
(344, 19, 30, 0),
(345, 19, 31, 0),
(346, 19, 32, 0),
(347, 19, 33, 0),
(348, 19, 34, 0),
(349, 19, 35, 0),
(350, 19, 36, 0),
(351, 19, 37, 0),
(352, 19, 38, 0),
(353, 19, 39, 0),
(354, 19, 40, 0),
(355, 19, 41, 0),
(356, 19, 42, 0),
(357, 19, 43, 0),
(358, 19, 44, 0),
(359, 19, 45, 0),
(360, 19, 46, 0),
(361, 19, 47, 0),
(362, 19, 48, 0),
(363, 19, 49, 1),
(364, 19, 50, 0),
(365, 19, 51, 0),
(366, 19, 52, 0),
(367, 20, 1, 1),
(368, 20, 2, 1),
(369, 20, 3, 0),
(370, 20, 4, 0),
(371, 20, 5, 0),
(372, 20, 6, 1),
(373, 20, 7, 1),
(374, 20, 8, 0),
(375, 20, 9, 1),
(376, 20, 10, 0),
(377, 20, 11, 1),
(378, 20, 12, 1),
(379, 20, 13, 0),
(380, 20, 14, 0),
(381, 20, 15, 1),
(382, 20, 16, 0),
(383, 20, 17, 1),
(384, 20, 18, 0),
(385, 20, 19, 1),
(386, 20, 20, 1),
(387, 20, 21, 0),
(388, 20, 22, 1),
(389, 20, 23, 0),
(390, 20, 24, 1),
(391, 20, 25, 0),
(392, 20, 26, 0),
(393, 20, 27, 1),
(394, 20, 28, 1),
(395, 20, 29, 1),
(396, 20, 30, 0),
(397, 20, 31, 1),
(398, 20, 32, 0),
(399, 20, 33, 0),
(400, 20, 34, 1),
(401, 20, 35, 0),
(402, 20, 36, 0),
(403, 20, 37, 1),
(404, 20, 38, 0),
(405, 20, 39, 0),
(406, 20, 40, 0),
(407, 20, 41, 1),
(408, 20, 42, 0),
(409, 20, 43, 1),
(410, 20, 44, 0),
(411, 20, 45, 0),
(412, 20, 46, 0),
(413, 20, 47, 1),
(414, 20, 48, 1),
(415, 20, 49, 1),
(416, 20, 50, 1),
(417, 20, 51, 1),
(418, 20, 52, 1),
(419, 21, 1, 0),
(420, 21, 2, 0),
(421, 21, 3, 1),
(422, 21, 4, 0),
(423, 21, 5, 1),
(424, 21, 6, 0),
(425, 21, 7, 0),
(426, 21, 8, 0),
(427, 21, 9, 0),
(428, 21, 10, 0),
(429, 21, 11, 0),
(430, 21, 12, 0),
(431, 21, 13, 1),
(432, 21, 14, 0),
(433, 21, 15, 0),
(434, 21, 16, 0),
(435, 21, 17, 0),
(436, 21, 18, 1),
(437, 21, 19, 0),
(438, 21, 20, 0),
(439, 21, 21, 0),
(440, 21, 22, 0),
(441, 21, 23, 0),
(442, 21, 24, 0),
(443, 21, 25, 1),
(444, 21, 26, 1),
(445, 21, 27, 0),
(446, 21, 28, 0),
(447, 21, 29, 0),
(448, 21, 30, 1),
(449, 21, 31, 0),
(450, 21, 32, 0),
(451, 21, 33, 0),
(452, 21, 34, 0),
(453, 21, 35, 0),
(454, 21, 36, 0),
(455, 21, 37, 0),
(456, 21, 38, 0),
(457, 21, 39, 1),
(458, 21, 40, 0),
(459, 21, 41, 0),
(460, 21, 42, 0),
(461, 21, 43, 0),
(462, 21, 44, 1),
(463, 21, 45, 0),
(464, 21, 46, 1),
(465, 21, 47, 0),
(466, 21, 48, 0),
(467, 21, 49, 0),
(468, 21, 50, 0),
(469, 21, 51, 0),
(470, 21, 52, 0),
(471, 22, 1, 0),
(472, 22, 2, 0),
(473, 22, 3, 0),
(474, 22, 4, 0),
(475, 22, 5, 0),
(476, 22, 6, 0),
(477, 22, 7, 0),
(478, 22, 8, 1),
(479, 22, 9, 0),
(480, 22, 10, 0),
(481, 22, 11, 0),
(482, 22, 12, 0),
(483, 22, 13, 0),
(484, 22, 14, 0),
(485, 22, 15, 0),
(486, 22, 16, 0),
(487, 22, 17, 0),
(488, 22, 18, 0),
(489, 22, 19, 0),
(490, 22, 20, 0),
(491, 22, 21, 0),
(492, 22, 22, 0),
(493, 22, 23, 1),
(494, 22, 24, 0),
(495, 22, 25, 0),
(496, 22, 26, 0),
(497, 22, 27, 0),
(498, 22, 28, 0),
(499, 22, 29, 0),
(500, 22, 30, 0),
(501, 22, 31, 0),
(502, 22, 32, 1),
(503, 22, 33, 0),
(504, 22, 34, 0),
(505, 22, 35, 0),
(506, 22, 36, 1),
(507, 22, 37, 0),
(508, 22, 38, 1),
(509, 22, 39, 0),
(510, 22, 40, 0),
(511, 22, 41, 0),
(512, 22, 42, 1),
(513, 22, 43, 0),
(514, 22, 44, 0),
(515, 22, 45, 0),
(516, 22, 46, 0),
(517, 22, 47, 0),
(518, 22, 48, 0),
(519, 22, 49, 0),
(520, 22, 50, 0),
(521, 22, 51, 0),
(522, 22, 52, 0),
(523, 23, 1, 0),
(524, 23, 2, 0),
(525, 23, 3, 0),
(526, 23, 4, 1),
(527, 23, 5, 0),
(528, 23, 6, 0),
(529, 23, 7, 0),
(530, 23, 8, 0),
(531, 23, 9, 0),
(532, 23, 10, 1),
(533, 23, 11, 0),
(534, 23, 12, 0),
(535, 23, 13, 0),
(536, 23, 14, 1),
(537, 23, 15, 0),
(538, 23, 16, 0),
(539, 23, 17, 0),
(540, 23, 18, 0),
(541, 23, 19, 0),
(542, 23, 20, 0),
(543, 23, 21, 1),
(544, 23, 22, 0),
(545, 23, 23, 0),
(546, 23, 24, 0),
(547, 23, 25, 0),
(548, 23, 26, 0),
(549, 23, 27, 0),
(550, 23, 28, 0),
(551, 23, 29, 0),
(552, 23, 30, 0),
(553, 23, 31, 0),
(554, 23, 32, 0),
(555, 23, 33, 0),
(556, 23, 34, 0),
(557, 23, 35, 1),
(558, 23, 36, 0),
(559, 23, 37, 0),
(560, 23, 38, 0),
(561, 23, 39, 0),
(562, 23, 40, 1),
(563, 23, 41, 0),
(564, 23, 42, 0),
(565, 23, 43, 0),
(566, 23, 44, 0),
(567, 23, 45, 0),
(568, 23, 46, 0),
(569, 23, 47, 0),
(570, 23, 48, 0),
(571, 23, 49, 0),
(572, 23, 50, 0),
(573, 23, 51, 0),
(574, 23, 52, 0),
(575, 24, 1, 1),
(576, 24, 2, 1),
(577, 24, 3, 1),
(578, 24, 4, 1),
(579, 24, 5, 1),
(580, 24, 6, 1),
(581, 24, 7, 1),
(582, 24, 8, 0),
(583, 24, 9, 0),
(584, 24, 10, 1),
(585, 24, 11, 1),
(586, 24, 12, 1),
(587, 24, 13, 1),
(588, 24, 14, 1),
(589, 24, 15, 1),
(590, 24, 16, 1),
(591, 24, 17, 1),
(592, 24, 18, 1),
(593, 24, 19, 1),
(594, 24, 20, 1),
(595, 24, 21, 1),
(596, 24, 22, 0),
(597, 24, 23, 1),
(598, 24, 24, 1),
(599, 24, 25, 1),
(600, 24, 26, 1),
(601, 24, 27, 1),
(602, 24, 28, 1),
(603, 24, 29, 1),
(604, 24, 30, 0),
(605, 24, 31, 1),
(606, 24, 32, 1),
(607, 24, 33, 1),
(608, 24, 34, 1),
(609, 24, 35, 1),
(610, 24, 36, 1),
(611, 24, 37, 1),
(612, 24, 38, 1),
(613, 24, 39, 1),
(614, 24, 40, 1),
(615, 24, 41, 1),
(616, 24, 42, 1),
(617, 24, 43, 1),
(618, 24, 44, 1),
(619, 24, 45, 1),
(620, 24, 46, 0),
(621, 24, 47, 1),
(622, 24, 48, 1),
(623, 24, 49, 1),
(624, 24, 50, 1),
(625, 24, 51, 1),
(626, 24, 52, 1),
(627, 25, 1, 0),
(628, 25, 2, 0),
(629, 25, 3, 0),
(630, 25, 4, 0),
(631, 25, 5, 0),
(632, 25, 6, 0),
(633, 25, 7, 0),
(634, 25, 8, 0),
(635, 25, 9, 1),
(636, 25, 10, 0),
(637, 25, 11, 0),
(638, 25, 12, 0),
(639, 25, 13, 0),
(640, 25, 14, 0),
(641, 25, 15, 0),
(642, 25, 16, 0),
(643, 25, 17, 0),
(644, 25, 18, 0),
(645, 25, 19, 0),
(646, 25, 20, 0),
(647, 25, 21, 0),
(648, 25, 22, 1),
(649, 25, 23, 0),
(650, 25, 24, 0),
(651, 25, 25, 0),
(652, 25, 26, 0),
(653, 25, 27, 0),
(654, 25, 28, 0),
(655, 25, 29, 0),
(656, 25, 30, 1),
(657, 25, 31, 0),
(658, 25, 32, 0),
(659, 25, 33, 0),
(660, 25, 34, 0),
(661, 25, 35, 0),
(662, 25, 36, 0),
(663, 25, 37, 0),
(664, 25, 38, 0),
(665, 25, 39, 0),
(666, 25, 40, 0),
(667, 25, 41, 0),
(668, 25, 42, 0),
(669, 25, 43, 0),
(670, 25, 44, 0),
(671, 25, 45, 0),
(672, 25, 46, 1),
(673, 25, 47, 0),
(674, 25, 48, 0),
(675, 25, 49, 0),
(676, 25, 50, 0),
(677, 25, 51, 0),
(678, 25, 52, 0),
(679, 26, 1, 0),
(680, 26, 2, 0),
(681, 26, 3, 0),
(682, 26, 4, 0),
(683, 26, 5, 0),
(684, 26, 6, 0),
(685, 26, 7, 0),
(686, 26, 8, 1),
(687, 26, 9, 0),
(688, 26, 10, 0),
(689, 26, 11, 0),
(690, 26, 12, 0),
(691, 26, 13, 0),
(692, 26, 14, 0),
(693, 26, 15, 0),
(694, 26, 16, 0),
(695, 26, 17, 0),
(696, 26, 18, 0),
(697, 26, 19, 0),
(698, 26, 20, 0),
(699, 26, 21, 0),
(700, 26, 22, 0),
(701, 26, 23, 0),
(702, 26, 24, 0),
(703, 26, 25, 0),
(704, 26, 26, 0),
(705, 26, 27, 0),
(706, 26, 28, 0),
(707, 26, 29, 0),
(708, 26, 30, 0),
(709, 26, 31, 0),
(710, 26, 32, 0),
(711, 26, 33, 0),
(712, 26, 34, 0),
(713, 26, 35, 0),
(714, 26, 36, 0),
(715, 26, 37, 0),
(716, 26, 38, 0),
(717, 26, 39, 0),
(718, 26, 40, 0),
(719, 26, 41, 0),
(720, 26, 42, 0),
(721, 26, 43, 0),
(722, 26, 44, 0),
(723, 26, 45, 0),
(724, 26, 46, 0),
(725, 26, 47, 0),
(726, 26, 48, 0),
(727, 26, 49, 0),
(728, 26, 50, 0),
(729, 26, 51, 0),
(730, 26, 52, 0),
(731, 27, 1, 0),
(732, 27, 2, 0),
(733, 27, 3, 0),
(734, 27, 4, 0),
(735, 27, 5, 0),
(736, 27, 6, 0),
(737, 27, 7, 0),
(738, 27, 8, 0),
(739, 27, 9, 0),
(740, 27, 10, 0),
(741, 27, 11, 0),
(742, 27, 12, 0),
(743, 27, 13, 0),
(744, 27, 14, 0),
(745, 27, 15, 0),
(746, 27, 16, 0),
(747, 27, 17, 0),
(748, 27, 18, 0),
(749, 27, 19, 0),
(750, 27, 20, 0),
(751, 27, 21, 0),
(752, 27, 22, 0),
(753, 27, 23, 0),
(754, 27, 24, 0),
(755, 27, 25, 0),
(756, 27, 26, 0),
(757, 27, 27, 0),
(758, 27, 28, 0),
(759, 27, 29, 0),
(760, 27, 30, 0),
(761, 27, 31, 0),
(762, 27, 32, 0),
(763, 27, 33, 0),
(764, 27, 34, 0),
(765, 27, 35, 0),
(766, 27, 36, 0),
(767, 27, 37, 0),
(768, 27, 38, 1),
(769, 27, 39, 0),
(770, 27, 40, 0),
(771, 27, 41, 0),
(772, 27, 42, 1),
(773, 27, 43, 0),
(774, 27, 44, 0),
(775, 27, 45, 0),
(776, 27, 46, 0),
(777, 27, 47, 0),
(778, 27, 48, 0),
(779, 27, 49, 0),
(780, 27, 50, 0),
(781, 27, 51, 0),
(782, 27, 52, 0),
(783, 28, 1, 0),
(784, 28, 2, 0),
(785, 28, 3, 0),
(786, 28, 4, 0),
(787, 28, 5, 0),
(788, 28, 6, 0),
(789, 28, 7, 0),
(790, 28, 8, 1),
(791, 28, 9, 0),
(792, 28, 10, 0),
(793, 28, 11, 0),
(794, 28, 12, 0),
(795, 28, 13, 0),
(796, 28, 14, 0),
(797, 28, 15, 0),
(798, 28, 16, 0),
(799, 28, 17, 0),
(800, 28, 18, 0),
(801, 28, 19, 0),
(802, 28, 20, 0),
(803, 28, 21, 0),
(804, 28, 22, 0),
(805, 28, 23, 0),
(806, 28, 24, 0),
(807, 28, 25, 0),
(808, 28, 26, 0),
(809, 28, 27, 0),
(810, 28, 28, 0),
(811, 28, 29, 0),
(812, 28, 30, 0),
(813, 28, 31, 0),
(814, 28, 32, 0),
(815, 28, 33, 0),
(816, 28, 34, 0),
(817, 28, 35, 0),
(818, 28, 36, 0),
(819, 28, 37, 0),
(820, 28, 38, 0),
(821, 28, 39, 0),
(822, 28, 40, 0),
(823, 28, 41, 0),
(824, 28, 42, 0),
(825, 28, 43, 0),
(826, 28, 44, 0),
(827, 28, 45, 0),
(828, 28, 46, 0),
(829, 28, 47, 0),
(830, 28, 48, 0),
(831, 28, 49, 0),
(832, 28, 50, 0),
(833, 28, 51, 0),
(834, 28, 52, 0),
(835, 29, 1, 0),
(836, 29, 2, 0),
(837, 29, 3, 0),
(838, 29, 4, 0),
(839, 29, 5, 0),
(840, 29, 6, 0),
(841, 29, 7, 0),
(842, 29, 8, 0),
(843, 29, 9, 1),
(844, 29, 10, 0),
(845, 29, 11, 0),
(846, 29, 12, 0),
(847, 29, 13, 0),
(848, 29, 14, 0),
(849, 29, 15, 0),
(850, 29, 16, 0),
(851, 29, 17, 0),
(852, 29, 18, 0),
(853, 29, 19, 0),
(854, 29, 20, 0),
(855, 29, 21, 0),
(856, 29, 22, 0),
(857, 29, 23, 0),
(858, 29, 24, 0),
(859, 29, 25, 0),
(860, 29, 26, 0),
(861, 29, 27, 0),
(862, 29, 28, 0),
(863, 29, 29, 0),
(864, 29, 30, 0),
(865, 29, 31, 0),
(866, 29, 32, 0),
(867, 29, 33, 0),
(868, 29, 34, 0),
(869, 29, 35, 0),
(870, 29, 36, 0),
(871, 29, 37, 0),
(872, 29, 38, 0),
(873, 29, 39, 0),
(874, 29, 40, 0),
(875, 29, 41, 0),
(876, 29, 42, 0),
(877, 29, 43, 0),
(878, 29, 44, 0),
(879, 29, 45, 0),
(880, 29, 46, 0),
(881, 29, 47, 0),
(882, 29, 48, 0),
(883, 29, 49, 0),
(884, 29, 50, 0),
(885, 29, 51, 0),
(886, 29, 52, 0),
(887, 30, 1, 0),
(888, 30, 2, 0),
(889, 30, 3, 0),
(890, 30, 4, 0),
(891, 30, 5, 0),
(892, 30, 6, 0),
(893, 30, 7, 0),
(894, 30, 8, 0),
(895, 30, 9, 0),
(896, 30, 10, 0),
(897, 30, 11, 0),
(898, 30, 12, 0),
(899, 30, 13, 0),
(900, 30, 14, 0),
(901, 30, 15, 0),
(902, 30, 16, 0),
(903, 30, 17, 0),
(904, 30, 18, 0),
(905, 30, 19, 0),
(906, 30, 20, 0),
(907, 30, 21, 1),
(908, 30, 22, 0),
(909, 30, 23, 0),
(910, 30, 24, 0),
(911, 30, 25, 0),
(912, 30, 26, 0),
(913, 30, 27, 0),
(914, 30, 28, 0),
(915, 30, 29, 0),
(916, 30, 30, 0),
(917, 30, 31, 1),
(918, 30, 32, 0),
(919, 30, 33, 0),
(920, 30, 34, 0),
(921, 30, 35, 0),
(922, 30, 36, 0),
(923, 30, 37, 0),
(924, 30, 38, 0),
(925, 30, 39, 0),
(926, 30, 40, 1),
(927, 30, 41, 0),
(928, 30, 42, 0),
(929, 30, 43, 0),
(930, 30, 44, 0),
(931, 30, 45, 0),
(932, 30, 46, 0),
(933, 30, 47, 0),
(934, 30, 48, 0),
(935, 30, 49, 1),
(936, 30, 50, 0),
(937, 30, 51, 0),
(938, 30, 52, 1),
(939, 31, 1, 1),
(940, 31, 2, 1),
(941, 31, 3, 1),
(942, 31, 4, 1),
(943, 31, 5, 1),
(944, 31, 6, 1),
(945, 31, 7, 1),
(946, 31, 8, 0),
(947, 31, 9, 0),
(948, 31, 10, 1),
(949, 31, 11, 1),
(950, 31, 12, 1),
(951, 31, 13, 1),
(952, 31, 14, 1),
(953, 31, 15, 1),
(954, 31, 16, 1),
(955, 31, 17, 1),
(956, 31, 18, 1),
(957, 31, 19, 1),
(958, 31, 20, 1),
(959, 31, 21, 0),
(960, 31, 22, 1),
(961, 31, 23, 1),
(962, 31, 24, 1),
(963, 31, 25, 1),
(964, 31, 26, 1),
(965, 31, 27, 1),
(966, 31, 28, 1),
(967, 31, 29, 1),
(968, 31, 30, 1),
(969, 31, 31, 0),
(970, 31, 32, 1),
(971, 31, 33, 1),
(972, 31, 34, 1),
(973, 31, 35, 1),
(974, 31, 36, 1),
(975, 31, 37, 1),
(976, 31, 38, 0),
(977, 31, 39, 1),
(978, 31, 40, 0),
(979, 31, 41, 1),
(980, 31, 42, 0),
(981, 31, 43, 1),
(982, 31, 44, 1),
(983, 31, 45, 1),
(984, 31, 46, 1),
(985, 31, 47, 1),
(986, 31, 48, 1),
(987, 31, 49, 0),
(988, 31, 50, 1),
(989, 31, 51, 1),
(990, 31, 52, 0),
(991, 32, 1, 0),
(992, 32, 2, 0),
(993, 32, 3, 0),
(994, 32, 4, 0),
(995, 32, 5, 0),
(996, 32, 6, 0),
(997, 32, 7, 0),
(998, 32, 8, 1),
(999, 32, 9, 1),
(1000, 32, 10, 0),
(1001, 32, 11, 0),
(1002, 32, 12, 0),
(1003, 32, 13, 0),
(1004, 32, 14, 0),
(1005, 32, 15, 0),
(1006, 32, 16, 0),
(1007, 32, 17, 0),
(1008, 32, 18, 0),
(1009, 32, 19, 0),
(1010, 32, 20, 0),
(1011, 32, 21, 0),
(1012, 32, 22, 0),
(1013, 32, 23, 0),
(1014, 32, 24, 0),
(1015, 32, 25, 0),
(1016, 32, 26, 0),
(1017, 32, 27, 0),
(1018, 32, 28, 0),
(1019, 32, 29, 0),
(1020, 32, 30, 0),
(1021, 32, 31, 0),
(1022, 32, 32, 0),
(1023, 32, 33, 0),
(1024, 32, 34, 0),
(1025, 32, 35, 0),
(1026, 32, 36, 0),
(1027, 32, 37, 0),
(1028, 32, 38, 0),
(1029, 32, 39, 0),
(1030, 32, 40, 0),
(1031, 32, 41, 0),
(1032, 32, 42, 0),
(1033, 32, 43, 0),
(1034, 32, 44, 0),
(1035, 32, 45, 0),
(1036, 32, 46, 0),
(1037, 32, 47, 0),
(1038, 32, 48, 0),
(1039, 32, 49, 0),
(1040, 32, 50, 0),
(1041, 32, 51, 0),
(1042, 32, 52, 0),
(1043, 33, 1, 0),
(1044, 33, 2, 0),
(1045, 33, 3, 0),
(1046, 33, 4, 0),
(1047, 33, 5, 0),
(1048, 33, 6, 0),
(1049, 33, 7, 0),
(1050, 33, 8, 0),
(1051, 33, 9, 0),
(1052, 33, 10, 0),
(1053, 33, 11, 0),
(1054, 33, 12, 0),
(1055, 33, 13, 0),
(1056, 33, 14, 0),
(1057, 33, 15, 0),
(1058, 33, 16, 0),
(1059, 33, 17, 0),
(1060, 33, 18, 0),
(1061, 33, 19, 0),
(1062, 33, 20, 0),
(1063, 33, 21, 0),
(1064, 33, 22, 1),
(1065, 33, 23, 0),
(1066, 33, 24, 0),
(1067, 33, 25, 0),
(1068, 33, 26, 0),
(1069, 33, 27, 0),
(1070, 33, 28, 0),
(1071, 33, 29, 0),
(1072, 33, 30, 1),
(1073, 33, 31, 0),
(1074, 33, 32, 0),
(1075, 33, 33, 0),
(1076, 33, 34, 0),
(1077, 33, 35, 0),
(1078, 33, 36, 0),
(1079, 33, 37, 0),
(1080, 33, 38, 0),
(1081, 33, 39, 0),
(1082, 33, 40, 0),
(1083, 33, 41, 0),
(1084, 33, 42, 0),
(1085, 33, 43, 0),
(1086, 33, 44, 0),
(1087, 33, 45, 0),
(1088, 33, 46, 1),
(1089, 33, 47, 0),
(1090, 33, 48, 0),
(1091, 33, 49, 0),
(1092, 33, 50, 0),
(1093, 33, 51, 0),
(1094, 33, 52, 0),
(1095, 34, 1, 1),
(1096, 34, 2, 1),
(1097, 34, 3, 1),
(1098, 34, 4, 1),
(1099, 34, 5, 1),
(1100, 34, 6, 1),
(1101, 34, 7, 1),
(1102, 34, 8, 0),
(1103, 34, 9, 0),
(1104, 34, 10, 1),
(1105, 34, 11, 1),
(1106, 34, 12, 1),
(1107, 34, 13, 1),
(1108, 34, 14, 1),
(1109, 34, 15, 1),
(1110, 34, 16, 1),
(1111, 34, 17, 1),
(1112, 34, 18, 1),
(1113, 34, 19, 1),
(1114, 34, 20, 1),
(1115, 34, 21, 1),
(1116, 34, 22, 0),
(1117, 34, 23, 1),
(1118, 34, 24, 1),
(1119, 34, 25, 1),
(1120, 34, 26, 1),
(1121, 34, 27, 1),
(1122, 34, 28, 1),
(1123, 34, 29, 1),
(1124, 34, 30, 0),
(1125, 34, 31, 1),
(1126, 34, 32, 1),
(1127, 34, 33, 1),
(1128, 34, 34, 1),
(1129, 34, 35, 1),
(1130, 34, 36, 1),
(1131, 34, 37, 1),
(1132, 34, 38, 1),
(1133, 34, 39, 1),
(1134, 34, 40, 1),
(1135, 34, 41, 1),
(1136, 34, 42, 1),
(1137, 34, 43, 1),
(1138, 34, 44, 1),
(1139, 34, 45, 1),
(1140, 34, 46, 0),
(1141, 34, 47, 1),
(1142, 34, 48, 1),
(1143, 34, 49, 1),
(1144, 34, 50, 1),
(1145, 34, 51, 1),
(1146, 34, 52, 1);

-- --------------------------------------------------------

--
-- Estructura de tabla para la tabla `ramos_correduria`
--

CREATE TABLE IF NOT EXISTS `ramos_correduria` (
  `id` int(11) NOT NULL AUTO_INCREMENT,
  `correduria_id` int(11) NOT NULL,
  `ramo_id` int(11) NOT NULL,
  PRIMARY KEY (`id`),
  KEY `correduria_id` (`correduria_id`,`ramo_id`),
  KEY `ramo_id` (`ramo_id`)
) ENGINE=InnoDB  DEFAULT CHARSET=utf8 AUTO_INCREMENT=17 ;

--
-- Volcado de datos para la tabla `ramos_correduria`
--

INSERT INTO `ramos_correduria` (`id`, `correduria_id`, `ramo_id`) VALUES
(1, 1, 1),
(2, 1, 2),
(3, 1, 3),
(4, 1, 4),
(5, 2, 2),
(6, 2, 3),
(10, 4, 2),
(7, 5, 2),
(8, 5, 3),
(12, 5, 6),
(13, 5, 7),
(14, 6, 2),
(9, 9, 5),
(11, 10, 2),
(15, 11, 3),
(16, 11, 5);

-- --------------------------------------------------------

--
-- Estructura de tabla para la tabla `ramo_especial_subcategoria`
--

CREATE TABLE IF NOT EXISTS `ramo_especial_subcategoria` (
  `id` int(11) NOT NULL AUTO_INCREMENT,
  `codigo` varchar(5) NOT NULL,
  `nombre` varchar(255) NOT NULL,
  PRIMARY KEY (`id`)
) ENGINE=InnoDB  DEFAULT CHARSET=utf8 AUTO_INCREMENT=2 ;

--
-- Volcado de datos para la tabla `ramo_especial_subcategoria`
--

INSERT INTO `ramo_especial_subcategoria` (`id`, `codigo`, `nombre`) VALUES
(1, 'DEP', 'Seguro deportivo');

-- --------------------------------------------------------

--
-- Estructura de tabla para la tabla `ramo_seguros`
--

CREATE TABLE IF NOT EXISTS `ramo_seguros` (
  `id` int(11) NOT NULL AUTO_INCREMENT,
  `codigo` varchar(5) COLLATE utf8_unicode_ci NOT NULL,
  `name` varchar(255) COLLATE utf8_unicode_ci DEFAULT NULL,
  PRIMARY KEY (`id`),
  UNIQUE KEY `codigo` (`codigo`)
) ENGINE=InnoDB  DEFAULT CHARSET=utf8 COLLATE=utf8_unicode_ci AUTO_INCREMENT=8 ;

--
-- Volcado de datos para la tabla `ramo_seguros`
--

INSERT INTO `ramo_seguros` (`id`, `codigo`, `name`) VALUES
(1, 'VID', 'Vida'),
(2, 'SAL', 'Salud'),
(3, 'DCS', 'Decesos'),
(4, 'HOG', 'Hogar'),
(5, 'ALQ', 'Alquiler'),
(6, 'FRM', 'Formulario'),
(7, 'ESP', 'Especial');

-- --------------------------------------------------------

--
-- Estructura de tabla para la tabla `rango_numero_personas`
--

CREATE TABLE IF NOT EXISTS `rango_numero_personas` (
  `id` int(11) NOT NULL AUTO_INCREMENT,
  `nombre` varchar(20) NOT NULL,
  `valor_minimo` int(11) NOT NULL,
  `valor_maximo` int(11) NOT NULL,
  PRIMARY KEY (`id`)
) ENGINE=InnoDB  DEFAULT CHARSET=utf8 AUTO_INCREMENT=22 ;

--
-- Volcado de datos para la tabla `rango_numero_personas`
--

INSERT INTO `rango_numero_personas` (`id`, `nombre`, `valor_minimo`, `valor_maximo`) VALUES
(1, '1-1', 1, 1),
(2, '1-2', 1, 2),
(3, '1-3', 1, 3),
(4, '1-4', 1, 4),
(5, '1-5', 1, 5),
(6, '1-6', 1, 6),
(7, '2-2', 2, 2),
(8, '2-3', 2, 3),
(9, '2-4', 2, 4),
(10, '2-5', 2, 5),
(11, '2-6', 2, 6),
(12, '3-3', 3, 3),
(13, '3-4', 3, 4),
(14, '3-5', 3, 5),
(15, '3-6', 3, 6),
(16, '4-4', 4, 4),
(17, '4-5', 4, 5),
(18, '4-6', 4, 6),
(19, '5-5', 5, 5),
(20, '5-6', 5, 6),
(21, '6-6', 6, 6);

-- --------------------------------------------------------

--
-- Estructura Stand-in para la vista `salud-full-productos-corredurias`
--
CREATE TABLE IF NOT EXISTS `salud-full-productos-corredurias` (
`id` int(11)
,`correduria` varchar(255)
,`producto` varchar(50)
,`companyia` varchar(50)
,`producto_cm` varchar(50)
,`producto_re` varchar(50)
,`activo` tinyint(1)
);
-- --------------------------------------------------------

--
-- Estructura de tabla para la tabla `salud_coberturas`
--

CREATE TABLE IF NOT EXISTS `salud_coberturas` (
  `id` int(11) NOT NULL AUTO_INCREMENT,
  `id_producto` int(11) NOT NULL,
  `data_cm` longtext COMMENT 'Se debe usar la misma estructura de datos que en las coberturas de salud de la tabla productos_coberturas_default',
  `data_re` longtext COMMENT 'Se debe usar la misma estructura de datos que en las coberturas de salud de la tabla productos_coberturas_default',
  PRIMARY KEY (`id`),
  KEY `idx_1` (`id_producto`)
) ENGINE=InnoDB DEFAULT CHARSET=utf8 COMMENT='Coberturas personalizadas para la correduria' AUTO_INCREMENT=1 ;

-- --------------------------------------------------------

--
-- Estructura de tabla para la tabla `salud_contratante`
--

CREATE TABLE IF NOT EXISTS `salud_contratante` (
  `id` int(11) NOT NULL AUTO_INCREMENT,
  `id_producto` int(11) NOT NULL,
  `id_contratante` int(11) NOT NULL,
  PRIMARY KEY (`id`),
  KEY `id_contratante` (`id_contratante`),
  KEY `id_producto` (`id_producto`)
) ENGINE=InnoDB  DEFAULT CHARSET=utf8 AUTO_INCREMENT=113 ;

--
-- Volcado de datos para la tabla `salud_contratante`
--

INSERT INTO `salud_contratante` (`id`, `id_producto`, `id_contratante`) VALUES
(1, 1, 1),
(2, 1, 2),
(3, 1, 3),
(4, 1, 4),
(5, 2, 1),
(6, 2, 2),
(7, 2, 3),
(8, 2, 4),
(9, 3, 1),
(10, 3, 2),
(11, 3, 3),
(12, 3, 4),
(25, 12, 1),
(26, 12, 2),
(27, 12, 3),
(28, 12, 4),
(29, 13, 1),
(30, 13, 2),
(31, 13, 3),
(32, 13, 4),
(33, 14, 1),
(34, 14, 2),
(35, 14, 3),
(36, 14, 4),
(37, 15, 1),
(38, 15, 2),
(39, 15, 3),
(40, 15, 4),
(44, 15, 3),
(45, 17, 4),
(60, 26, 4),
(65, 28, 1),
(66, 28, 2),
(67, 28, 3),
(68, 28, 4),
(69, 29, 1),
(70, 29, 2),
(71, 29, 3),
(72, 29, 4),
(73, 30, 1),
(74, 30, 2),
(75, 30, 3),
(76, 31, 1),
(77, 31, 2),
(78, 31, 3),
(79, 31, 4),
(80, 32, 4),
(81, 33, 1),
(82, 33, 2),
(83, 33, 3),
(84, 34, 2),
(85, 34, 3),
(86, 34, 1),
(87, 35, 1),
(88, 35, 2),
(89, 35, 3),
(90, 35, 4),
(91, 36, 4),
(92, 37, 4),
(93, 38, 2),
(94, 38, 3),
(95, 39, 1),
(96, 40, 1),
(97, 41, 1),
(98, 41, 2),
(99, 41, 3),
(100, 41, 4),
(101, 42, 4),
(102, 43, 4),
(103, 44, 2),
(104, 44, 3),
(105, 45, 1),
(106, 46, 4),
(107, 47, 4),
(108, 48, 2),
(109, 49, 2),
(110, 50, 1),
(111, 50, 3),
(112, 51, 1);

-- --------------------------------------------------------

--
-- Estructura de tabla para la tabla `salud_descuentos_recargos`
--

CREATE TABLE IF NOT EXISTS `salud_descuentos_recargos` (
  `id` int(11) NOT NULL AUTO_INCREMENT,
  `id_producto_salud` int(11) NOT NULL,
  `cm_re` tinyint(1) NOT NULL DEFAULT '2' COMMENT '0 = CM , 1 = RE, 2 = Ambos',
  `id_tipo_operacion` int(11) NOT NULL COMMENT 'descuento o recargo',
  `id_forma_pago` int(11) DEFAULT NULL COMMENT 'NULL = todas las formas de pago. mensual, trimestral,semestral,anual',
  `id_tipo_valor` int(11) NOT NULL COMMENT 'porcentaje o cantidad fija',
  `id_rango_numero_personas` int(11) DEFAULT NULL COMMENT '6 = cualquier rango. (1-6)',
  `edad_minima` int(11) NOT NULL,
  `edad_maxima` int(11) NOT NULL,
  `valor` float NOT NULL,
  `orden` int(11) NOT NULL DEFAULT '0' COMMENT 'orden de aplicacion del descuento o recargo',
  `activo` tinyint(1) NOT NULL DEFAULT '1',
  PRIMARY KEY (`id`),
  KEY `idx_drs_1` (`id_producto_salud`),
  KEY `idx_drs_2` (`id_tipo_operacion`),
  KEY `idx_drs_3` (`id_forma_pago`),
  KEY `idx_drs_4` (`id_tipo_valor`),
  KEY `idx_drs_5` (`id_rango_numero_personas`)
) ENGINE=InnoDB  DEFAULT CHARSET=utf8 AUTO_INCREMENT=13 ;

--
-- Volcado de datos para la tabla `salud_descuentos_recargos`
--

INSERT INTO `salud_descuentos_recargos` (`id`, `id_producto_salud`, `cm_re`, `id_tipo_operacion`, `id_forma_pago`, `id_tipo_valor`, `id_rango_numero_personas`, `edad_minima`, `edad_maxima`, `valor`, `orden`, `activo`) VALUES
(1, 1, 2, 2, NULL, 1, 6, 0, 65, 0.15, 0, 1),
(4, 26, 2, 2, NULL, 1, 6, 0, 100, 0.15, 0, 1),
(5, 36, 2, 1, NULL, 1, 18, 0, 100, 10, 0, 1),
(6, 37, 2, 1, NULL, 1, 18, 0, 100, 10, 0, 1),
(7, 43, 2, 2, NULL, 1, 1, 0, 100, 8, 0, 1),
(8, 42, 1, 2, NULL, 1, 1, 0, 100, 8, 0, 1),
(9, 46, 2, 1, NULL, 1, 16, 0, 100, 7, 0, 1),
(10, 46, 2, 1, NULL, 1, 20, 0, 100, 12, 0, 1),
(11, 47, 1, 1, NULL, 1, 16, 0, 100, 7, 0, 1),
(12, 47, 1, 1, NULL, 1, 20, 0, 100, 12, 0, 1);

-- --------------------------------------------------------

--
-- Estructura de tabla para la tabla `salud_productos_documentacion_correduria`
--

CREATE TABLE IF NOT EXISTS `salud_productos_documentacion_correduria` (
  `id` int(11) NOT NULL AUTO_INCREMENT,
  `id_producto` int(11) NOT NULL,
  `data` longtext NOT NULL,
  PRIMARY KEY (`id`),
  KEY `id_producto` (`id_producto`)
) ENGINE=InnoDB  DEFAULT CHARSET=utf8 AUTO_INCREMENT=6 ;

--
-- Volcado de datos para la tabla `salud_productos_documentacion_correduria`
--

INSERT INTO `salud_productos_documentacion_correduria` (`id`, `id_producto`, `data`) VALUES
(1, 35, '{"documentos_cm": {\r\n	"items":[\r\n		{"filename":"Cuadro medico.pdf","link_text":"Descargar pdf del producto"}\r\n	]\r\n},\r\n"documentos_re": {\r\n	"items":[\r\n		{"filename":"Reembolso.pdf","link_text":"Descargar pdf del producto"}\r\n	]\r\n}}'),
(2, 3, '{"documentos_cm": {\r\n	"items":[\r\n		{"filename":"Salud Familiar condiciones.pdf","link_text":"Descargar pdf del producto"}\r\n	]\r\n},\r\n"documentos_re": {\r\n	"items":[\r\n		{"filename":"Medisalud Opcion condiciones.pdf","link_text":"Descargar pdf del producto"}\r\n	]\r\n}}'),
(3, 41, '{"documentos_cm": {\r\n	"items":[\r\n		{"filename":"PREVISALUD.pdf","link_text":"Descargar pdf del producto"}\r\n	]\r\n},\r\n"documentos_re": {\r\n	"items":[\r\n		{"filename":"PREVISALUD ORO.pdf","link_text":"Descargar pdf del producto"}\r\n	]\r\n}}'),
(4, 37, '{"documentos_cm": {\r\n	"items":[\r\n		{"filename":"Plena Vital cuadro medico.pdf","link_text":"Descargar pdf del producto"}\r\n	]\r\n},\r\n"documentos_re": {\r\n	"items":[\r\n		{"filename":"Plena Extra 150 reembolso.pdf","link_text":"Descargar pdf del producto"}\r\n	]\r\n}}'),
(5, 36, '{"documentos_cm": {\r\n	"items":[\r\n		{"filename":"Plena cuadro medico.pdf","link_text":"Descargar pdf del producto"}\r\n	]\r\n},\r\n"documentos_re": {\r\n	"items":[\r\n		{"filename":"Plena Extra 150 reembolso.pdf","link_text":"Descargar pdf del producto"}\r\n	]\r\n}}');

-- --------------------------------------------------------

--
-- Estructura de tabla para la tabla `salud_producto_companyia_seguros_correduria`
--

CREATE TABLE IF NOT EXISTS `salud_producto_companyia_seguros_correduria` (
  `id` int(11) NOT NULL AUTO_INCREMENT,
  `nombre` varchar(50) DEFAULT NULL,
  `id_correduria` int(11) NOT NULL,
  `id_cia` int(11) NOT NULL,
  `id_producto_CM` int(11) DEFAULT NULL,
  `id_producto_RE` int(11) DEFAULT NULL,
  `activo` tinyint(1) NOT NULL DEFAULT '0',
  PRIMARY KEY (`id`),
  KEY `idx_pcs_1` (`id_correduria`),
  KEY `idx_pcs_2` (`id_producto_CM`),
  KEY `idx_pcs_3` (`id_producto_RE`),
  KEY `idx_pcs_4` (`id_cia`)
) ENGINE=InnoDB  DEFAULT CHARSET=utf8 AUTO_INCREMENT=52 ;

--
-- Volcado de datos para la tabla `salud_producto_companyia_seguros_correduria`
--

INSERT INTO `salud_producto_companyia_seguros_correduria` (`id`, `nombre`, `id_correduria`, `id_cia`, `id_producto_CM`, `id_producto_RE`, `activo`) VALUES
(1, 'Caja Salud', 4, 1, 1, 1, 1),
(2, 'Salud Familiar', 2, 1, 2, 3, 1),
(3, 'Salud Familiar', 5, 1, 2, 3, 1),
(12, 'Club Coseba Caser', 10, 5, 17, NULL, 1),
(13, 'Club Coseba Adeslas', 10, 7, 18, NULL, 1),
(14, 'Medifiatc', 10, 6, 19, 20, 1),
(15, 'Plena plus', 4, 7, 21, 37, 1),
(17, 'Aegon cuadro médico', 4, 8, 25, 26, 1),
(26, 'Activa plus', 4, 9, 27, 28, 1),
(28, 'Integral', 4, 3, 31, 31, 1),
(29, 'Medifiatc', 4, 6, 19, 20, 1),
(30, 'Pyme plus', 4, 9, 34, 35, 1),
(31, 'Previsalud', 4, 10, 36, 36, 1),
(32, 'Más salud', 4, 11, 38, 39, 1),
(33, 'Profesionales', 4, 11, 40, 41, 1),
(34, 'Aegon cuadro médico autónomos', 4, 8, 44, 44, 1),
(35, 'Completo', 5, 14, 48, 49, 1),
(36, 'Plena', 5, 7, 37, 50, 1),
(37, 'Plena vital', 5, 7, 51, 50, 1),
(38, 'Negocios NIF', 5, 7, 52, 53, 1),
(39, 'Negocios CIF', 5, 7, 54, 55, 1),
(40, 'Empresas', 5, 7, 56, 57, 1),
(41, 'Previsalud', 5, 10, 36, 58, 1),
(42, 'Primero', 5, 11, 59, 60, 1),
(43, 'Mas salud optima', 5, 11, 39, 60, 1),
(44, 'Profesionales plus', 5, 11, 41, 61, 1),
(45, 'Pro pyme salud', 5, 11, 62, 63, 1),
(46, 'Integral complet', 5, 3, 64, 65, 1),
(47, 'Integral elite compact', 5, 3, 66, 67, 1),
(48, 'Profesional complet', 5, 3, 68, 69, 1),
(49, 'Profesional classic', 5, 3, 70, 69, 1),
(50, 'Integral elite', 5, 3, 71, 72, 1),
(51, 'Complet', 5, 15, 73, 74, 1);

-- --------------------------------------------------------

--
-- Estructura de tabla para la tabla `salud_producto_companyia_seguros_tasas`
--

CREATE TABLE IF NOT EXISTS `salud_producto_companyia_seguros_tasas` (
  `id` int(11) NOT NULL AUTO_INCREMENT,
  `id_producto` int(11) NOT NULL,
  `id_zona` int(11) NOT NULL DEFAULT '1',
  `edad` tinyint(4) NOT NULL,
  `tasa` float NOT NULL,
  PRIMARY KEY (`id`),
  KEY `idx_pcsts_1` (`id_producto`),
  KEY `idx_pcsts_2` (`id_zona`)
) ENGINE=InnoDB  DEFAULT CHARSET=utf8 AUTO_INCREMENT=5030 ;

--
-- Volcado de datos para la tabla `salud_producto_companyia_seguros_tasas`
--

INSERT INTO `salud_producto_companyia_seguros_tasas` (`id`, `id_producto`, `id_zona`, `edad`, `tasa`) VALUES
(136, 2, 17, 0, 78.59),
(137, 2, 17, 1, 71.87),
(138, 2, 17, 2, 67.11),
(139, 2, 17, 3, 62.05),
(140, 2, 17, 4, 57.04),
(141, 2, 17, 5, 52.43),
(142, 2, 17, 6, 48.56),
(143, 2, 17, 7, 45.77),
(144, 2, 17, 8, 44.41),
(145, 2, 17, 9, 44.04),
(146, 2, 17, 10, 43.98),
(147, 2, 17, 11, 44.2),
(148, 2, 17, 12, 44.65),
(149, 2, 17, 13, 45.31),
(150, 2, 17, 14, 46.14),
(151, 2, 17, 15, 47.12),
(152, 2, 17, 16, 48.2),
(153, 2, 17, 17, 49.36),
(154, 2, 17, 18, 50.56),
(155, 2, 17, 19, 51.77),
(156, 2, 17, 20, 52.95),
(157, 2, 17, 21, 54.24),
(158, 2, 17, 22, 55.72),
(159, 2, 17, 23, 57.31),
(160, 2, 17, 24, 58.91),
(161, 2, 17, 25, 60.44),
(162, 2, 17, 26, 61.81),
(163, 2, 17, 27, 62.93),
(164, 2, 17, 28, 63.72),
(165, 2, 17, 29, 64.28),
(166, 2, 17, 30, 64.78),
(167, 2, 17, 31, 65.24),
(168, 2, 17, 32, 65.66),
(169, 2, 17, 33, 66.06),
(170, 2, 17, 34, 66.46),
(171, 2, 17, 35, 66.87),
(172, 2, 17, 36, 67.3),
(173, 2, 17, 37, 67.77),
(174, 2, 17, 38, 68.3),
(175, 2, 17, 39, 68.92),
(176, 2, 17, 40, 69.66),
(177, 2, 17, 41, 70.56),
(178, 2, 17, 42, 71.61),
(179, 2, 17, 43, 72.81),
(180, 2, 17, 44, 74.17),
(181, 2, 17, 45, 75.69),
(182, 2, 17, 46, 77.4),
(183, 2, 17, 47, 79.27),
(184, 2, 17, 48, 81.3),
(185, 2, 17, 49, 83.48),
(186, 2, 17, 50, 85.81),
(187, 2, 17, 51, 88.26),
(188, 2, 17, 52, 90.84),
(189, 2, 17, 53, 93.53),
(190, 2, 17, 54, 96.33),
(191, 2, 17, 55, 99.26),
(192, 2, 17, 56, 102.6),
(193, 2, 17, 57, 106.58),
(194, 2, 17, 58, 111.18),
(195, 2, 17, 59, 116.39),
(196, 2, 17, 60, 122.2),
(197, 2, 17, 61, 128.59),
(198, 2, 17, 62, 135.54),
(199, 2, 17, 63, 143.05),
(200, 2, 17, 64, 151.35),
(201, 2, 17, 65, 162.75),
(202, 3, 17, 0, 93.24),
(203, 3, 17, 1, 89.67),
(204, 3, 17, 2, 84.35),
(205, 3, 17, 3, 77.5),
(206, 3, 17, 4, 69.93),
(207, 3, 17, 5, 62.43),
(208, 3, 17, 6, 55.82),
(209, 3, 17, 7, 50.88),
(210, 3, 17, 8, 48.43),
(211, 3, 17, 9, 47.71),
(212, 3, 17, 10, 47.4),
(213, 3, 17, 11, 47.42),
(214, 3, 17, 12, 47.66),
(215, 3, 17, 13, 48.34),
(216, 3, 17, 14, 49.65),
(217, 3, 17, 15, 51.35),
(218, 3, 17, 16, 53.25),
(219, 3, 17, 17, 55.12),
(220, 3, 17, 18, 56.93),
(221, 3, 17, 19, 58.75),
(222, 3, 17, 20, 60.69),
(223, 3, 17, 21, 62.67),
(224, 3, 17, 22, 64.71),
(225, 3, 17, 23, 66.77),
(226, 3, 17, 24, 68.84),
(227, 3, 17, 25, 70.89),
(228, 3, 17, 26, 72.9),
(229, 3, 17, 27, 74.85),
(230, 3, 17, 28, 76.71),
(231, 3, 17, 29, 78.46),
(232, 3, 17, 30, 80.1),
(233, 3, 17, 31, 81.61),
(234, 3, 17, 32, 83),
(235, 3, 17, 33, 84.25),
(236, 3, 17, 34, 85.39),
(237, 3, 17, 35, 86.45),
(238, 3, 17, 36, 87.46),
(239, 3, 17, 37, 88.45),
(240, 3, 17, 38, 89.46),
(241, 3, 17, 39, 90.5),
(242, 3, 17, 40, 91.61),
(243, 3, 17, 41, 92.82),
(244, 3, 17, 42, 94.15),
(245, 3, 17, 43, 95.64),
(246, 3, 17, 44, 97.31),
(247, 3, 17, 45, 99.27),
(248, 3, 17, 46, 101.56),
(249, 3, 17, 47, 104.19),
(250, 3, 17, 48, 107.14),
(251, 3, 17, 49, 110.38),
(252, 3, 17, 50, 113.9),
(253, 3, 17, 51, 117.69),
(254, 3, 17, 52, 121.73),
(255, 3, 17, 53, 126),
(256, 3, 17, 54, 130.49),
(257, 3, 17, 55, 135.39),
(258, 3, 17, 56, 140.95),
(259, 3, 17, 57, 147.23),
(260, 3, 17, 58, 154.19),
(261, 3, 17, 59, 161.82),
(262, 3, 17, 60, 170.12),
(263, 3, 17, 61, 179.05),
(264, 3, 17, 62, 188.61),
(265, 3, 17, 63, 198.81),
(266, 3, 17, 64, 209.78),
(267, 3, 17, 65, 223.35),
(271, 17, 1, 0, 49.18),
(272, 17, 1, 1, 49.18),
(273, 17, 1, 2, 49.18),
(274, 17, 1, 3, 42.35),
(275, 17, 1, 4, 42.35),
(276, 17, 1, 5, 42.35),
(277, 17, 1, 6, 42.35),
(278, 17, 1, 7, 42.35),
(279, 17, 1, 8, 42.35),
(280, 17, 1, 9, 42.35),
(281, 17, 1, 10, 42.35),
(282, 17, 1, 11, 42.35),
(283, 17, 1, 12, 42.35),
(284, 17, 1, 13, 42.35),
(285, 17, 1, 14, 42.35),
(286, 17, 1, 15, 42.35),
(287, 17, 1, 16, 42.35),
(288, 17, 1, 17, 42.35),
(289, 17, 1, 18, 42.35),
(290, 17, 1, 19, 42.35),
(291, 17, 1, 20, 42.35),
(292, 17, 1, 21, 42.35),
(293, 17, 1, 22, 42.35),
(294, 17, 1, 23, 42.35),
(295, 17, 1, 24, 42.35),
(296, 17, 1, 25, 49.54),
(297, 17, 1, 26, 49.54),
(298, 17, 1, 27, 49.54),
(299, 17, 1, 28, 49.54),
(300, 17, 1, 29, 49.54),
(301, 17, 1, 30, 49.54),
(302, 17, 1, 31, 49.54),
(303, 17, 1, 32, 49.54),
(304, 17, 1, 33, 49.54),
(305, 17, 1, 34, 49.54),
(306, 17, 1, 35, 49.54),
(307, 17, 1, 36, 49.54),
(308, 17, 1, 37, 49.54),
(309, 17, 1, 38, 49.54),
(310, 17, 1, 39, 49.54),
(311, 17, 1, 40, 49.54),
(312, 17, 1, 41, 49.54),
(313, 17, 1, 42, 49.54),
(314, 17, 1, 43, 49.54),
(315, 17, 1, 44, 49.54),
(316, 17, 1, 45, 49.54),
(317, 17, 1, 46, 49.54),
(318, 17, 1, 47, 49.54),
(319, 17, 1, 48, 49.54),
(320, 17, 1, 49, 49.54),
(321, 17, 1, 50, 61.94),
(322, 17, 1, 51, 61.94),
(323, 17, 1, 52, 61.94),
(324, 17, 1, 53, 61.94),
(325, 17, 1, 54, 61.94),
(326, 17, 1, 55, 61.94),
(327, 17, 1, 56, 61.94),
(328, 17, 1, 57, 61.94),
(329, 17, 1, 58, 61.94),
(330, 17, 1, 59, 61.94),
(331, 17, 1, 60, 92.5),
(332, 17, 1, 61, 92.5),
(333, 17, 1, 62, 92.5),
(334, 17, 1, 63, 92.5),
(335, 17, 1, 64, 92.5),
(336, 17, 1, 65, 132.97),
(337, 17, 1, 66, 132.97),
(338, 17, 1, 67, 132.97),
(339, 17, 1, 68, 132.97),
(340, 17, 1, 69, 132.97),
(341, 18, 1, 0, 50.96),
(342, 18, 1, 1, 50.96),
(343, 18, 1, 2, 50.96),
(344, 18, 1, 3, 50.96),
(345, 18, 1, 4, 50.96),
(346, 18, 1, 5, 50.96),
(347, 18, 1, 6, 50.96),
(348, 18, 1, 7, 50.96),
(349, 18, 1, 8, 50.96),
(350, 18, 1, 9, 50.96),
(351, 18, 1, 10, 50.96),
(352, 18, 1, 11, 50.96),
(353, 18, 1, 12, 50.96),
(354, 18, 1, 13, 50.96),
(355, 18, 1, 14, 50.96),
(356, 18, 1, 15, 50.96),
(357, 18, 1, 16, 50.96),
(358, 18, 1, 17, 50.96),
(359, 18, 1, 18, 50.96),
(360, 18, 1, 19, 50.96),
(361, 18, 1, 20, 50.96),
(362, 18, 1, 21, 50.96),
(363, 18, 1, 22, 50.96),
(364, 18, 1, 23, 50.96),
(365, 18, 1, 24, 50.96),
(366, 18, 1, 25, 50.96),
(367, 18, 1, 26, 50.96),
(368, 18, 1, 27, 50.96),
(369, 18, 1, 28, 50.96),
(370, 18, 1, 29, 50.96),
(371, 18, 1, 30, 50.96),
(372, 18, 1, 31, 50.96),
(373, 18, 1, 32, 50.96),
(374, 18, 1, 33, 50.96),
(375, 18, 1, 34, 50.96),
(376, 18, 1, 35, 50.96),
(377, 18, 1, 36, 50.96),
(378, 18, 1, 37, 50.96),
(379, 18, 1, 38, 50.96),
(380, 18, 1, 39, 50.96),
(381, 18, 1, 40, 50.96),
(382, 18, 1, 41, 50.96),
(383, 18, 1, 42, 50.96),
(384, 18, 1, 43, 50.96),
(385, 18, 1, 44, 50.96),
(386, 18, 1, 45, 50.96),
(387, 18, 1, 46, 50.96),
(388, 18, 1, 47, 50.96),
(389, 18, 1, 48, 50.96),
(390, 18, 1, 49, 50.96),
(391, 18, 1, 50, 50.96),
(392, 18, 1, 51, 50.96),
(393, 18, 1, 52, 50.96),
(394, 18, 1, 53, 50.96),
(395, 18, 1, 54, 50.96),
(396, 18, 1, 55, 50.96),
(397, 18, 1, 56, 50.96),
(398, 18, 1, 57, 50.96),
(399, 18, 1, 58, 50.96),
(400, 18, 1, 59, 50.96),
(401, 18, 1, 60, 85.05),
(402, 18, 1, 61, 85.05),
(403, 18, 1, 62, 85.05),
(404, 18, 1, 63, 85.05),
(405, 18, 1, 64, 85.05),
(406, 18, 1, 65, 126.58),
(407, 18, 1, 66, 126.58),
(408, 18, 1, 67, 126.58),
(409, 18, 1, 68, 126.58),
(410, 18, 1, 69, 126.58),
(411, 19, 1, 0, 39.5),
(412, 19, 1, 1, 39.5),
(413, 19, 1, 2, 39.5),
(414, 19, 1, 3, 39.5),
(415, 19, 1, 4, 39.5),
(416, 19, 1, 5, 39.5),
(417, 19, 1, 6, 39.5),
(418, 19, 1, 7, 39.5),
(419, 19, 1, 8, 39.5),
(420, 19, 1, 9, 39.5),
(421, 19, 1, 10, 39.5),
(422, 19, 1, 11, 39.5),
(423, 19, 1, 12, 39.5),
(424, 19, 1, 13, 39.5),
(425, 19, 1, 14, 39.5),
(426, 19, 1, 15, 39.5),
(427, 19, 1, 16, 39.5),
(428, 19, 1, 17, 39.5),
(429, 19, 1, 18, 39.5),
(430, 19, 1, 19, 39.5),
(431, 19, 1, 20, 39.5),
(432, 19, 1, 21, 49.5),
(433, 19, 1, 22, 49.5),
(434, 19, 1, 23, 49.5),
(435, 19, 1, 24, 49.5),
(436, 19, 1, 25, 49.5),
(437, 19, 1, 26, 49.5),
(438, 19, 1, 27, 49.5),
(439, 19, 1, 28, 49.5),
(440, 19, 1, 29, 49.5),
(441, 19, 1, 30, 49.5),
(442, 19, 1, 31, 49.5),
(443, 19, 1, 32, 49.5),
(444, 19, 1, 33, 49.5),
(445, 19, 1, 34, 49.5),
(446, 19, 1, 35, 49.5),
(447, 19, 1, 36, 49.5),
(448, 19, 1, 37, 49.5),
(449, 19, 1, 38, 49.5),
(450, 19, 1, 39, 49.5),
(451, 19, 1, 40, 49.5),
(452, 19, 1, 41, 49.5),
(453, 19, 1, 42, 49.5),
(454, 19, 1, 43, 49.5),
(455, 19, 1, 44, 49.5),
(456, 19, 1, 45, 49.5),
(457, 19, 1, 46, 55),
(458, 19, 1, 47, 55),
(459, 19, 1, 48, 55),
(460, 19, 1, 49, 55),
(461, 19, 1, 50, 55),
(462, 19, 1, 51, 64.5),
(463, 19, 1, 52, 64.5),
(464, 19, 1, 53, 64.5),
(465, 19, 1, 54, 64.5),
(466, 19, 1, 55, 64.5),
(467, 19, 1, 56, 83),
(468, 19, 1, 57, 83),
(469, 19, 1, 58, 83),
(470, 19, 1, 59, 83),
(471, 19, 1, 60, 83),
(472, 19, 1, 61, 128),
(473, 19, 1, 62, 128),
(474, 19, 1, 63, 128),
(475, 19, 1, 64, 128),
(476, 19, 1, 65, 128),
(477, 20, 1, 0, 24.98),
(478, 20, 1, 1, 24.98),
(479, 20, 1, 2, 24.98),
(480, 20, 1, 3, 24.98),
(481, 20, 1, 4, 24.98),
(482, 20, 1, 5, 24.98),
(483, 20, 1, 6, 24.98),
(484, 20, 1, 7, 24.98),
(485, 20, 1, 8, 24.98),
(486, 20, 1, 9, 24.98),
(487, 20, 1, 10, 24.98),
(488, 20, 1, 11, 24.98),
(489, 20, 1, 12, 24.98),
(490, 20, 1, 13, 24.98),
(491, 20, 1, 14, 24.98),
(492, 20, 1, 15, 24.98),
(493, 20, 1, 16, 24.98),
(494, 20, 1, 17, 24.98),
(495, 20, 1, 18, 24.98),
(496, 20, 1, 19, 24.98),
(497, 20, 1, 20, 24.98),
(498, 20, 1, 21, 33.33),
(499, 20, 1, 22, 33.33),
(500, 20, 1, 23, 33.33),
(501, 20, 1, 24, 33.33),
(502, 20, 1, 25, 33.33),
(503, 20, 1, 26, 33.33),
(504, 20, 1, 27, 33.33),
(505, 20, 1, 28, 33.33),
(506, 20, 1, 29, 33.33),
(507, 20, 1, 30, 33.33),
(508, 20, 1, 31, 33.33),
(509, 20, 1, 32, 33.33),
(510, 20, 1, 33, 33.33),
(511, 20, 1, 34, 33.33),
(512, 20, 1, 35, 33.33),
(513, 20, 1, 36, 33.33),
(514, 20, 1, 37, 33.33),
(515, 20, 1, 38, 33.33),
(516, 20, 1, 39, 33.33),
(517, 20, 1, 40, 33.33),
(518, 20, 1, 41, 33.33),
(519, 20, 1, 42, 33.33),
(520, 20, 1, 43, 33.33),
(521, 20, 1, 44, 33.33),
(522, 20, 1, 45, 33.33),
(523, 20, 1, 46, 33.66),
(524, 20, 1, 47, 33.66),
(525, 20, 1, 48, 33.66),
(526, 20, 1, 49, 33.66),
(527, 20, 1, 50, 33.66),
(528, 20, 1, 51, 38.16),
(529, 20, 1, 52, 38.16),
(530, 20, 1, 53, 38.16),
(531, 20, 1, 54, 38.16),
(532, 20, 1, 55, 38.16),
(533, 20, 1, 56, 49.11),
(534, 20, 1, 57, 49.11),
(535, 20, 1, 58, 49.11),
(536, 20, 1, 59, 49.11),
(537, 20, 1, 60, 49.11),
(538, 20, 1, 61, 71.81),
(539, 20, 1, 62, 71.81),
(540, 20, 1, 63, 71.81),
(541, 20, 1, 64, 71.81),
(542, 20, 1, 65, 71.81),
(614, 22, 1, 0, 12),
(615, 22, 1, 1, 12),
(616, 22, 1, 2, 12),
(617, 22, 1, 3, 12),
(618, 22, 1, 4, 12),
(619, 22, 1, 5, 12),
(620, 22, 1, 6, 12),
(621, 22, 1, 7, 12),
(622, 22, 1, 8, 12),
(623, 22, 1, 9, 12),
(624, 22, 1, 10, 12),
(625, 22, 1, 11, 12),
(626, 22, 1, 12, 12),
(627, 22, 1, 13, 12),
(628, 22, 1, 14, 12),
(629, 22, 1, 15, 12),
(630, 22, 1, 16, 12),
(631, 22, 1, 17, 12),
(632, 22, 1, 18, 12),
(633, 22, 1, 19, 12),
(634, 22, 1, 20, 12),
(635, 22, 1, 21, 12),
(636, 22, 1, 22, 12),
(637, 22, 1, 23, 12),
(638, 22, 1, 24, 12),
(639, 22, 1, 25, 12),
(640, 22, 1, 26, 12),
(641, 22, 1, 27, 12),
(642, 22, 1, 28, 12),
(643, 22, 1, 29, 12),
(644, 22, 1, 30, 12),
(645, 22, 1, 31, 12),
(646, 22, 1, 32, 12),
(647, 22, 1, 33, 12),
(648, 22, 1, 34, 12),
(649, 22, 1, 35, 19),
(650, 22, 1, 36, 19),
(651, 22, 1, 37, 19),
(652, 22, 1, 38, 19),
(653, 22, 1, 39, 19),
(654, 22, 1, 40, 19),
(655, 22, 1, 41, 19),
(656, 22, 1, 42, 19),
(657, 22, 1, 43, 19),
(658, 22, 1, 44, 19),
(659, 22, 1, 45, 22),
(660, 22, 1, 46, 22),
(661, 22, 1, 47, 22),
(662, 22, 1, 48, 22),
(663, 22, 1, 49, 22),
(664, 22, 1, 50, 22),
(665, 22, 1, 51, 22),
(666, 22, 1, 52, 22),
(667, 22, 1, 53, 22),
(668, 22, 1, 54, 22),
(669, 22, 1, 55, 30),
(670, 22, 1, 56, 30),
(671, 22, 1, 57, 30),
(672, 22, 1, 58, 30),
(673, 22, 1, 59, 30),
(674, 22, 1, 60, 30),
(675, 22, 1, 61, 30),
(676, 22, 1, 62, 30),
(677, 22, 1, 63, 30),
(678, 22, 1, 64, 30),
(679, 22, 1, 65, 45),
(680, 22, 1, 66, 45),
(681, 22, 1, 67, 45),
(682, 22, 1, 68, 45),
(683, 22, 1, 69, 45),
(684, 22, 1, 70, 45),
(1177, 30, 1, 0, 12),
(1178, 30, 1, 1, 12),
(1179, 30, 1, 2, 12),
(1180, 30, 1, 3, 12),
(1181, 30, 1, 4, 12),
(1182, 30, 1, 5, 12),
(1183, 30, 1, 6, 12),
(1184, 30, 1, 7, 12),
(1185, 30, 1, 8, 12),
(1186, 30, 1, 9, 12),
(1187, 30, 1, 10, 12),
(1188, 30, 1, 11, 12),
(1189, 30, 1, 12, 12),
(1190, 30, 1, 13, 12),
(1191, 30, 1, 14, 12),
(1192, 30, 1, 15, 12),
(1193, 30, 1, 16, 12),
(1194, 30, 1, 17, 12),
(1195, 30, 1, 18, 12),
(1196, 30, 1, 19, 12),
(1197, 30, 1, 20, 12),
(1198, 30, 1, 21, 12),
(1199, 30, 1, 22, 12),
(1200, 30, 1, 23, 12),
(1201, 30, 1, 24, 12),
(1202, 30, 1, 25, 17),
(1203, 30, 1, 26, 17),
(1204, 30, 1, 27, 17),
(1205, 30, 1, 28, 17),
(1206, 30, 1, 29, 17),
(1207, 30, 1, 30, 17),
(1208, 30, 1, 31, 17),
(1209, 30, 1, 32, 17),
(1210, 30, 1, 33, 17),
(1211, 30, 1, 34, 17),
(1212, 30, 1, 35, 17),
(1213, 30, 1, 36, 17),
(1214, 30, 1, 37, 17),
(1215, 30, 1, 38, 17),
(1216, 30, 1, 39, 17),
(1217, 30, 1, 40, 17),
(1218, 30, 1, 41, 17),
(1219, 30, 1, 42, 17),
(1220, 30, 1, 43, 17),
(1221, 30, 1, 44, 17),
(1222, 30, 1, 45, 20),
(1223, 30, 1, 46, 20),
(1224, 30, 1, 47, 20),
(1225, 30, 1, 48, 20),
(1226, 30, 1, 49, 20),
(1227, 30, 1, 50, 23),
(1228, 30, 1, 51, 23),
(1229, 30, 1, 52, 23),
(1230, 30, 1, 53, 23),
(1231, 30, 1, 54, 23),
(1232, 30, 1, 55, 27),
(1233, 30, 1, 56, 27),
(1234, 30, 1, 57, 27),
(1235, 30, 1, 58, 27),
(1236, 30, 1, 59, 27),
(1237, 30, 1, 60, 35),
(1238, 30, 1, 61, 35),
(1239, 30, 1, 62, 35),
(1240, 30, 1, 63, 35),
(1241, 30, 1, 64, 35),
(1242, 30, 1, 65, 42),
(1243, 30, 1, 66, 42),
(1244, 30, 1, 67, 42),
(1245, 30, 1, 68, 42),
(1246, 30, 1, 69, 42),
(1247, 29, 24, 0, 83.03),
(1248, 29, 24, 1, 74.19),
(1249, 29, 24, 2, 66.95),
(1250, 29, 24, 3, 61.26),
(1251, 29, 24, 4, 56.3),
(1252, 29, 24, 5, 53.02),
(1253, 29, 24, 6, 51.21),
(1254, 29, 24, 7, 49.47),
(1255, 29, 24, 8, 48.32),
(1256, 29, 24, 9, 47.29),
(1257, 29, 24, 10, 46.74),
(1258, 29, 24, 11, 46.85),
(1259, 29, 24, 12, 47.06),
(1260, 29, 24, 13, 47.5),
(1261, 29, 24, 14, 48.3),
(1262, 29, 24, 15, 49.13),
(1263, 29, 24, 16, 50.17),
(1264, 29, 24, 17, 51.21),
(1265, 29, 24, 18, 52.13),
(1266, 29, 24, 19, 53.17),
(1267, 29, 24, 20, 53.95),
(1268, 29, 24, 21, 55.25),
(1269, 29, 24, 22, 55.91),
(1270, 29, 24, 23, 57.22),
(1271, 29, 24, 24, 58.85),
(1272, 29, 24, 25, 60.28),
(1273, 29, 24, 26, 62.19),
(1274, 29, 24, 27, 63.66),
(1275, 29, 24, 28, 64.91),
(1276, 29, 24, 29, 66.61),
(1277, 29, 24, 30, 67.7),
(1278, 29, 24, 31, 68.79),
(1279, 29, 24, 32, 70.43),
(1280, 29, 24, 33, 71.41),
(1281, 29, 24, 34, 72.68),
(1282, 29, 24, 35, 74.15),
(1283, 29, 24, 36, 74.96),
(1284, 29, 24, 37, 75.67),
(1285, 29, 24, 38, 76.99),
(1286, 29, 24, 39, 77.63),
(1287, 29, 24, 40, 78.3),
(1288, 29, 24, 41, 78.52),
(1289, 29, 24, 42, 78.62),
(1290, 29, 24, 43, 78.95),
(1291, 29, 24, 44, 79.71),
(1292, 29, 24, 45, 80.8),
(1293, 29, 24, 46, 81.47),
(1294, 29, 24, 47, 83),
(1295, 29, 24, 48, 84.3),
(1296, 29, 24, 49, 85.61),
(1297, 29, 24, 50, 87.79),
(1298, 29, 24, 51, 89.97),
(1299, 29, 24, 52, 93.04),
(1300, 29, 24, 53, 96.09),
(1301, 29, 24, 54, 100.46),
(1302, 29, 24, 55, 104.4),
(1303, 29, 24, 56, 109.2),
(1304, 29, 24, 57, 113.57),
(1305, 29, 24, 58, 120.01),
(1306, 29, 24, 59, 124.92),
(1307, 29, 24, 60, 131.48),
(1308, 29, 24, 61, 136.92),
(1309, 29, 24, 62, 144.37),
(1310, 29, 24, 63, 150.91),
(1311, 29, 24, 64, 161.62),
(1312, 29, 24, 65, 168.16),
(1313, 29, 24, 66, 176.9),
(1314, 29, 24, 67, 183.46),
(1315, 29, 24, 68, 192.18),
(1316, 29, 24, 69, 200.92),
(1317, 29, 25, 0, 91.33),
(1318, 29, 25, 1, 81.61),
(1319, 29, 25, 2, 73.65),
(1320, 29, 25, 3, 67.39),
(1321, 29, 25, 4, 61.93),
(1322, 29, 25, 5, 58.32),
(1323, 29, 25, 6, 56.33),
(1324, 29, 25, 7, 54.42),
(1325, 29, 25, 8, 53.15),
(1326, 29, 25, 9, 52.02),
(1327, 29, 25, 10, 51.41),
(1328, 29, 25, 11, 51.54),
(1329, 29, 25, 12, 51.77),
(1330, 29, 25, 13, 52.25),
(1331, 29, 25, 14, 53.13),
(1332, 29, 25, 15, 54.04),
(1333, 29, 25, 16, 55.19),
(1334, 29, 25, 17, 56.33),
(1335, 29, 25, 18, 57.34),
(1336, 29, 25, 19, 58.49),
(1337, 29, 25, 20, 59.35),
(1338, 29, 25, 21, 60.78),
(1339, 29, 25, 22, 61.5),
(1340, 29, 25, 23, 62.94),
(1341, 29, 25, 24, 64.74),
(1342, 29, 25, 25, 66.31),
(1343, 29, 25, 26, 68.41),
(1344, 29, 25, 27, 70.03),
(1345, 29, 25, 28, 71.4),
(1346, 29, 25, 29, 73.27),
(1347, 29, 25, 30, 74.47),
(1348, 29, 25, 31, 75.67),
(1349, 29, 25, 32, 77.47),
(1350, 29, 25, 33, 78.55),
(1351, 29, 25, 34, 79.95),
(1352, 29, 25, 35, 81.57),
(1353, 29, 25, 36, 82.46),
(1354, 29, 25, 37, 83.24),
(1355, 29, 25, 38, 84.69),
(1356, 29, 25, 39, 85.39),
(1357, 29, 25, 40, 86.13),
(1358, 29, 25, 41, 86.37),
(1359, 29, 25, 42, 86.48),
(1360, 29, 25, 43, 86.85),
(1361, 29, 25, 44, 87.68),
(1362, 29, 25, 45, 88.88),
(1363, 29, 25, 46, 89.62),
(1364, 29, 25, 47, 91.3),
(1365, 29, 25, 48, 92.73),
(1366, 29, 25, 49, 94.17),
(1367, 29, 25, 50, 96.57),
(1368, 29, 25, 51, 98.97),
(1369, 29, 25, 52, 102.34),
(1370, 29, 25, 53, 105.7),
(1371, 29, 25, 54, 110.51),
(1372, 29, 25, 55, 114.84),
(1373, 29, 25, 56, 120.12),
(1374, 29, 25, 57, 124.93),
(1375, 29, 25, 58, 132.01),
(1376, 29, 25, 59, 137.41),
(1377, 29, 25, 60, 144.63),
(1378, 29, 25, 61, 150.61),
(1379, 29, 25, 62, 158.81),
(1380, 29, 25, 63, 166),
(1381, 29, 25, 64, 177.78),
(1382, 29, 25, 65, 184.98),
(1383, 29, 25, 66, 194.59),
(1384, 29, 25, 67, 201.81),
(1385, 29, 25, 68, 211.4),
(1386, 29, 25, 69, 221.01),
(1387, 29, 26, 0, 97.15),
(1388, 29, 26, 1, 86.8),
(1389, 29, 26, 2, 78.33),
(1390, 29, 26, 3, 71.67),
(1391, 29, 26, 4, 65.87),
(1392, 29, 26, 5, 62.03),
(1393, 29, 26, 6, 59.92),
(1394, 29, 26, 7, 57.88),
(1395, 29, 26, 8, 56.53),
(1396, 29, 26, 9, 55.33),
(1397, 29, 26, 10, 54.69),
(1398, 29, 26, 11, 54.81),
(1399, 29, 26, 12, 55.06),
(1400, 29, 26, 13, 55.58),
(1401, 29, 26, 14, 56.51),
(1402, 29, 26, 15, 57.48),
(1403, 29, 26, 16, 58.7),
(1404, 29, 26, 17, 59.92),
(1405, 29, 26, 18, 60.99),
(1406, 29, 26, 19, 62.21),
(1407, 29, 26, 20, 63.12),
(1408, 29, 26, 21, 64.64),
(1409, 29, 26, 22, 65.41),
(1410, 29, 26, 23, 66.95),
(1411, 29, 26, 24, 68.85),
(1412, 29, 26, 25, 70.53),
(1413, 29, 26, 26, 72.76),
(1414, 29, 26, 27, 74.48),
(1415, 29, 26, 28, 75.94),
(1416, 29, 26, 29, 77.93),
(1417, 29, 26, 30, 79.21),
(1418, 29, 26, 31, 80.48),
(1419, 29, 26, 32, 82.4),
(1420, 29, 26, 33, 83.55),
(1421, 29, 26, 34, 85.04),
(1422, 29, 26, 35, 86.76),
(1423, 29, 26, 36, 87.7),
(1424, 29, 26, 37, 88.53),
(1425, 29, 26, 38, 90.08),
(1426, 29, 26, 39, 90.83),
(1427, 29, 26, 40, 91.61),
(1428, 29, 26, 41, 91.87),
(1429, 29, 26, 42, 91.99),
(1430, 29, 26, 43, 92.37),
(1431, 29, 26, 44, 93.26),
(1432, 29, 26, 45, 94.54),
(1433, 29, 26, 46, 95.32),
(1434, 29, 26, 47, 97.11),
(1435, 29, 26, 48, 98.63),
(1436, 29, 26, 49, 100.16),
(1437, 29, 26, 50, 102.71),
(1438, 29, 26, 51, 105.26),
(1439, 29, 26, 52, 108.86),
(1440, 29, 26, 53, 112.43),
(1441, 29, 26, 54, 117.54),
(1442, 29, 26, 55, 122.15),
(1443, 29, 26, 56, 127.76),
(1444, 29, 26, 57, 132.88),
(1445, 29, 26, 58, 140.41),
(1446, 29, 26, 59, 146.16),
(1447, 29, 26, 60, 153.83),
(1448, 29, 26, 61, 160.2),
(1449, 29, 26, 62, 168.91),
(1450, 29, 26, 63, 176.56),
(1451, 29, 26, 64, 189.1),
(1452, 29, 26, 65, 196.75),
(1453, 29, 26, 66, 206.97),
(1454, 29, 26, 67, 214.65),
(1455, 29, 26, 68, 224.85),
(1456, 29, 26, 69, 235.08),
(1528, 1, 1, 0, 50.93),
(1529, 1, 1, 1, 50.93),
(1530, 1, 1, 2, 50.93),
(1531, 1, 1, 3, 50.93),
(1532, 1, 1, 4, 32.08),
(1533, 1, 1, 5, 32.08),
(1534, 1, 1, 6, 32.08),
(1535, 1, 1, 7, 32.08),
(1536, 1, 1, 8, 32.08),
(1537, 1, 1, 9, 32.08),
(1538, 1, 1, 10, 32.08),
(1539, 1, 1, 11, 32.08),
(1540, 1, 1, 12, 32.08),
(1541, 1, 1, 13, 32.08),
(1542, 1, 1, 14, 32.08),
(1543, 1, 1, 15, 32.08),
(1544, 1, 1, 16, 32.08),
(1545, 1, 1, 17, 32.08),
(1546, 1, 1, 18, 32.08),
(1547, 1, 1, 19, 32.08),
(1548, 1, 1, 20, 32.08),
(1549, 1, 1, 21, 32.08),
(1550, 1, 1, 22, 32.08),
(1551, 1, 1, 23, 32.08),
(1552, 1, 1, 24, 32.08),
(1553, 1, 1, 25, 61.53),
(1554, 1, 1, 26, 61.53),
(1555, 1, 1, 27, 61.53),
(1556, 1, 1, 28, 61.53),
(1557, 1, 1, 29, 61.53),
(1558, 1, 1, 30, 61.53),
(1559, 1, 1, 31, 61.53),
(1560, 1, 1, 32, 61.53),
(1561, 1, 1, 33, 61.53),
(1562, 1, 1, 34, 61.53),
(1563, 1, 1, 35, 52.08),
(1564, 1, 1, 36, 52.08),
(1565, 1, 1, 37, 52.08),
(1566, 1, 1, 38, 52.08),
(1567, 1, 1, 39, 52.08),
(1568, 1, 1, 40, 52.08),
(1569, 1, 1, 41, 52.08),
(1570, 1, 1, 42, 52.08),
(1571, 1, 1, 43, 52.08),
(1572, 1, 1, 44, 52.08),
(1573, 1, 1, 45, 55.06),
(1574, 1, 1, 46, 55.06),
(1575, 1, 1, 47, 55.06),
(1576, 1, 1, 48, 55.06),
(1577, 1, 1, 49, 55.06),
(1578, 1, 1, 50, 55.06),
(1579, 1, 1, 51, 55.06),
(1580, 1, 1, 52, 55.06),
(1581, 1, 1, 53, 55.06),
(1582, 1, 1, 54, 55.06),
(1583, 1, 1, 55, 75.93),
(1584, 1, 1, 56, 75.93),
(1585, 1, 1, 57, 75.93),
(1586, 1, 1, 58, 75.93),
(1587, 1, 1, 59, 75.93),
(1588, 1, 1, 60, 75.93),
(1589, 1, 1, 61, 75.93),
(1590, 1, 1, 62, 75.93),
(1591, 1, 1, 63, 75.93),
(1592, 1, 1, 64, 75.93),
(1593, 1, 1, 65, 75.93),
(1660, 31, 1, 0, 42.38),
(1661, 31, 1, 1, 42.38),
(1662, 31, 1, 2, 42.38),
(1663, 31, 1, 3, 42.38),
(1664, 31, 1, 4, 42.38),
(1665, 31, 1, 5, 42.38),
(1666, 31, 1, 6, 42.38),
(1667, 31, 1, 7, 42.38),
(1668, 31, 1, 8, 42.38),
(1669, 31, 1, 9, 42.38),
(1670, 31, 1, 10, 42.38),
(1671, 31, 1, 11, 42.38),
(1672, 31, 1, 12, 42.38),
(1673, 31, 1, 13, 42.38),
(1674, 31, 1, 14, 42.38),
(1675, 31, 1, 15, 42.38),
(1676, 31, 1, 16, 42.38),
(1677, 31, 1, 17, 42.38),
(1678, 31, 1, 18, 42.38),
(1679, 31, 1, 19, 42.38),
(1680, 31, 1, 20, 42.38),
(1681, 31, 1, 21, 42.38),
(1682, 31, 1, 22, 42.38),
(1683, 31, 1, 23, 42.38),
(1684, 31, 1, 24, 42.38),
(1685, 31, 1, 25, 42.38),
(1686, 31, 1, 26, 42.38),
(1687, 31, 1, 27, 42.38),
(1688, 31, 1, 28, 42.38),
(1689, 31, 1, 29, 42.38),
(1690, 31, 1, 30, 42.38),
(1691, 31, 1, 31, 42.38),
(1692, 31, 1, 32, 42.38),
(1693, 31, 1, 33, 42.38),
(1694, 31, 1, 34, 42.38),
(1695, 31, 1, 35, 42.38),
(1696, 31, 1, 36, 42.38),
(1697, 31, 1, 37, 42.38),
(1698, 31, 1, 38, 42.38),
(1699, 31, 1, 39, 42.38),
(1700, 31, 1, 40, 42.38),
(1701, 31, 1, 41, 42.38),
(1702, 31, 1, 42, 42.38),
(1703, 31, 1, 43, 42.38),
(1704, 31, 1, 44, 42.38),
(1705, 31, 1, 45, 42.38),
(1706, 31, 1, 46, 42.38),
(1707, 31, 1, 47, 42.38),
(1708, 31, 1, 48, 42.38),
(1709, 31, 1, 49, 42.38),
(1710, 31, 1, 50, 42.38),
(1711, 31, 1, 51, 42.38),
(1712, 31, 1, 52, 42.38),
(1713, 31, 1, 53, 42.38),
(1714, 31, 1, 54, 42.38),
(1715, 31, 1, 55, 42.38),
(1716, 31, 1, 56, 42.38),
(1717, 31, 1, 57, 42.38),
(1718, 31, 1, 58, 42.38),
(1719, 31, 1, 59, 42.38),
(1720, 31, 1, 60, 42.38),
(1721, 31, 1, 61, 42.38),
(1722, 31, 1, 62, 42.38),
(1723, 31, 1, 63, 42.38),
(1724, 31, 1, 64, 42.38),
(1725, 27, 1, 0, 55.1),
(1726, 27, 1, 1, 55.1),
(1727, 27, 1, 2, 55.1),
(1728, 27, 1, 3, 53.55),
(1729, 27, 1, 4, 53.55),
(1730, 27, 1, 5, 53.55),
(1731, 27, 1, 6, 46.1),
(1732, 27, 1, 7, 46.1),
(1733, 27, 1, 8, 46.1),
(1734, 27, 1, 9, 46.1),
(1735, 27, 1, 10, 46.1),
(1736, 27, 1, 11, 46.1),
(1737, 27, 1, 12, 46.1),
(1738, 27, 1, 13, 46.1),
(1739, 27, 1, 14, 46.1),
(1740, 27, 1, 15, 46.1),
(1741, 27, 1, 16, 46.1),
(1742, 27, 1, 17, 46.1),
(1743, 27, 1, 18, 46.1),
(1744, 27, 1, 19, 46.1),
(1745, 27, 1, 20, 46.1),
(1746, 27, 1, 21, 53.3),
(1747, 27, 1, 22, 53.3),
(1748, 27, 1, 23, 53.3),
(1749, 27, 1, 24, 53.3),
(1750, 27, 1, 25, 53.3),
(1751, 27, 1, 26, 53.3),
(1752, 27, 1, 27, 53.3),
(1753, 27, 1, 28, 53.3),
(1754, 27, 1, 29, 53.3),
(1755, 27, 1, 30, 53.3),
(1756, 27, 1, 31, 53.3),
(1757, 27, 1, 32, 53.3),
(1758, 27, 1, 33, 53.3),
(1759, 27, 1, 34, 53.3),
(1760, 27, 1, 35, 53.3),
(1761, 27, 1, 36, 53.3),
(1762, 27, 1, 37, 53.3),
(1763, 27, 1, 38, 53.3),
(1764, 27, 1, 39, 53.3),
(1765, 27, 1, 40, 55.65),
(1766, 27, 1, 41, 55.65),
(1767, 27, 1, 42, 55.65),
(1768, 27, 1, 43, 55.65),
(1769, 27, 1, 44, 55.65),
(1770, 27, 1, 45, 57.9),
(1771, 27, 1, 46, 57.9),
(1772, 27, 1, 47, 57.9),
(1773, 27, 1, 48, 57.9),
(1774, 27, 1, 49, 57.9),
(1775, 27, 1, 50, 62.75),
(1776, 27, 1, 51, 62.75),
(1777, 27, 1, 52, 62.75),
(1778, 27, 1, 53, 62.75),
(1779, 27, 1, 54, 62.75),
(1780, 27, 1, 55, 80.6),
(1781, 27, 1, 56, 80.6),
(1782, 27, 1, 57, 80.6),
(1783, 27, 1, 58, 80.6),
(1784, 27, 1, 59, 80.6),
(1785, 27, 1, 60, 100.35),
(1786, 27, 1, 61, 100.35),
(1787, 27, 1, 62, 100.35),
(1788, 27, 1, 63, 100.35),
(1789, 27, 1, 64, 100.35),
(1790, 27, 1, 65, 149.7),
(1791, 27, 1, 66, 149.7),
(1792, 27, 1, 67, 149.7),
(1793, 27, 1, 68, 149.7),
(1794, 27, 1, 69, 149.7),
(1795, 27, 1, 70, 153.9),
(1796, 27, 1, 71, 153.9),
(1797, 27, 1, 72, 153.9),
(1798, 27, 1, 73, 153.9),
(1799, 27, 1, 74, 153.9),
(1800, 27, 1, 75, 153.9),
(1801, 28, 1, 0, 40.5),
(1802, 28, 1, 1, 40.5),
(1803, 28, 1, 2, 40.5),
(1804, 28, 1, 3, 49),
(1805, 28, 1, 4, 49),
(1806, 28, 1, 5, 49),
(1807, 28, 1, 6, 42.5),
(1808, 28, 1, 7, 42.5),
(1809, 28, 1, 8, 42.5),
(1810, 28, 1, 9, 42.5),
(1811, 28, 1, 10, 42.5),
(1812, 28, 1, 11, 42.5),
(1813, 28, 1, 12, 42.5),
(1814, 28, 1, 13, 42.5),
(1815, 28, 1, 14, 42.5),
(1816, 28, 1, 15, 42.5),
(1817, 28, 1, 16, 42.5),
(1818, 28, 1, 17, 42.5),
(1819, 28, 1, 18, 42.5),
(1820, 28, 1, 19, 42.5),
(1821, 28, 1, 20, 42.5),
(1822, 28, 1, 21, 49.5),
(1823, 28, 1, 22, 49.5),
(1824, 28, 1, 23, 49.5),
(1825, 28, 1, 24, 49.5),
(1826, 28, 1, 25, 49.5),
(1827, 28, 1, 26, 49.5),
(1828, 28, 1, 27, 49.5),
(1829, 28, 1, 28, 49.5),
(1830, 28, 1, 29, 49.5),
(1831, 28, 1, 30, 49.5),
(1832, 28, 1, 31, 49.5),
(1833, 28, 1, 32, 49.5),
(1834, 28, 1, 33, 49.5),
(1835, 28, 1, 34, 49.5),
(1836, 28, 1, 35, 49.5),
(1837, 28, 1, 36, 49.5),
(1838, 28, 1, 37, 49.5),
(1839, 28, 1, 38, 49.5),
(1840, 28, 1, 39, 49.5),
(1841, 28, 1, 40, 51.25),
(1842, 28, 1, 41, 51.25),
(1843, 28, 1, 42, 51.25),
(1844, 28, 1, 43, 51.25),
(1845, 28, 1, 44, 51.25),
(1846, 28, 1, 45, 52.7),
(1847, 28, 1, 46, 52.7),
(1848, 28, 1, 47, 52.7),
(1849, 28, 1, 48, 52.7),
(1850, 28, 1, 49, 52.7),
(1851, 28, 1, 50, 56.5),
(1852, 28, 1, 51, 56.5),
(1853, 28, 1, 52, 56.5),
(1854, 28, 1, 53, 56.5),
(1855, 28, 1, 54, 56.5),
(1856, 28, 1, 55, 69.9),
(1857, 28, 1, 56, 69.9),
(1858, 28, 1, 57, 69.9),
(1859, 28, 1, 58, 69.9),
(1860, 28, 1, 59, 69.9),
(1861, 28, 1, 60, 89.5),
(1862, 28, 1, 61, 89.5),
(1863, 28, 1, 62, 89.5),
(1864, 28, 1, 63, 89.5),
(1865, 28, 1, 64, 89.5),
(1866, 28, 1, 65, 131),
(1867, 28, 1, 66, 131),
(1868, 28, 1, 67, 131),
(1869, 28, 1, 68, 131),
(1870, 28, 1, 69, 131),
(1871, 28, 1, 70, 136),
(1872, 28, 1, 71, 136),
(1873, 28, 1, 72, 136),
(1874, 28, 1, 73, 136),
(1875, 28, 1, 74, 136),
(1876, 28, 1, 75, 136),
(1877, 34, 1, 0, 44),
(1878, 34, 1, 1, 44),
(1879, 34, 1, 2, 44),
(1880, 34, 1, 3, 44),
(1881, 34, 1, 4, 44),
(1882, 34, 1, 5, 44),
(1883, 34, 1, 6, 44),
(1884, 34, 1, 7, 44),
(1885, 34, 1, 8, 44),
(1886, 34, 1, 9, 44),
(1887, 34, 1, 10, 44),
(1888, 34, 1, 11, 44),
(1889, 34, 1, 12, 44),
(1890, 34, 1, 13, 44),
(1891, 34, 1, 14, 44),
(1892, 34, 1, 15, 44),
(1893, 34, 1, 16, 44),
(1894, 34, 1, 17, 44),
(1895, 34, 1, 18, 44),
(1896, 34, 1, 19, 44),
(1897, 34, 1, 20, 44),
(1898, 34, 1, 21, 44),
(1899, 34, 1, 22, 44),
(1900, 34, 1, 23, 44),
(1901, 34, 1, 24, 44),
(1902, 34, 1, 25, 44),
(1903, 34, 1, 26, 44),
(1904, 34, 1, 27, 44),
(1905, 34, 1, 28, 44),
(1906, 34, 1, 29, 44),
(1907, 34, 1, 30, 44),
(1908, 34, 1, 31, 44),
(1909, 34, 1, 32, 44),
(1910, 34, 1, 33, 44),
(1911, 34, 1, 34, 44),
(1912, 34, 1, 35, 44),
(1913, 34, 1, 36, 44),
(1914, 34, 1, 37, 44),
(1915, 34, 1, 38, 44),
(1916, 34, 1, 39, 44),
(1917, 34, 1, 40, 44),
(1918, 34, 1, 41, 44),
(1919, 34, 1, 42, 44),
(1920, 34, 1, 43, 44),
(1921, 34, 1, 44, 44),
(1922, 34, 1, 45, 44),
(1923, 34, 1, 46, 44),
(1924, 34, 1, 47, 44),
(1925, 34, 1, 48, 44),
(1926, 34, 1, 49, 44),
(1927, 34, 1, 50, 44),
(1928, 34, 1, 51, 44),
(1929, 34, 1, 52, 44),
(1930, 34, 1, 53, 44),
(1931, 34, 1, 54, 44),
(1932, 34, 1, 55, 44),
(1933, 34, 1, 56, 44),
(1934, 34, 1, 57, 44),
(1935, 34, 1, 58, 44),
(1936, 34, 1, 59, 44),
(1937, 34, 1, 60, 44),
(1938, 34, 1, 61, 44),
(1939, 34, 1, 62, 44),
(1940, 34, 1, 63, 44),
(1941, 34, 1, 64, 44),
(1942, 34, 1, 65, 96.9),
(1943, 34, 1, 66, 96.9),
(1944, 34, 1, 67, 96.9),
(1945, 34, 1, 68, 96.9),
(1946, 34, 1, 69, 96.9),
(1947, 34, 1, 70, 96.9),
(1948, 34, 1, 71, 96.9),
(1949, 34, 1, 72, 96.9),
(1950, 34, 1, 73, 96.9),
(1951, 34, 1, 74, 96.9),
(1952, 34, 1, 75, 96.9),
(1953, 35, 1, 0, 40.7),
(1954, 35, 1, 1, 40.7),
(1955, 35, 1, 2, 40.7),
(1956, 35, 1, 3, 40.7),
(1957, 35, 1, 4, 40.7),
(1958, 35, 1, 5, 40.7),
(1959, 35, 1, 6, 40.7),
(1960, 35, 1, 7, 40.7),
(1961, 35, 1, 8, 40.7),
(1962, 35, 1, 9, 40.7),
(1963, 35, 1, 10, 40.7),
(1964, 35, 1, 11, 40.7),
(1965, 35, 1, 12, 40.7),
(1966, 35, 1, 13, 40.7),
(1967, 35, 1, 14, 40.7),
(1968, 35, 1, 15, 40.7),
(1969, 35, 1, 16, 40.7),
(1970, 35, 1, 17, 40.7),
(1971, 35, 1, 18, 40.7),
(1972, 35, 1, 19, 40.7),
(1973, 35, 1, 20, 40.7),
(1974, 35, 1, 21, 40.7),
(1975, 35, 1, 22, 40.7),
(1976, 35, 1, 23, 40.7),
(1977, 35, 1, 24, 40.7),
(1978, 35, 1, 25, 40.7),
(1979, 35, 1, 26, 40.7),
(1980, 35, 1, 27, 40.7),
(1981, 35, 1, 28, 40.7),
(1982, 35, 1, 29, 40.7),
(1983, 35, 1, 30, 40.7),
(1984, 35, 1, 31, 40.7),
(1985, 35, 1, 32, 40.7),
(1986, 35, 1, 33, 40.7),
(1987, 35, 1, 34, 40.7),
(1988, 35, 1, 35, 40.7),
(1989, 35, 1, 36, 40.7),
(1990, 35, 1, 37, 40.7),
(1991, 35, 1, 38, 40.7),
(1992, 35, 1, 39, 40.7),
(1993, 35, 1, 40, 40.7),
(1994, 35, 1, 41, 40.7),
(1995, 35, 1, 42, 40.7),
(1996, 35, 1, 43, 40.7),
(1997, 35, 1, 44, 40.7),
(1998, 35, 1, 45, 40.7),
(1999, 35, 1, 46, 40.7),
(2000, 35, 1, 47, 40.7),
(2001, 35, 1, 48, 40.7),
(2002, 35, 1, 49, 40.7),
(2003, 35, 1, 50, 40.7),
(2004, 35, 1, 51, 40.7),
(2005, 35, 1, 52, 40.7),
(2006, 35, 1, 53, 40.7),
(2007, 35, 1, 54, 40.7),
(2008, 35, 1, 55, 40.7),
(2009, 35, 1, 56, 40.7),
(2010, 35, 1, 57, 40.7),
(2011, 35, 1, 58, 40.7),
(2012, 35, 1, 59, 40.7),
(2013, 35, 1, 60, 40.7),
(2014, 35, 1, 61, 40.7),
(2015, 35, 1, 62, 40.7),
(2016, 35, 1, 63, 40.7),
(2017, 35, 1, 64, 40.7),
(2018, 35, 1, 65, 89.6),
(2019, 35, 1, 66, 89.6),
(2020, 35, 1, 67, 89.6),
(2021, 35, 1, 68, 89.6),
(2022, 35, 1, 69, 89.6),
(2023, 35, 1, 70, 89.6),
(2024, 35, 1, 71, 89.6),
(2025, 35, 1, 72, 89.6),
(2026, 35, 1, 73, 89.6),
(2027, 35, 1, 74, 89.6),
(2028, 35, 1, 75, 89.6),
(2029, 36, 1, 0, 49.95),
(2030, 36, 1, 1, 49.95),
(2031, 36, 1, 2, 49.95),
(2032, 36, 1, 3, 49.95),
(2033, 36, 1, 4, 49.95),
(2034, 36, 1, 5, 49.95),
(2035, 36, 1, 6, 52.3),
(2036, 36, 1, 7, 52.3),
(2037, 36, 1, 8, 52.3),
(2038, 36, 1, 9, 52.3),
(2039, 36, 1, 10, 52.3),
(2040, 36, 1, 11, 52.3),
(2041, 36, 1, 12, 52.3),
(2042, 36, 1, 13, 52.3),
(2043, 36, 1, 14, 52.3),
(2044, 36, 1, 15, 52.3),
(2045, 36, 1, 16, 52.3),
(2046, 36, 1, 17, 52.3),
(2047, 36, 1, 18, 52.3),
(2048, 36, 1, 19, 52.3),
(2049, 36, 1, 20, 52.3),
(2050, 36, 1, 21, 52.3),
(2051, 36, 1, 22, 52.3),
(2052, 36, 1, 23, 52.3),
(2053, 36, 1, 24, 52.3),
(2054, 36, 1, 25, 52.3),
(2055, 36, 1, 26, 55.7),
(2056, 36, 1, 27, 55.7),
(2057, 36, 1, 28, 55.7),
(2058, 36, 1, 29, 55.7),
(2059, 36, 1, 30, 55.7),
(2060, 36, 1, 31, 55.7),
(2061, 36, 1, 32, 55.7),
(2062, 36, 1, 33, 55.7),
(2063, 36, 1, 34, 55.7),
(2064, 36, 1, 35, 55.7),
(2065, 36, 1, 36, 55.7),
(2066, 36, 1, 37, 55.7),
(2067, 36, 1, 38, 55.7),
(2068, 36, 1, 39, 55.7),
(2069, 36, 1, 40, 55.7),
(2070, 36, 1, 41, 55.7),
(2071, 36, 1, 42, 55.7),
(2072, 36, 1, 43, 55.7),
(2073, 36, 1, 44, 55.7),
(2074, 36, 1, 45, 55.7),
(2075, 36, 1, 46, 63),
(2076, 36, 1, 47, 63),
(2077, 36, 1, 48, 63),
(2078, 36, 1, 49, 63),
(2079, 36, 1, 50, 63),
(2080, 36, 1, 51, 63),
(2081, 36, 1, 52, 63),
(2082, 36, 1, 53, 63),
(2083, 36, 1, 54, 63),
(2084, 36, 1, 55, 63),
(2085, 36, 1, 56, 88.9),
(2086, 36, 1, 57, 88.9),
(2087, 36, 1, 58, 88.9),
(2088, 36, 1, 59, 88.9),
(2089, 36, 1, 60, 88.9),
(2090, 36, 1, 61, 110.3),
(2091, 36, 1, 62, 110.3),
(2092, 36, 1, 63, 110.3),
(2093, 36, 1, 64, 110.3),
(2094, 36, 1, 65, 110.3),
(2095, 21, 1, 0, 60),
(2096, 21, 1, 1, 60),
(2097, 21, 1, 2, 60),
(2098, 21, 1, 3, 60),
(2099, 21, 1, 4, 60),
(2100, 21, 1, 5, 60),
(2101, 21, 1, 6, 60),
(2102, 21, 1, 7, 60),
(2103, 21, 1, 8, 60),
(2104, 21, 1, 9, 60),
(2105, 21, 1, 10, 60),
(2106, 21, 1, 11, 60),
(2107, 21, 1, 12, 60),
(2108, 21, 1, 13, 60),
(2109, 21, 1, 14, 60),
(2110, 21, 1, 15, 60),
(2111, 21, 1, 16, 60),
(2112, 21, 1, 17, 60),
(2113, 21, 1, 18, 60),
(2114, 21, 1, 19, 60),
(2115, 21, 1, 20, 60),
(2116, 21, 1, 21, 60),
(2117, 21, 1, 22, 60),
(2118, 21, 1, 23, 60),
(2119, 21, 1, 24, 60),
(2120, 21, 1, 25, 60),
(2121, 21, 1, 26, 60),
(2122, 21, 1, 27, 60),
(2123, 21, 1, 28, 60),
(2124, 21, 1, 29, 60),
(2125, 21, 1, 30, 60),
(2126, 21, 1, 31, 60),
(2127, 21, 1, 32, 60),
(2128, 21, 1, 33, 60),
(2129, 21, 1, 34, 60),
(2130, 21, 1, 35, 60),
(2131, 21, 1, 36, 60),
(2132, 21, 1, 37, 60),
(2133, 21, 1, 38, 60),
(2134, 21, 1, 39, 60),
(2135, 21, 1, 40, 60),
(2136, 21, 1, 41, 60),
(2137, 21, 1, 42, 60),
(2138, 21, 1, 43, 60),
(2139, 21, 1, 44, 60),
(2140, 21, 1, 45, 60),
(2141, 21, 1, 46, 60),
(2142, 21, 1, 47, 60),
(2143, 21, 1, 48, 60),
(2144, 21, 1, 49, 60),
(2145, 21, 1, 50, 60),
(2146, 21, 1, 51, 60),
(2147, 21, 1, 52, 60),
(2148, 21, 1, 53, 60),
(2149, 21, 1, 54, 60),
(2150, 21, 1, 55, 87),
(2151, 21, 1, 56, 87),
(2152, 21, 1, 57, 87),
(2153, 21, 1, 58, 87),
(2154, 21, 1, 59, 87),
(2155, 21, 1, 60, 107),
(2156, 21, 1, 61, 107),
(2157, 21, 1, 62, 107),
(2158, 21, 1, 63, 107),
(2159, 21, 1, 64, 107),
(2160, 21, 1, 65, 162),
(2161, 21, 1, 66, 162),
(2162, 21, 1, 67, 162),
(2163, 21, 1, 68, 162),
(2164, 21, 1, 69, 162),
(2165, 21, 1, 70, 162),
(2166, 37, 1, 0, 47),
(2167, 37, 1, 1, 47),
(2168, 37, 1, 2, 47),
(2169, 37, 1, 3, 47),
(2170, 37, 1, 4, 47),
(2171, 37, 1, 5, 47),
(2172, 37, 1, 6, 47),
(2173, 37, 1, 7, 47),
(2174, 37, 1, 8, 47),
(2175, 37, 1, 9, 47),
(2176, 37, 1, 10, 47),
(2177, 37, 1, 11, 47),
(2178, 37, 1, 12, 47),
(2179, 37, 1, 13, 47),
(2180, 37, 1, 14, 47),
(2181, 37, 1, 15, 47),
(2182, 37, 1, 16, 47),
(2183, 37, 1, 17, 47),
(2184, 37, 1, 18, 47),
(2185, 37, 1, 19, 47),
(2186, 37, 1, 20, 47),
(2187, 37, 1, 21, 47),
(2188, 37, 1, 22, 47),
(2189, 37, 1, 23, 47),
(2190, 37, 1, 24, 47),
(2191, 37, 1, 25, 47),
(2192, 37, 1, 26, 47),
(2193, 37, 1, 27, 47),
(2194, 37, 1, 28, 47),
(2195, 37, 1, 29, 47),
(2196, 37, 1, 30, 47),
(2197, 37, 1, 31, 47),
(2198, 37, 1, 32, 47),
(2199, 37, 1, 33, 47),
(2200, 37, 1, 34, 47),
(2201, 37, 1, 35, 47),
(2202, 37, 1, 36, 47),
(2203, 37, 1, 37, 47),
(2204, 37, 1, 38, 47),
(2205, 37, 1, 39, 47),
(2206, 37, 1, 40, 47),
(2207, 37, 1, 41, 47),
(2208, 37, 1, 42, 47),
(2209, 37, 1, 43, 47),
(2210, 37, 1, 44, 47),
(2211, 37, 1, 45, 47),
(2212, 37, 1, 46, 47),
(2213, 37, 1, 47, 47),
(2214, 37, 1, 48, 47),
(2215, 37, 1, 49, 47),
(2216, 37, 1, 50, 47),
(2217, 37, 1, 51, 47),
(2218, 37, 1, 52, 47),
(2219, 37, 1, 53, 47),
(2220, 37, 1, 54, 47),
(2221, 37, 1, 55, 70),
(2222, 37, 1, 56, 70),
(2223, 37, 1, 57, 70),
(2224, 37, 1, 58, 70),
(2225, 37, 1, 59, 70),
(2226, 37, 1, 60, 85),
(2227, 37, 1, 61, 85),
(2228, 37, 1, 62, 85),
(2229, 37, 1, 63, 85),
(2230, 37, 1, 64, 85),
(2231, 37, 1, 65, 125),
(2232, 37, 1, 66, 125),
(2233, 37, 1, 67, 125),
(2234, 37, 1, 68, 125),
(2235, 37, 1, 69, 125),
(2236, 37, 1, 70, 125),
(2237, 38, 1, 0, 61.45),
(2238, 38, 1, 1, 61.45),
(2239, 38, 1, 2, 61.45),
(2240, 38, 1, 3, 45.25),
(2241, 38, 1, 4, 45.25),
(2242, 38, 1, 5, 45.25),
(2243, 38, 1, 6, 45.25),
(2244, 38, 1, 7, 45.25),
(2245, 38, 1, 8, 45.25),
(2246, 38, 1, 9, 45.25),
(2247, 38, 1, 10, 45.25),
(2248, 38, 1, 11, 45.25),
(2249, 38, 1, 12, 45.25),
(2250, 38, 1, 13, 45.25),
(2251, 38, 1, 14, 45.25),
(2252, 38, 1, 15, 45.25),
(2253, 38, 1, 16, 47.41),
(2254, 38, 1, 17, 47.41),
(2255, 38, 1, 18, 47.41),
(2256, 38, 1, 19, 47.41),
(2257, 38, 1, 20, 57.13),
(2258, 38, 1, 21, 57.13),
(2259, 38, 1, 22, 57.13),
(2260, 38, 1, 23, 57.13),
(2261, 38, 1, 24, 57.13),
(2262, 38, 1, 25, 59.29),
(2263, 38, 1, 26, 59.29),
(2264, 38, 1, 27, 59.29),
(2265, 38, 1, 28, 59.29),
(2266, 38, 1, 29, 59.29),
(2267, 38, 1, 30, 61.45),
(2268, 38, 1, 31, 61.45),
(2269, 38, 1, 32, 61.45),
(2270, 38, 1, 33, 61.45),
(2271, 38, 1, 34, 61.45),
(2272, 38, 1, 35, 63.61),
(2273, 38, 1, 36, 63.61),
(2274, 38, 1, 37, 63.61),
(2275, 38, 1, 38, 63.61),
(2276, 38, 1, 39, 63.61),
(2277, 38, 1, 40, 65.77),
(2278, 38, 1, 41, 65.77),
(2279, 38, 1, 42, 65.77),
(2280, 38, 1, 43, 65.77),
(2281, 38, 1, 44, 65.77),
(2282, 38, 1, 45, 73.33),
(2283, 38, 1, 46, 73.33),
(2284, 38, 1, 47, 73.33),
(2285, 38, 1, 48, 73.33),
(2286, 38, 1, 49, 73.33),
(2287, 38, 1, 50, 78.73),
(2288, 38, 1, 51, 78.73),
(2289, 38, 1, 52, 78.73),
(2290, 38, 1, 53, 78.73),
(2291, 38, 1, 54, 78.73),
(2292, 38, 1, 55, 97.09),
(2293, 38, 1, 56, 97.09),
(2294, 38, 1, 57, 97.09),
(2295, 38, 1, 58, 97.09),
(2296, 38, 1, 59, 97.09),
(2297, 38, 1, 60, 123.01),
(2298, 38, 1, 61, 123.01),
(2299, 38, 1, 62, 123.01),
(2300, 38, 1, 63, 123.01),
(2301, 38, 1, 64, 123.01),
(2302, 38, 1, 65, 142.45),
(2303, 38, 1, 66, 142.45),
(2304, 38, 1, 67, 142.45),
(2305, 38, 1, 68, 142.45),
(2306, 38, 1, 69, 142.45),
(2307, 38, 1, 70, 156.49),
(2308, 38, 1, 71, 156.49),
(2309, 38, 1, 72, 156.49),
(2310, 38, 1, 73, 156.49),
(2311, 38, 1, 74, 156.49),
(2312, 38, 1, 75, 160.81),
(2389, 40, 1, 0, 48),
(2390, 40, 1, 1, 48),
(2391, 40, 1, 2, 48),
(2392, 40, 1, 3, 48),
(2393, 40, 1, 4, 48),
(2394, 40, 1, 5, 48),
(2395, 40, 1, 6, 48),
(2396, 40, 1, 7, 48),
(2397, 40, 1, 8, 48),
(2398, 40, 1, 9, 48),
(2399, 40, 1, 10, 48),
(2400, 40, 1, 11, 48),
(2401, 40, 1, 12, 48),
(2402, 40, 1, 13, 48),
(2403, 40, 1, 14, 48),
(2404, 40, 1, 15, 48),
(2405, 40, 1, 16, 48),
(2406, 40, 1, 17, 48),
(2407, 40, 1, 18, 48),
(2408, 40, 1, 19, 48),
(2409, 40, 1, 20, 48),
(2410, 40, 1, 21, 48),
(2411, 40, 1, 22, 48),
(2412, 40, 1, 23, 48),
(2413, 40, 1, 24, 48),
(2414, 40, 1, 25, 48),
(2415, 40, 1, 26, 48),
(2416, 40, 1, 27, 48),
(2417, 40, 1, 28, 48),
(2418, 40, 1, 29, 48),
(2419, 40, 1, 30, 48),
(2420, 40, 1, 31, 48),
(2421, 40, 1, 32, 48),
(2422, 40, 1, 33, 48),
(2423, 40, 1, 34, 48),
(2424, 40, 1, 35, 48),
(2425, 40, 1, 36, 48),
(2426, 40, 1, 37, 48),
(2427, 40, 1, 38, 48),
(2428, 40, 1, 39, 48),
(2429, 40, 1, 40, 48),
(2430, 40, 1, 41, 48),
(2431, 40, 1, 42, 48),
(2432, 40, 1, 43, 48),
(2433, 40, 1, 44, 48),
(2434, 40, 1, 45, 48),
(2435, 40, 1, 46, 48),
(2436, 40, 1, 47, 48),
(2437, 40, 1, 48, 48),
(2438, 40, 1, 49, 48),
(2439, 40, 1, 50, 48),
(2440, 40, 1, 51, 48),
(2441, 40, 1, 52, 48),
(2442, 40, 1, 53, 48),
(2443, 40, 1, 54, 48),
(2444, 40, 1, 55, 65),
(2445, 40, 1, 56, 65),
(2446, 40, 1, 57, 65),
(2447, 40, 1, 58, 65),
(2448, 40, 1, 59, 65),
(2449, 40, 1, 60, 65),
(2450, 40, 1, 61, 65),
(2451, 40, 1, 62, 65),
(2452, 40, 1, 63, 65),
(2453, 40, 1, 64, 65),
(2454, 40, 1, 65, 65),
(2455, 40, 1, 66, 65),
(2456, 40, 1, 67, 65),
(2457, 40, 1, 68, 65),
(2458, 40, 1, 69, 65),
(2459, 40, 1, 70, 65),
(2460, 40, 1, 71, 65),
(2461, 40, 1, 72, 65),
(2462, 40, 1, 73, 65),
(2463, 40, 1, 74, 65),
(2464, 40, 1, 75, 65),
(2465, 41, 1, 0, 32),
(2466, 41, 1, 1, 32),
(2467, 41, 1, 2, 32),
(2468, 41, 1, 3, 32),
(2469, 41, 1, 4, 32),
(2470, 41, 1, 5, 32),
(2471, 41, 1, 6, 32),
(2472, 41, 1, 7, 32),
(2473, 41, 1, 8, 32),
(2474, 41, 1, 9, 32),
(2475, 41, 1, 10, 32),
(2476, 41, 1, 11, 32),
(2477, 41, 1, 12, 32),
(2478, 41, 1, 13, 32),
(2479, 41, 1, 14, 32),
(2480, 41, 1, 15, 32),
(2481, 41, 1, 16, 32),
(2482, 41, 1, 17, 32),
(2483, 41, 1, 18, 32),
(2484, 41, 1, 19, 32),
(2485, 41, 1, 20, 32),
(2486, 41, 1, 21, 32),
(2487, 41, 1, 22, 32),
(2488, 41, 1, 23, 32),
(2489, 41, 1, 24, 32),
(2490, 41, 1, 25, 32),
(2491, 41, 1, 26, 32),
(2492, 41, 1, 27, 32),
(2493, 41, 1, 28, 32),
(2494, 41, 1, 29, 32),
(2495, 41, 1, 30, 32),
(2496, 41, 1, 31, 32),
(2497, 41, 1, 32, 32),
(2498, 41, 1, 33, 32),
(2499, 41, 1, 34, 32),
(2500, 41, 1, 35, 32),
(2501, 41, 1, 36, 32),
(2502, 41, 1, 37, 32),
(2503, 41, 1, 38, 32),
(2504, 41, 1, 39, 32),
(2505, 41, 1, 40, 32),
(2506, 41, 1, 41, 32),
(2507, 41, 1, 42, 32),
(2508, 41, 1, 43, 32),
(2509, 41, 1, 44, 32),
(2510, 41, 1, 45, 32),
(2511, 41, 1, 46, 32),
(2512, 41, 1, 47, 32),
(2513, 41, 1, 48, 32),
(2514, 41, 1, 49, 32),
(2515, 41, 1, 50, 32),
(2516, 41, 1, 51, 32),
(2517, 41, 1, 52, 32),
(2518, 41, 1, 53, 32),
(2519, 41, 1, 54, 32),
(2520, 41, 1, 55, 49.95),
(2521, 41, 1, 56, 49.95),
(2522, 41, 1, 57, 49.95),
(2523, 41, 1, 58, 49.95),
(2524, 41, 1, 59, 49.95),
(2525, 41, 1, 60, 49.95),
(2526, 41, 1, 61, 49.95),
(2527, 41, 1, 62, 49.95),
(2528, 41, 1, 63, 49.95),
(2529, 41, 1, 64, 49.95),
(2530, 41, 1, 65, 49.95),
(2531, 41, 1, 66, 49.95),
(2532, 41, 1, 67, 49.95),
(2533, 41, 1, 68, 49.95),
(2534, 41, 1, 69, 49.95),
(2535, 41, 1, 70, 49.95),
(2536, 41, 1, 71, 49.95),
(2537, 41, 1, 72, 49.95),
(2538, 41, 1, 73, 49.95),
(2539, 41, 1, 74, 49.95),
(2540, 41, 1, 75, 49.95),
(2541, 25, 1, 0, 44.92),
(2542, 25, 1, 1, 44.92),
(2543, 25, 1, 2, 44.92),
(2544, 25, 1, 3, 44.92),
(2545, 25, 1, 4, 44.92),
(2546, 25, 1, 5, 44.92),
(2547, 25, 1, 6, 44.92),
(2548, 25, 1, 7, 44.92),
(2549, 25, 1, 8, 44.92),
(2550, 25, 1, 9, 44.92),
(2551, 25, 1, 10, 44.92),
(2552, 25, 1, 11, 44.92),
(2553, 25, 1, 12, 44.92),
(2554, 25, 1, 13, 44.92),
(2555, 25, 1, 14, 44.92),
(2556, 25, 1, 15, 44.92),
(2557, 25, 1, 16, 44.92),
(2558, 25, 1, 17, 44.92),
(2559, 25, 1, 18, 44.92),
(2560, 25, 1, 19, 44.92),
(2561, 25, 1, 20, 44.92),
(2562, 25, 1, 21, 44.92),
(2563, 25, 1, 22, 44.92),
(2564, 25, 1, 23, 44.92),
(2565, 25, 1, 24, 44.92),
(2566, 25, 1, 25, 44.92),
(2567, 25, 1, 26, 44.92),
(2568, 25, 1, 27, 44.92),
(2569, 25, 1, 28, 44.92),
(2570, 25, 1, 29, 44.92),
(2571, 25, 1, 30, 44.92),
(2572, 25, 1, 31, 44.92),
(2573, 25, 1, 32, 44.92),
(2574, 25, 1, 33, 44.92),
(2575, 25, 1, 34, 44.92),
(2576, 25, 1, 35, 44.92),
(2577, 25, 1, 36, 44.92),
(2578, 25, 1, 37, 44.92),
(2579, 25, 1, 38, 44.92),
(2580, 25, 1, 39, 44.92),
(2581, 25, 1, 40, 44.92),
(2582, 25, 1, 41, 44.92),
(2583, 25, 1, 42, 44.92),
(2584, 25, 1, 43, 44.92),
(2585, 25, 1, 44, 44.92),
(2586, 25, 1, 45, 44.92),
(2587, 25, 1, 46, 44.92),
(2588, 25, 1, 47, 44.92),
(2589, 25, 1, 48, 58.4),
(2590, 25, 1, 49, 58.4),
(2591, 25, 1, 50, 58.4),
(2592, 25, 1, 51, 58.4),
(2593, 25, 1, 52, 71.88),
(2594, 25, 1, 53, 71.88),
(2595, 25, 1, 54, 71.88),
(2596, 25, 1, 55, 71.88),
(2597, 25, 1, 56, 89.84),
(2598, 25, 1, 57, 89.84),
(2599, 25, 1, 58, 89.84),
(2600, 25, 1, 59, 89.84),
(2601, 25, 1, 60, 103.32),
(2602, 25, 1, 61, 103.32),
(2603, 25, 1, 62, 103.32),
(2604, 25, 1, 63, 103.32),
(2605, 25, 1, 64, 116.8),
(2606, 25, 1, 65, 116.8),
(2607, 25, 1, 66, 116.8),
(2608, 25, 1, 67, 116.8),
(2609, 26, 1, 0, 35.04),
(2610, 26, 1, 1, 35.04),
(2611, 26, 1, 2, 35.04),
(2612, 26, 1, 3, 35.04),
(2613, 26, 1, 4, 35.04),
(2614, 26, 1, 5, 35.04),
(2615, 26, 1, 6, 35.04),
(2616, 26, 1, 7, 35.04),
(2617, 26, 1, 8, 35.04),
(2618, 26, 1, 9, 35.04),
(2619, 26, 1, 10, 35.04),
(2620, 26, 1, 11, 35.04),
(2621, 26, 1, 12, 35.04),
(2622, 26, 1, 13, 35.04),
(2623, 26, 1, 14, 35.04),
(2624, 26, 1, 15, 35.04),
(2625, 26, 1, 16, 35.04),
(2626, 26, 1, 17, 35.04),
(2627, 26, 1, 18, 35.04),
(2628, 26, 1, 19, 35.04),
(2629, 26, 1, 20, 35.04),
(2630, 26, 1, 21, 35.04),
(2631, 26, 1, 22, 35.04),
(2632, 26, 1, 23, 35.04),
(2633, 26, 1, 24, 35.04),
(2634, 26, 1, 25, 35.04),
(2635, 26, 1, 26, 35.04),
(2636, 26, 1, 27, 35.04),
(2637, 26, 1, 28, 35.04),
(2638, 26, 1, 29, 35.04),
(2639, 26, 1, 30, 35.04),
(2640, 26, 1, 31, 35.04),
(2641, 26, 1, 32, 35.04),
(2642, 26, 1, 33, 35.04),
(2643, 26, 1, 34, 35.04),
(2644, 26, 1, 35, 35.04),
(2645, 26, 1, 36, 35.04),
(2646, 26, 1, 37, 35.04),
(2647, 26, 1, 38, 35.04),
(2648, 26, 1, 39, 35.04),
(2649, 26, 1, 40, 35.04),
(2650, 26, 1, 41, 35.04),
(2651, 26, 1, 42, 35.04),
(2652, 26, 1, 43, 35.04),
(2653, 26, 1, 44, 35.04),
(2654, 26, 1, 45, 35.04),
(2655, 26, 1, 46, 35.04),
(2656, 26, 1, 47, 35.04),
(2657, 26, 1, 48, 45.55),
(2658, 26, 1, 49, 45.55),
(2659, 26, 1, 50, 45.55),
(2660, 26, 1, 51, 45.55),
(2661, 26, 1, 52, 56.06),
(2662, 26, 1, 53, 56.06),
(2663, 26, 1, 54, 56.06),
(2664, 26, 1, 55, 56.06),
(2665, 26, 1, 56, 70.08),
(2666, 26, 1, 57, 70.08),
(2667, 26, 1, 58, 70.08),
(2668, 26, 1, 59, 70.08),
(2669, 26, 1, 60, 80.59),
(2670, 26, 1, 61, 80.59),
(2671, 26, 1, 62, 80.59),
(2672, 26, 1, 63, 80.59),
(2673, 26, 1, 64, 91.1),
(2674, 26, 1, 65, 91.1),
(2675, 26, 1, 66, 91.1),
(2676, 26, 1, 67, 91.1),
(2677, 44, 1, 0, 39.95),
(2678, 44, 1, 1, 39.95),
(2679, 44, 1, 2, 39.95),
(2680, 44, 1, 3, 39.95),
(2681, 44, 1, 4, 39.95),
(2682, 44, 1, 5, 39.95),
(2683, 44, 1, 6, 39.95),
(2684, 44, 1, 7, 39.95),
(2685, 44, 1, 8, 39.95),
(2686, 44, 1, 9, 39.95),
(2687, 44, 1, 10, 39.95),
(2688, 44, 1, 11, 39.95),
(2689, 44, 1, 12, 39.95),
(2690, 44, 1, 13, 39.95),
(2691, 44, 1, 14, 39.95),
(2692, 44, 1, 15, 39.95),
(2693, 44, 1, 16, 39.95),
(2694, 44, 1, 17, 39.95),
(2695, 44, 1, 18, 39.95),
(2696, 44, 1, 19, 39.95),
(2697, 44, 1, 20, 39.95),
(2698, 44, 1, 21, 39.95),
(2699, 44, 1, 22, 39.95),
(2700, 44, 1, 23, 39.95),
(2701, 44, 1, 24, 39.95),
(2702, 44, 1, 25, 39.95),
(2703, 44, 1, 26, 39.95),
(2704, 44, 1, 27, 39.95),
(2705, 44, 1, 28, 39.95),
(2706, 44, 1, 29, 39.95),
(2707, 44, 1, 30, 39.95),
(2708, 44, 1, 31, 39.95),
(2709, 44, 1, 32, 39.95),
(2710, 44, 1, 33, 39.95),
(2711, 44, 1, 34, 39.95),
(2712, 44, 1, 35, 39.95),
(2713, 44, 1, 36, 39.95),
(2714, 44, 1, 37, 39.95),
(2715, 44, 1, 38, 39.95),
(2716, 44, 1, 39, 39.95),
(2717, 44, 1, 40, 39.95),
(2718, 44, 1, 41, 39.95),
(2719, 44, 1, 42, 39.95),
(2720, 44, 1, 43, 39.95),
(2721, 44, 1, 44, 39.95),
(2722, 44, 1, 45, 39.95),
(2723, 44, 1, 46, 39.95),
(2724, 44, 1, 47, 39.95),
(2725, 44, 1, 48, 39.95),
(2726, 44, 1, 49, 39.95),
(2727, 44, 1, 50, 60.09),
(2728, 44, 1, 51, 60.09),
(2729, 44, 1, 52, 60.09),
(2730, 44, 1, 53, 60.09),
(2731, 44, 1, 54, 60.09),
(2732, 44, 1, 55, 60.09),
(2733, 44, 1, 56, 60.09),
(2734, 44, 1, 57, 60.09),
(2735, 44, 1, 58, 60.09),
(2736, 44, 1, 59, 60.09),
(2737, 44, 1, 60, 96.71),
(2738, 44, 1, 61, 96.71),
(2739, 44, 1, 62, 96.71),
(2740, 44, 1, 63, 96.71),
(2741, 44, 1, 64, 96.71),
(2742, 44, 1, 65, 96.71),
(2743, 44, 1, 66, 96.71),
(2744, 44, 1, 67, 96.71),
(2745, 48, 1, 1, 74.93),
(2746, 48, 1, 2, 74.93),
(2747, 48, 1, 3, 74.93),
(2748, 48, 1, 4, 74.93),
(2749, 48, 1, 5, 56.06),
(2750, 48, 1, 6, 56.06),
(2751, 48, 1, 7, 56.06),
(2752, 48, 1, 8, 56.06),
(2753, 48, 1, 9, 56.06),
(2754, 48, 1, 10, 56.06),
(2755, 48, 1, 11, 56.06),
(2756, 48, 1, 12, 56.06),
(2757, 48, 1, 13, 56.06),
(2758, 48, 1, 14, 56.06),
(2759, 48, 1, 15, 56.06),
(2760, 48, 1, 16, 56.06),
(2761, 48, 1, 17, 56.06),
(2762, 48, 1, 18, 56.06),
(2763, 48, 1, 19, 56.06),
(2764, 48, 1, 20, 63.61),
(2765, 48, 1, 21, 63.61),
(2766, 48, 1, 22, 63.61),
(2767, 48, 1, 23, 63.61),
(2768, 48, 1, 24, 63.61),
(2769, 48, 1, 25, 63.61),
(2770, 48, 1, 26, 63.61),
(2771, 48, 1, 27, 63.61),
(2772, 48, 1, 28, 63.61),
(2773, 48, 1, 29, 63.61),
(2774, 48, 1, 30, 63.61),
(2775, 48, 1, 31, 63.61),
(2776, 48, 1, 32, 63.61),
(2777, 48, 1, 33, 63.61),
(2778, 48, 1, 34, 63.61),
(2779, 48, 1, 35, 63.61),
(2780, 48, 1, 36, 63.61),
(2781, 48, 1, 37, 63.61),
(2782, 48, 1, 38, 63.61),
(2783, 48, 1, 39, 63.61),
(2784, 48, 1, 40, 63.61),
(2785, 48, 1, 41, 63.61),
(2786, 48, 1, 42, 63.61),
(2787, 48, 1, 43, 63.61),
(2788, 48, 1, 44, 63.61),
(2789, 48, 1, 45, 78.16),
(2790, 48, 1, 46, 78.16),
(2791, 48, 1, 47, 78.16),
(2792, 48, 1, 48, 78.16),
(2793, 48, 1, 49, 78.16),
(2794, 48, 1, 50, 78.16),
(2795, 48, 1, 51, 78.16),
(2796, 48, 1, 52, 78.16),
(2797, 48, 1, 53, 78.16),
(2798, 48, 1, 54, 78.16),
(2799, 48, 1, 55, 94.33),
(2800, 48, 1, 56, 94.33),
(2801, 48, 1, 57, 94.33),
(2802, 48, 1, 58, 94.33),
(2803, 48, 1, 59, 94.33),
(2804, 48, 1, 60, 158.48),
(2805, 48, 1, 61, 158.48),
(2806, 48, 1, 62, 158.48),
(2807, 48, 1, 63, 158.48),
(2808, 48, 1, 64, 158.48),
(2809, 49, 1, 1, 102.66),
(2810, 49, 1, 2, 102.66),
(2811, 49, 1, 3, 102.66),
(2812, 49, 1, 4, 102.66),
(2813, 49, 1, 5, 77.33),
(2814, 49, 1, 6, 77.33),
(2815, 49, 1, 7, 77.33),
(2816, 49, 1, 8, 77.33),
(2817, 49, 1, 9, 77.33),
(2818, 49, 1, 10, 77.33),
(2819, 49, 1, 11, 77.33),
(2820, 49, 1, 12, 77.33),
(2821, 49, 1, 13, 77.33),
(2822, 49, 1, 14, 77.33),
(2823, 49, 1, 15, 77.33),
(2824, 49, 1, 16, 77.33),
(2825, 49, 1, 17, 77.33),
(2826, 49, 1, 18, 77.33),
(2827, 49, 1, 19, 77.33),
(2828, 49, 1, 20, 98.43),
(2829, 49, 1, 21, 98.43),
(2830, 49, 1, 22, 98.43),
(2831, 49, 1, 23, 98.43),
(2832, 49, 1, 24, 98.43),
(2833, 49, 1, 25, 98.43),
(2834, 49, 1, 26, 98.43),
(2835, 49, 1, 27, 98.43),
(2836, 49, 1, 28, 98.43),
(2837, 49, 1, 29, 98.43),
(2838, 49, 1, 30, 98.43),
(2839, 49, 1, 31, 98.43),
(2840, 49, 1, 32, 98.43),
(2841, 49, 1, 33, 98.43),
(2842, 49, 1, 34, 98.43),
(2843, 49, 1, 35, 98.43),
(2844, 49, 1, 36, 98.43),
(2845, 49, 1, 37, 98.43),
(2846, 49, 1, 38, 98.43),
(2847, 49, 1, 39, 98.43),
(2848, 49, 1, 40, 98.43),
(2849, 49, 1, 41, 98.43),
(2850, 49, 1, 42, 98.43),
(2851, 49, 1, 43, 98.43),
(2852, 49, 1, 44, 98.43),
(2853, 49, 1, 45, 126.58),
(2854, 49, 1, 46, 126.58),
(2855, 49, 1, 47, 126.58),
(2856, 49, 1, 48, 126.58),
(2857, 49, 1, 49, 126.58),
(2858, 49, 1, 50, 126.58),
(2859, 49, 1, 51, 126.58),
(2860, 49, 1, 52, 126.58),
(2861, 49, 1, 53, 126.58),
(2862, 49, 1, 54, 126.58),
(2863, 49, 1, 55, 153.32),
(2864, 49, 1, 56, 153.32),
(2865, 49, 1, 57, 153.32),
(2866, 49, 1, 58, 153.32),
(2867, 49, 1, 59, 153.32),
(2868, 49, 1, 60, 246.41),
(2869, 49, 1, 61, 246.41),
(2870, 49, 1, 62, 246.41),
(2871, 49, 1, 63, 246.41),
(2872, 49, 1, 64, 246.41),
(2873, 50, 1, 0, 79),
(2874, 50, 1, 1, 79),
(2875, 50, 1, 2, 79),
(2876, 50, 1, 3, 79),
(2877, 50, 1, 4, 79),
(2878, 50, 1, 5, 79),
(2879, 50, 1, 6, 79),
(2880, 50, 1, 7, 79),
(2881, 50, 1, 8, 79),
(2882, 50, 1, 9, 79),
(2883, 50, 1, 10, 79),
(2884, 50, 1, 11, 79),
(2885, 50, 1, 12, 79),
(2886, 50, 1, 13, 79),
(2887, 50, 1, 14, 79),
(2888, 50, 1, 15, 79),
(2889, 50, 1, 16, 79),
(2890, 50, 1, 17, 79),
(2891, 50, 1, 18, 79),
(2892, 50, 1, 19, 79),
(2893, 50, 1, 20, 79),
(2894, 50, 1, 21, 79),
(2895, 50, 1, 22, 79),
(2896, 50, 1, 23, 79),
(2897, 50, 1, 24, 79),
(2898, 50, 1, 25, 79),
(2899, 50, 1, 26, 79),
(2900, 50, 1, 27, 79),
(2901, 50, 1, 28, 79),
(2902, 50, 1, 29, 79),
(2903, 50, 1, 30, 79),
(2904, 50, 1, 31, 79),
(2905, 50, 1, 32, 79),
(2906, 50, 1, 33, 79),
(2907, 50, 1, 34, 79),
(2908, 50, 1, 35, 79),
(2909, 50, 1, 36, 79),
(2910, 50, 1, 37, 79),
(2911, 50, 1, 38, 79),
(2912, 50, 1, 39, 79),
(2913, 50, 1, 40, 79),
(2914, 50, 1, 41, 79),
(2915, 50, 1, 42, 79),
(2916, 50, 1, 43, 79),
(2917, 50, 1, 44, 79),
(2918, 50, 1, 45, 79),
(2919, 50, 1, 46, 79),
(2920, 50, 1, 47, 79),
(2921, 50, 1, 48, 79),
(2922, 50, 1, 49, 79),
(2923, 50, 1, 50, 79),
(2924, 50, 1, 51, 79),
(2925, 50, 1, 52, 79),
(2926, 50, 1, 53, 79),
(2927, 50, 1, 54, 79),
(2928, 50, 1, 55, 114),
(2929, 50, 1, 56, 114),
(2930, 50, 1, 57, 114),
(2931, 50, 1, 58, 114),
(2932, 50, 1, 59, 114),
(2933, 50, 1, 60, 138),
(2934, 50, 1, 61, 138),
(2935, 50, 1, 62, 138),
(2936, 50, 1, 63, 138),
(2937, 50, 1, 64, 138),
(2938, 51, 1, 0, 32),
(2939, 51, 1, 1, 32),
(2940, 51, 1, 2, 32),
(2941, 51, 1, 3, 32),
(2942, 51, 1, 4, 32),
(2943, 51, 1, 5, 32),
(2944, 51, 1, 6, 32),
(2945, 51, 1, 7, 32),
(2946, 51, 1, 8, 32),
(2947, 51, 1, 9, 32),
(2948, 51, 1, 10, 32),
(2949, 51, 1, 11, 32),
(2950, 51, 1, 12, 32),
(2951, 51, 1, 13, 32),
(2952, 51, 1, 14, 32),
(2953, 51, 1, 15, 32),
(2954, 51, 1, 16, 32),
(2955, 51, 1, 17, 32),
(2956, 51, 1, 18, 32),
(2957, 51, 1, 19, 32),
(2958, 51, 1, 20, 32),
(2959, 51, 1, 21, 32),
(2960, 51, 1, 22, 32),
(2961, 51, 1, 23, 32),
(2962, 51, 1, 24, 32),
(2963, 51, 1, 25, 32),
(2964, 51, 1, 26, 32),
(2965, 51, 1, 27, 32),
(2966, 51, 1, 28, 32),
(2967, 51, 1, 29, 32),
(2968, 51, 1, 30, 32),
(2969, 51, 1, 31, 32),
(2970, 51, 1, 32, 32),
(2971, 51, 1, 33, 32),
(2972, 51, 1, 34, 32),
(2973, 51, 1, 35, 32),
(2974, 51, 1, 36, 32),
(2975, 51, 1, 37, 32),
(2976, 51, 1, 38, 32),
(2977, 51, 1, 39, 32),
(2978, 51, 1, 40, 32),
(2979, 51, 1, 41, 32),
(2980, 51, 1, 42, 32),
(2981, 51, 1, 43, 32),
(2982, 51, 1, 44, 32),
(2983, 51, 1, 45, 32),
(2984, 51, 1, 46, 32),
(2985, 51, 1, 47, 32),
(2986, 51, 1, 48, 32),
(2987, 51, 1, 49, 32),
(2988, 51, 1, 50, 32),
(2989, 51, 1, 51, 32),
(2990, 51, 1, 52, 32),
(2991, 51, 1, 53, 32),
(2992, 51, 1, 54, 32),
(2993, 51, 1, 55, 60),
(2994, 51, 1, 56, 60),
(2995, 51, 1, 57, 60),
(2996, 51, 1, 58, 60),
(2997, 51, 1, 59, 60),
(2998, 51, 1, 60, 79),
(2999, 51, 1, 61, 79),
(3000, 51, 1, 62, 79),
(3001, 51, 1, 63, 79),
(3002, 51, 1, 64, 79),
(3003, 51, 1, 65, 119),
(3004, 51, 1, 66, 119),
(3005, 51, 1, 67, 119),
(3006, 51, 1, 68, 119),
(3007, 51, 1, 69, 119),
(3008, 51, 1, 70, 119),
(3009, 52, 1, 0, 51),
(3010, 52, 1, 1, 51),
(3011, 52, 1, 2, 51),
(3012, 52, 1, 3, 51),
(3013, 52, 1, 4, 51),
(3014, 52, 1, 5, 51),
(3015, 52, 1, 6, 51),
(3016, 52, 1, 7, 51),
(3017, 52, 1, 8, 51),
(3018, 52, 1, 9, 51),
(3019, 52, 1, 10, 51),
(3020, 52, 1, 11, 51),
(3021, 52, 1, 12, 51),
(3022, 52, 1, 13, 51),
(3023, 52, 1, 14, 51),
(3024, 52, 1, 15, 51),
(3025, 52, 1, 16, 51),
(3026, 52, 1, 17, 51),
(3027, 52, 1, 18, 51),
(3028, 52, 1, 19, 51),
(3029, 52, 1, 20, 51),
(3030, 52, 1, 21, 51),
(3031, 52, 1, 22, 51),
(3032, 52, 1, 23, 51),
(3033, 52, 1, 24, 51),
(3034, 52, 1, 25, 51),
(3035, 52, 1, 26, 51),
(3036, 52, 1, 27, 51),
(3037, 52, 1, 28, 51),
(3038, 52, 1, 29, 51),
(3039, 52, 1, 30, 51),
(3040, 52, 1, 31, 51),
(3041, 52, 1, 32, 51),
(3042, 52, 1, 33, 51),
(3043, 52, 1, 34, 51),
(3044, 52, 1, 35, 51),
(3045, 52, 1, 36, 51),
(3046, 52, 1, 37, 51),
(3047, 52, 1, 38, 51),
(3048, 52, 1, 39, 51),
(3049, 52, 1, 40, 51),
(3050, 52, 1, 41, 51),
(3051, 52, 1, 42, 51),
(3052, 52, 1, 43, 51),
(3053, 52, 1, 44, 51),
(3054, 52, 1, 45, 51),
(3055, 52, 1, 46, 51),
(3056, 52, 1, 47, 51),
(3057, 52, 1, 48, 51),
(3058, 52, 1, 49, 51),
(3059, 52, 1, 50, 51),
(3060, 52, 1, 51, 51),
(3061, 52, 1, 52, 51),
(3062, 52, 1, 53, 51),
(3063, 52, 1, 54, 51),
(3064, 52, 1, 55, 73),
(3065, 52, 1, 56, 73),
(3066, 52, 1, 57, 73),
(3067, 52, 1, 58, 73),
(3068, 52, 1, 59, 73),
(3069, 52, 1, 60, 100),
(3070, 52, 1, 61, 100),
(3071, 52, 1, 62, 100),
(3072, 52, 1, 63, 100),
(3073, 52, 1, 64, 100),
(3074, 52, 1, 65, 151),
(3075, 52, 1, 66, 151),
(3076, 52, 1, 67, 151),
(3077, 52, 1, 68, 151),
(3078, 52, 1, 69, 151),
(3079, 52, 1, 70, 151),
(3080, 53, 1, 0, 79),
(3081, 53, 1, 1, 79),
(3082, 53, 1, 2, 79),
(3083, 53, 1, 3, 79),
(3084, 53, 1, 4, 79),
(3085, 53, 1, 5, 79),
(3086, 53, 1, 6, 79),
(3087, 53, 1, 7, 79),
(3088, 53, 1, 8, 79),
(3089, 53, 1, 9, 79),
(3090, 53, 1, 10, 79),
(3091, 53, 1, 11, 79),
(3092, 53, 1, 12, 79),
(3093, 53, 1, 13, 79),
(3094, 53, 1, 14, 79),
(3095, 53, 1, 15, 79),
(3096, 53, 1, 16, 79),
(3097, 53, 1, 17, 79),
(3098, 53, 1, 18, 79),
(3099, 53, 1, 19, 79),
(3100, 53, 1, 20, 79),
(3101, 53, 1, 21, 79),
(3102, 53, 1, 22, 79),
(3103, 53, 1, 23, 79),
(3104, 53, 1, 24, 79),
(3105, 53, 1, 25, 79),
(3106, 53, 1, 26, 79),
(3107, 53, 1, 27, 79),
(3108, 53, 1, 28, 79),
(3109, 53, 1, 29, 79),
(3110, 53, 1, 30, 79),
(3111, 53, 1, 31, 79),
(3112, 53, 1, 32, 79),
(3113, 53, 1, 33, 79),
(3114, 53, 1, 34, 79),
(3115, 53, 1, 35, 79),
(3116, 53, 1, 36, 79),
(3117, 53, 1, 37, 79),
(3118, 53, 1, 38, 79),
(3119, 53, 1, 39, 79),
(3120, 53, 1, 40, 79),
(3121, 53, 1, 41, 79);
INSERT INTO `salud_producto_companyia_seguros_tasas` (`id`, `id_producto`, `id_zona`, `edad`, `tasa`) VALUES
(3122, 53, 1, 42, 79),
(3123, 53, 1, 43, 79),
(3124, 53, 1, 44, 79),
(3125, 53, 1, 45, 79),
(3126, 53, 1, 46, 79),
(3127, 53, 1, 47, 79),
(3128, 53, 1, 48, 79),
(3129, 53, 1, 49, 79),
(3130, 53, 1, 50, 79),
(3131, 53, 1, 51, 79),
(3132, 53, 1, 52, 79),
(3133, 53, 1, 53, 79),
(3134, 53, 1, 54, 79),
(3135, 53, 1, 55, 114),
(3136, 53, 1, 56, 114),
(3137, 53, 1, 57, 114),
(3138, 53, 1, 58, 114),
(3139, 53, 1, 59, 114),
(3140, 53, 1, 60, 138),
(3141, 53, 1, 61, 138),
(3142, 53, 1, 62, 138),
(3143, 53, 1, 63, 138),
(3144, 53, 1, 64, 138),
(3145, 53, 1, 65, 220),
(3146, 53, 1, 66, 220),
(3147, 53, 1, 67, 220),
(3148, 53, 1, 68, 220),
(3149, 53, 1, 69, 220),
(3150, 53, 1, 70, 220),
(3151, 54, 1, 0, 45),
(3152, 54, 1, 1, 45),
(3153, 54, 1, 2, 45),
(3154, 54, 1, 3, 45),
(3155, 54, 1, 4, 45),
(3156, 54, 1, 5, 45),
(3157, 54, 1, 6, 45),
(3158, 54, 1, 7, 45),
(3159, 54, 1, 8, 45),
(3160, 54, 1, 9, 45),
(3161, 54, 1, 10, 45),
(3162, 54, 1, 11, 45),
(3163, 54, 1, 12, 45),
(3164, 54, 1, 13, 45),
(3165, 54, 1, 14, 45),
(3166, 54, 1, 15, 45),
(3167, 54, 1, 16, 45),
(3168, 54, 1, 17, 45),
(3169, 54, 1, 18, 45),
(3170, 54, 1, 19, 45),
(3171, 54, 1, 20, 45),
(3172, 54, 1, 21, 45),
(3173, 54, 1, 22, 45),
(3174, 54, 1, 23, 45),
(3175, 54, 1, 24, 45),
(3176, 54, 1, 25, 45),
(3177, 54, 1, 26, 45),
(3178, 54, 1, 27, 45),
(3179, 54, 1, 28, 45),
(3180, 54, 1, 29, 45),
(3181, 54, 1, 30, 45),
(3182, 54, 1, 31, 45),
(3183, 54, 1, 32, 45),
(3184, 54, 1, 33, 45),
(3185, 54, 1, 34, 45),
(3186, 54, 1, 35, 45),
(3187, 54, 1, 36, 45),
(3188, 54, 1, 37, 45),
(3189, 54, 1, 38, 45),
(3190, 54, 1, 39, 45),
(3191, 54, 1, 40, 45),
(3192, 54, 1, 41, 45),
(3193, 54, 1, 42, 45),
(3194, 54, 1, 43, 45),
(3195, 54, 1, 44, 45),
(3196, 54, 1, 45, 45),
(3197, 54, 1, 46, 45),
(3198, 54, 1, 47, 45),
(3199, 54, 1, 48, 45),
(3200, 54, 1, 49, 45),
(3201, 54, 1, 50, 45),
(3202, 54, 1, 51, 45),
(3203, 54, 1, 52, 45),
(3204, 54, 1, 53, 45),
(3205, 54, 1, 54, 45),
(3206, 54, 1, 55, 65.09),
(3207, 54, 1, 56, 65.09),
(3208, 54, 1, 57, 65.09),
(3209, 54, 1, 58, 65.09),
(3210, 54, 1, 59, 65.09),
(3211, 54, 1, 60, 80.36),
(3212, 54, 1, 61, 80.36),
(3213, 54, 1, 62, 80.36),
(3214, 54, 1, 63, 80.36),
(3215, 54, 1, 64, 80.36),
(3216, 54, 1, 65, 121.34),
(3217, 54, 1, 66, 121.34),
(3218, 54, 1, 67, 121.34),
(3219, 55, 1, 0, 63.5),
(3220, 55, 1, 1, 63.5),
(3221, 55, 1, 2, 63.5),
(3222, 55, 1, 3, 63.5),
(3223, 55, 1, 4, 63.5),
(3224, 55, 1, 5, 63.5),
(3225, 55, 1, 6, 63.5),
(3226, 55, 1, 7, 63.5),
(3227, 55, 1, 8, 63.5),
(3228, 55, 1, 9, 63.5),
(3229, 55, 1, 10, 63.5),
(3230, 55, 1, 11, 63.5),
(3231, 55, 1, 12, 63.5),
(3232, 55, 1, 13, 63.5),
(3233, 55, 1, 14, 63.5),
(3234, 55, 1, 15, 63.5),
(3235, 55, 1, 16, 63.5),
(3236, 55, 1, 17, 63.5),
(3237, 55, 1, 18, 63.5),
(3238, 55, 1, 19, 63.5),
(3239, 55, 1, 20, 63.5),
(3240, 55, 1, 21, 63.5),
(3241, 55, 1, 22, 63.5),
(3242, 55, 1, 23, 63.5),
(3243, 55, 1, 24, 63.5),
(3244, 55, 1, 25, 63.5),
(3245, 55, 1, 26, 63.5),
(3246, 55, 1, 27, 63.5),
(3247, 55, 1, 28, 63.5),
(3248, 55, 1, 29, 63.5),
(3249, 55, 1, 30, 63.5),
(3250, 55, 1, 31, 63.5),
(3251, 55, 1, 32, 63.5),
(3252, 55, 1, 33, 63.5),
(3253, 55, 1, 34, 63.5),
(3254, 55, 1, 35, 63.5),
(3255, 55, 1, 36, 63.5),
(3256, 55, 1, 37, 63.5),
(3257, 55, 1, 38, 63.5),
(3258, 55, 1, 39, 63.5),
(3259, 55, 1, 40, 63.5),
(3260, 55, 1, 41, 63.5),
(3261, 55, 1, 42, 63.5),
(3262, 55, 1, 43, 63.5),
(3263, 55, 1, 44, 63.5),
(3264, 55, 1, 45, 63.5),
(3265, 55, 1, 46, 63.5),
(3266, 55, 1, 47, 63.5),
(3267, 55, 1, 48, 63.5),
(3268, 55, 1, 49, 63.5),
(3269, 55, 1, 50, 63.5),
(3270, 55, 1, 51, 63.5),
(3271, 55, 1, 52, 63.5),
(3272, 55, 1, 53, 63.5),
(3273, 55, 1, 54, 63.5),
(3274, 55, 1, 55, 91.63),
(3275, 55, 1, 56, 91.63),
(3276, 55, 1, 57, 91.63),
(3277, 55, 1, 58, 91.63),
(3278, 55, 1, 59, 91.63),
(3279, 55, 1, 60, 110.92),
(3280, 55, 1, 61, 110.92),
(3281, 55, 1, 62, 110.92),
(3282, 55, 1, 63, 110.92),
(3283, 55, 1, 64, 110.92),
(3284, 55, 1, 65, 176.84),
(3285, 55, 1, 66, 176.84),
(3286, 55, 1, 67, 176.84),
(3287, 56, 1, 0, 45),
(3288, 56, 1, 1, 45),
(3289, 56, 1, 2, 45),
(3290, 56, 1, 3, 45),
(3291, 56, 1, 4, 45),
(3292, 56, 1, 5, 45),
(3293, 56, 1, 6, 45),
(3294, 56, 1, 7, 45),
(3295, 56, 1, 8, 45),
(3296, 56, 1, 9, 45),
(3297, 56, 1, 10, 45),
(3298, 56, 1, 11, 45),
(3299, 56, 1, 12, 45),
(3300, 56, 1, 13, 45),
(3301, 56, 1, 14, 45),
(3302, 56, 1, 15, 45),
(3303, 56, 1, 16, 45),
(3304, 56, 1, 17, 45),
(3305, 56, 1, 18, 45),
(3306, 56, 1, 19, 45),
(3307, 56, 1, 20, 45),
(3308, 56, 1, 21, 45),
(3309, 56, 1, 22, 45),
(3310, 56, 1, 23, 45),
(3311, 56, 1, 24, 45),
(3312, 56, 1, 25, 45),
(3313, 56, 1, 26, 45),
(3314, 56, 1, 27, 45),
(3315, 56, 1, 28, 45),
(3316, 56, 1, 29, 45),
(3317, 56, 1, 30, 45),
(3318, 56, 1, 31, 45),
(3319, 56, 1, 32, 45),
(3320, 56, 1, 33, 45),
(3321, 56, 1, 34, 45),
(3322, 56, 1, 35, 45),
(3323, 56, 1, 36, 45),
(3324, 56, 1, 37, 45),
(3325, 56, 1, 38, 45),
(3326, 56, 1, 39, 45),
(3327, 56, 1, 40, 45),
(3328, 56, 1, 41, 45),
(3329, 56, 1, 42, 45),
(3330, 56, 1, 43, 45),
(3331, 56, 1, 44, 45),
(3332, 56, 1, 45, 45),
(3333, 56, 1, 46, 45),
(3334, 56, 1, 47, 45),
(3335, 56, 1, 48, 45),
(3336, 56, 1, 49, 45),
(3337, 56, 1, 50, 45),
(3338, 56, 1, 51, 45),
(3339, 56, 1, 52, 45),
(3340, 56, 1, 53, 45),
(3341, 56, 1, 54, 45),
(3342, 56, 1, 55, 45),
(3343, 56, 1, 56, 45),
(3344, 56, 1, 57, 45),
(3345, 56, 1, 58, 45),
(3346, 56, 1, 59, 45),
(3347, 56, 1, 60, 45),
(3348, 56, 1, 61, 45),
(3349, 56, 1, 62, 45),
(3350, 56, 1, 63, 45),
(3351, 56, 1, 64, 45),
(3352, 56, 1, 65, 45),
(3353, 56, 1, 66, 45),
(3354, 56, 1, 67, 45),
(3355, 57, 1, 0, 63.5),
(3356, 57, 1, 1, 63.5),
(3357, 57, 1, 2, 63.5),
(3358, 57, 1, 3, 63.5),
(3359, 57, 1, 4, 63.5),
(3360, 57, 1, 5, 63.5),
(3361, 57, 1, 6, 63.5),
(3362, 57, 1, 7, 63.5),
(3363, 57, 1, 8, 63.5),
(3364, 57, 1, 9, 63.5),
(3365, 57, 1, 10, 63.5),
(3366, 57, 1, 11, 63.5),
(3367, 57, 1, 12, 63.5),
(3368, 57, 1, 13, 63.5),
(3369, 57, 1, 14, 63.5),
(3370, 57, 1, 15, 63.5),
(3371, 57, 1, 16, 63.5),
(3372, 57, 1, 17, 63.5),
(3373, 57, 1, 18, 63.5),
(3374, 57, 1, 19, 63.5),
(3375, 57, 1, 20, 63.5),
(3376, 57, 1, 21, 63.5),
(3377, 57, 1, 22, 63.5),
(3378, 57, 1, 23, 63.5),
(3379, 57, 1, 24, 63.5),
(3380, 57, 1, 25, 63.5),
(3381, 57, 1, 26, 63.5),
(3382, 57, 1, 27, 63.5),
(3383, 57, 1, 28, 63.5),
(3384, 57, 1, 29, 63.5),
(3385, 57, 1, 30, 63.5),
(3386, 57, 1, 31, 63.5),
(3387, 57, 1, 32, 63.5),
(3388, 57, 1, 33, 63.5),
(3389, 57, 1, 34, 63.5),
(3390, 57, 1, 35, 63.5),
(3391, 57, 1, 36, 63.5),
(3392, 57, 1, 37, 63.5),
(3393, 57, 1, 38, 63.5),
(3394, 57, 1, 39, 63.5),
(3395, 57, 1, 40, 63.5),
(3396, 57, 1, 41, 63.5),
(3397, 57, 1, 42, 63.5),
(3398, 57, 1, 43, 63.5),
(3399, 57, 1, 44, 63.5),
(3400, 57, 1, 45, 63.5),
(3401, 57, 1, 46, 63.5),
(3402, 57, 1, 47, 63.5),
(3403, 57, 1, 48, 63.5),
(3404, 57, 1, 49, 63.5),
(3405, 57, 1, 50, 63.5),
(3406, 57, 1, 51, 63.5),
(3407, 57, 1, 52, 63.5),
(3408, 57, 1, 53, 63.5),
(3409, 57, 1, 54, 63.5),
(3410, 57, 1, 55, 63.5),
(3411, 57, 1, 56, 63.5),
(3412, 57, 1, 57, 63.5),
(3413, 57, 1, 58, 63.5),
(3414, 57, 1, 59, 63.5),
(3415, 57, 1, 60, 63.5),
(3416, 57, 1, 61, 63.5),
(3417, 57, 1, 62, 63.5),
(3418, 57, 1, 63, 63.5),
(3419, 57, 1, 64, 63.5),
(3420, 57, 1, 65, 63.5),
(3421, 57, 1, 66, 63.5),
(3422, 57, 1, 67, 63.5),
(3423, 58, 1, 0, 65.48),
(3424, 58, 1, 1, 65.48),
(3425, 58, 1, 2, 65.48),
(3426, 58, 1, 3, 65.48),
(3427, 58, 1, 4, 65.48),
(3428, 58, 1, 5, 65.48),
(3429, 58, 1, 6, 65.48),
(3430, 58, 1, 7, 65.48),
(3431, 58, 1, 8, 65.48),
(3432, 58, 1, 9, 65.48),
(3433, 58, 1, 10, 65.48),
(3434, 58, 1, 11, 65.48),
(3435, 58, 1, 12, 65.48),
(3436, 58, 1, 13, 65.48),
(3437, 58, 1, 14, 65.48),
(3438, 58, 1, 15, 65.48),
(3439, 58, 1, 16, 65.48),
(3440, 58, 1, 17, 65.48),
(3441, 58, 1, 18, 65.48),
(3442, 58, 1, 19, 65.48),
(3443, 58, 1, 20, 65.48),
(3444, 58, 1, 21, 65.48),
(3445, 58, 1, 22, 65.48),
(3446, 58, 1, 23, 65.48),
(3447, 58, 1, 24, 65.48),
(3448, 58, 1, 25, 65.48),
(3449, 58, 1, 26, 70.6),
(3450, 58, 1, 27, 70.6),
(3451, 58, 1, 28, 70.6),
(3452, 58, 1, 29, 70.6),
(3453, 58, 1, 30, 70.6),
(3454, 58, 1, 31, 70.6),
(3455, 58, 1, 32, 70.6),
(3456, 58, 1, 33, 70.6),
(3457, 58, 1, 34, 70.6),
(3458, 58, 1, 35, 70.6),
(3459, 58, 1, 36, 83.39),
(3460, 58, 1, 37, 83.39),
(3461, 58, 1, 38, 83.39),
(3462, 58, 1, 39, 83.39),
(3463, 58, 1, 40, 83.39),
(3464, 58, 1, 41, 83.39),
(3465, 58, 1, 42, 83.39),
(3466, 58, 1, 43, 83.39),
(3467, 58, 1, 44, 83.39),
(3468, 58, 1, 45, 83.39),
(3469, 58, 1, 46, 95.66),
(3470, 58, 1, 47, 95.66),
(3471, 58, 1, 48, 95.66),
(3472, 58, 1, 49, 95.66),
(3473, 58, 1, 50, 95.66),
(3474, 58, 1, 51, 95.66),
(3475, 58, 1, 52, 95.66),
(3476, 58, 1, 53, 95.66),
(3477, 58, 1, 54, 95.66),
(3478, 58, 1, 55, 95.66),
(3479, 58, 1, 56, 118.17),
(3480, 58, 1, 57, 118.17),
(3481, 58, 1, 58, 118.17),
(3482, 58, 1, 59, 118.17),
(3483, 59, 1, 0, 38.33),
(3484, 59, 1, 1, 34.7),
(3485, 59, 1, 2, 29.54),
(3486, 59, 1, 3, 21.41),
(3487, 59, 1, 4, 20.84),
(3488, 59, 1, 5, 20.38),
(3489, 59, 1, 6, 19.83),
(3490, 59, 1, 7, 18.31),
(3491, 59, 1, 8, 16.56),
(3492, 59, 1, 9, 15.75),
(3493, 59, 1, 10, 15.76),
(3494, 59, 1, 11, 16.63),
(3495, 59, 1, 12, 17.21),
(3496, 59, 1, 13, 17.57),
(3497, 59, 1, 14, 18.37),
(3498, 59, 1, 15, 19.69),
(3499, 59, 1, 16, 21.21),
(3500, 59, 1, 17, 22.56),
(3501, 59, 1, 18, 23.55),
(3502, 59, 1, 19, 24.15),
(3503, 59, 1, 20, 24.89),
(3504, 59, 1, 21, 25.64),
(3505, 59, 1, 22, 26.9),
(3506, 59, 1, 23, 27.65),
(3507, 59, 1, 24, 28.93),
(3508, 59, 1, 25, 29.76),
(3509, 59, 1, 26, 30.5),
(3510, 59, 1, 27, 30.66),
(3511, 59, 1, 28, 31.17),
(3512, 59, 1, 29, 32.42),
(3513, 59, 1, 30, 33.04),
(3514, 59, 1, 31, 33.61),
(3515, 59, 1, 32, 33.66),
(3516, 59, 1, 33, 33.76),
(3517, 59, 1, 34, 33.78),
(3518, 59, 1, 35, 33.85),
(3519, 59, 1, 36, 34.13),
(3520, 59, 1, 37, 34.21),
(3521, 59, 1, 38, 34.28),
(3522, 59, 1, 39, 34.31),
(3523, 59, 1, 40, 34.87),
(3524, 59, 1, 41, 34.9),
(3525, 59, 1, 42, 34.94),
(3526, 59, 1, 43, 34.99),
(3527, 59, 1, 44, 35.73),
(3528, 59, 1, 45, 37.91),
(3529, 59, 1, 46, 40.52),
(3530, 59, 1, 47, 42.34),
(3531, 59, 1, 48, 44.37),
(3532, 59, 1, 49, 45.83),
(3533, 59, 1, 50, 47.3),
(3534, 59, 1, 51, 47.75),
(3535, 59, 1, 52, 48.01),
(3536, 59, 1, 53, 48.09),
(3537, 59, 1, 54, 48.32),
(3538, 59, 1, 55, 49.51),
(3539, 59, 1, 56, 50.52),
(3540, 59, 1, 57, 51.36),
(3541, 59, 1, 58, 52.05),
(3542, 59, 1, 59, 54.16),
(3543, 59, 1, 60, 57.97),
(3544, 59, 1, 61, 62.82),
(3545, 59, 1, 62, 68.59),
(3546, 59, 1, 63, 73.46),
(3547, 59, 1, 64, 77.55),
(3548, 59, 1, 65, 82.82),
(3549, 59, 1, 66, 88.76),
(3550, 59, 1, 67, 92.84),
(3551, 59, 1, 68, 96.09),
(3552, 59, 1, 69, 101.14),
(3553, 59, 1, 70, 102.7),
(3554, 59, 1, 71, 103.25),
(3555, 59, 1, 72, 103.71),
(3556, 59, 1, 73, 103.8),
(3557, 59, 1, 74, 104.03),
(3558, 59, 1, 75, 104.4),
(3559, 60, 1, 0, 53.9),
(3560, 60, 1, 1, 53.9),
(3561, 60, 1, 2, 53.9),
(3562, 60, 1, 3, 38.9),
(3563, 60, 1, 4, 38.9),
(3564, 60, 1, 5, 38.9),
(3565, 60, 1, 6, 38.9),
(3566, 60, 1, 7, 38.9),
(3567, 60, 1, 8, 38.9),
(3568, 60, 1, 9, 38.9),
(3569, 60, 1, 10, 38.9),
(3570, 60, 1, 11, 38.9),
(3571, 60, 1, 12, 38.9),
(3572, 60, 1, 13, 38.9),
(3573, 60, 1, 14, 38.9),
(3574, 60, 1, 15, 38.9),
(3575, 60, 1, 16, 40.9),
(3576, 60, 1, 17, 40.9),
(3577, 60, 1, 18, 40.9),
(3578, 60, 1, 19, 40.9),
(3579, 60, 1, 20, 49.9),
(3580, 60, 1, 21, 49.9),
(3581, 60, 1, 22, 49.9),
(3582, 60, 1, 23, 49.9),
(3583, 60, 1, 24, 49.9),
(3584, 60, 1, 25, 51.9),
(3585, 60, 1, 26, 51.9),
(3586, 60, 1, 27, 51.9),
(3587, 60, 1, 28, 51.9),
(3588, 60, 1, 29, 51.9),
(3589, 60, 1, 30, 53.9),
(3590, 60, 1, 31, 53.9),
(3591, 60, 1, 32, 53.9),
(3592, 60, 1, 33, 53.9),
(3593, 60, 1, 34, 53.9),
(3594, 60, 1, 35, 55.9),
(3595, 60, 1, 36, 55.9),
(3596, 60, 1, 37, 55.9),
(3597, 60, 1, 38, 55.9),
(3598, 60, 1, 39, 55.9),
(3599, 60, 1, 40, 57.9),
(3600, 60, 1, 41, 57.9),
(3601, 60, 1, 42, 57.9),
(3602, 60, 1, 43, 57.9),
(3603, 60, 1, 44, 57.9),
(3604, 60, 1, 45, 64.9),
(3605, 60, 1, 46, 64.9),
(3606, 60, 1, 47, 64.9),
(3607, 60, 1, 48, 64.9),
(3608, 60, 1, 49, 64.9),
(3609, 60, 1, 50, 69.9),
(3610, 60, 1, 51, 69.9),
(3611, 60, 1, 52, 69.9),
(3612, 60, 1, 53, 69.9),
(3613, 60, 1, 54, 69.9),
(3614, 60, 1, 55, 86.9),
(3615, 60, 1, 56, 86.9),
(3616, 60, 1, 57, 86.9),
(3617, 60, 1, 58, 86.9),
(3618, 60, 1, 59, 86.9),
(3619, 60, 1, 60, 110.9),
(3620, 60, 1, 61, 110.9),
(3621, 60, 1, 62, 110.9),
(3622, 60, 1, 63, 110.9),
(3623, 60, 1, 64, 110.9),
(3624, 61, 1, 0, 45),
(3625, 61, 1, 1, 45),
(3626, 61, 1, 2, 45),
(3627, 61, 1, 3, 45),
(3628, 61, 1, 4, 45),
(3629, 61, 1, 5, 45),
(3630, 61, 1, 6, 45),
(3631, 61, 1, 7, 45),
(3632, 61, 1, 8, 45),
(3633, 61, 1, 9, 45),
(3634, 61, 1, 10, 45),
(3635, 61, 1, 11, 45),
(3636, 61, 1, 12, 45),
(3637, 61, 1, 13, 45),
(3638, 61, 1, 14, 45),
(3639, 61, 1, 15, 45),
(3640, 61, 1, 16, 45),
(3641, 61, 1, 17, 45),
(3642, 61, 1, 18, 45),
(3643, 61, 1, 19, 45),
(3644, 61, 1, 20, 45),
(3645, 61, 1, 21, 45),
(3646, 61, 1, 22, 45),
(3647, 61, 1, 23, 45),
(3648, 61, 1, 24, 45),
(3649, 61, 1, 25, 45),
(3650, 61, 1, 26, 45),
(3651, 61, 1, 27, 45),
(3652, 61, 1, 28, 45),
(3653, 61, 1, 29, 45),
(3654, 61, 1, 30, 45),
(3655, 61, 1, 31, 45),
(3656, 61, 1, 32, 45),
(3657, 61, 1, 33, 45),
(3658, 61, 1, 34, 45),
(3659, 61, 1, 35, 45),
(3660, 61, 1, 36, 45),
(3661, 61, 1, 37, 45),
(3662, 61, 1, 38, 45),
(3663, 61, 1, 39, 45),
(3664, 61, 1, 40, 45),
(3665, 61, 1, 41, 45),
(3666, 61, 1, 42, 45),
(3667, 61, 1, 43, 45),
(3668, 61, 1, 44, 45),
(3669, 61, 1, 45, 45),
(3670, 61, 1, 46, 45),
(3671, 61, 1, 47, 45),
(3672, 61, 1, 48, 45),
(3673, 61, 1, 49, 45),
(3674, 61, 1, 50, 45),
(3675, 61, 1, 51, 45),
(3676, 61, 1, 52, 45),
(3677, 61, 1, 53, 45),
(3678, 61, 1, 54, 45),
(3679, 61, 1, 55, 62.95),
(3680, 61, 1, 56, 62.95),
(3681, 61, 1, 57, 62.95),
(3682, 61, 1, 58, 62.95),
(3683, 61, 1, 59, 62.95),
(3684, 61, 1, 60, 62.95),
(3685, 61, 1, 61, 62.95),
(3686, 61, 1, 62, 62.95),
(3687, 61, 1, 63, 62.95),
(3688, 61, 1, 64, 62.95),
(3689, 62, 1, 0, 48.95),
(3690, 62, 1, 1, 48.95),
(3691, 62, 1, 2, 48.95),
(3692, 62, 1, 3, 48.95),
(3693, 62, 1, 4, 48.95),
(3694, 62, 1, 5, 48.95),
(3695, 62, 1, 6, 48.95),
(3696, 62, 1, 7, 48.95),
(3697, 62, 1, 8, 48.95),
(3698, 62, 1, 9, 48.95),
(3699, 62, 1, 10, 48.95),
(3700, 62, 1, 11, 48.95),
(3701, 62, 1, 12, 48.95),
(3702, 62, 1, 13, 48.95),
(3703, 62, 1, 14, 48.95),
(3704, 62, 1, 15, 48.95),
(3705, 62, 1, 16, 48.95),
(3706, 62, 1, 17, 48.95),
(3707, 62, 1, 18, 48.95),
(3708, 62, 1, 19, 48.95),
(3709, 62, 1, 20, 48.95),
(3710, 62, 1, 21, 48.95),
(3711, 62, 1, 22, 48.95),
(3712, 62, 1, 23, 48.95),
(3713, 62, 1, 24, 48.95),
(3714, 62, 1, 25, 48.95),
(3715, 62, 1, 26, 48.95),
(3716, 62, 1, 27, 48.95),
(3717, 62, 1, 28, 48.95),
(3718, 62, 1, 29, 48.95),
(3719, 62, 1, 30, 48.95),
(3720, 62, 1, 31, 48.95),
(3721, 62, 1, 32, 48.95),
(3722, 62, 1, 33, 48.95),
(3723, 62, 1, 34, 48.95),
(3724, 62, 1, 35, 48.95),
(3725, 62, 1, 36, 48.95),
(3726, 62, 1, 37, 48.95),
(3727, 62, 1, 38, 48.95),
(3728, 62, 1, 39, 48.95),
(3729, 62, 1, 40, 48.95),
(3730, 62, 1, 41, 48.95),
(3731, 62, 1, 42, 48.95),
(3732, 62, 1, 43, 48.95),
(3733, 62, 1, 44, 48.95),
(3734, 62, 1, 45, 48.95),
(3735, 62, 1, 46, 48.95),
(3736, 62, 1, 47, 48.95),
(3737, 62, 1, 48, 48.95),
(3738, 62, 1, 49, 48.95),
(3739, 62, 1, 50, 48.95),
(3740, 62, 1, 51, 48.95),
(3741, 62, 1, 52, 48.95),
(3742, 62, 1, 53, 48.95),
(3743, 62, 1, 54, 48.95),
(3744, 62, 1, 55, 48.95),
(3745, 62, 1, 56, 48.95),
(3746, 62, 1, 57, 48.95),
(3747, 62, 1, 58, 48.95),
(3748, 62, 1, 59, 48.95),
(3749, 62, 1, 60, 48.95),
(3750, 62, 1, 61, 48.95),
(3751, 62, 1, 62, 48.95),
(3752, 62, 1, 63, 48.95),
(3753, 62, 1, 64, 48.95),
(3754, 62, 1, 65, 64.77),
(3755, 62, 1, 66, 64.77),
(3756, 62, 1, 67, 64.77),
(3757, 62, 1, 68, 64.77),
(3758, 62, 1, 69, 64.77),
(3759, 62, 1, 70, 64.77),
(3760, 62, 1, 71, 64.77),
(3761, 62, 1, 72, 64.77),
(3762, 62, 1, 73, 64.77),
(3763, 62, 1, 74, 64.77),
(3764, 62, 1, 75, 64.77),
(3765, 63, 1, 0, 61.95),
(3766, 63, 1, 1, 61.95),
(3767, 63, 1, 2, 61.95),
(3768, 63, 1, 3, 61.95),
(3769, 63, 1, 4, 61.95),
(3770, 63, 1, 5, 61.95),
(3771, 63, 1, 6, 61.95),
(3772, 63, 1, 7, 61.95),
(3773, 63, 1, 8, 61.95),
(3774, 63, 1, 9, 61.95),
(3775, 63, 1, 10, 61.95),
(3776, 63, 1, 11, 61.95),
(3777, 63, 1, 12, 61.95),
(3778, 63, 1, 13, 61.95),
(3779, 63, 1, 14, 61.95),
(3780, 63, 1, 15, 61.95),
(3781, 63, 1, 16, 61.95),
(3782, 63, 1, 17, 61.95),
(3783, 63, 1, 18, 61.95),
(3784, 63, 1, 19, 61.95),
(3785, 63, 1, 20, 61.95),
(3786, 63, 1, 21, 61.95),
(3787, 63, 1, 22, 61.95),
(3788, 63, 1, 23, 61.95),
(3789, 63, 1, 24, 61.95),
(3790, 63, 1, 25, 61.95),
(3791, 63, 1, 26, 61.95),
(3792, 63, 1, 27, 61.95),
(3793, 63, 1, 28, 61.95),
(3794, 63, 1, 29, 61.95),
(3795, 63, 1, 30, 61.95),
(3796, 63, 1, 31, 61.95),
(3797, 63, 1, 32, 61.95),
(3798, 63, 1, 33, 61.95),
(3799, 63, 1, 34, 61.95),
(3800, 63, 1, 35, 61.95),
(3801, 63, 1, 36, 61.95),
(3802, 63, 1, 37, 61.95),
(3803, 63, 1, 38, 61.95),
(3804, 63, 1, 39, 61.95),
(3805, 63, 1, 40, 61.95),
(3806, 63, 1, 41, 61.95),
(3807, 63, 1, 42, 61.95),
(3808, 63, 1, 43, 61.95),
(3809, 63, 1, 44, 61.95),
(3810, 63, 1, 45, 61.95),
(3811, 63, 1, 46, 61.95),
(3812, 63, 1, 47, 61.95),
(3813, 63, 1, 48, 61.95),
(3814, 63, 1, 49, 61.95),
(3815, 63, 1, 50, 61.95),
(3816, 63, 1, 51, 61.95),
(3817, 63, 1, 52, 61.95),
(3818, 63, 1, 53, 61.95),
(3819, 63, 1, 54, 61.95),
(3820, 63, 1, 55, 61.95),
(3821, 63, 1, 56, 61.95),
(3822, 63, 1, 57, 61.95),
(3823, 63, 1, 58, 61.95),
(3824, 63, 1, 59, 61.95),
(3825, 63, 1, 60, 61.95),
(3826, 63, 1, 61, 61.95),
(3827, 63, 1, 62, 61.95),
(3828, 63, 1, 63, 61.95),
(3829, 63, 1, 64, 61.95),
(3830, 64, 27, 0, 40.21),
(3831, 64, 27, 1, 39.12),
(3832, 64, 27, 2, 35.35),
(3833, 64, 27, 3, 31.46),
(3834, 64, 27, 4, 30.6),
(3835, 64, 27, 5, 26.55),
(3836, 64, 27, 6, 25.13),
(3837, 64, 27, 7, 24.18),
(3838, 64, 27, 8, 23.62),
(3839, 64, 27, 9, 23.41),
(3840, 64, 27, 10, 23.43),
(3841, 64, 27, 11, 23.63),
(3842, 64, 27, 12, 23.98),
(3843, 64, 27, 13, 24.46),
(3844, 64, 27, 14, 25.04),
(3845, 64, 27, 15, 25.67),
(3846, 64, 27, 16, 26.33),
(3847, 64, 27, 17, 27.08),
(3848, 64, 27, 18, 27.89),
(3849, 64, 27, 19, 28.75),
(3850, 64, 27, 20, 29.66),
(3851, 64, 27, 21, 30.61),
(3852, 64, 27, 22, 31.61),
(3853, 64, 27, 23, 32.66),
(3854, 64, 27, 24, 33.73),
(3855, 64, 27, 25, 34.79),
(3856, 64, 27, 26, 35.83),
(3857, 64, 27, 27, 36.82),
(3858, 64, 27, 28, 37.71),
(3859, 64, 27, 29, 38.46),
(3860, 64, 27, 30, 39.06),
(3861, 64, 27, 31, 39.49),
(3862, 64, 27, 32, 39.78),
(3863, 64, 27, 33, 39.93),
(3864, 64, 27, 34, 39.96),
(3865, 64, 27, 35, 39.91),
(3866, 64, 27, 36, 39.78),
(3867, 64, 27, 37, 39.61),
(3868, 64, 27, 38, 39.42),
(3869, 64, 27, 39, 39.25),
(3870, 64, 27, 40, 39.14),
(3871, 64, 27, 41, 39.12),
(3872, 64, 27, 42, 39.24),
(3873, 64, 27, 43, 39.53),
(3874, 64, 27, 44, 40.03),
(3875, 64, 27, 45, 40.76),
(3876, 64, 27, 46, 41.68),
(3877, 64, 27, 47, 42.77),
(3878, 64, 27, 48, 43.98),
(3879, 64, 27, 49, 45.27),
(3880, 64, 27, 50, 46.58),
(3881, 64, 27, 51, 47.84),
(3882, 64, 27, 52, 49.01),
(3883, 64, 27, 53, 50.11),
(3884, 64, 27, 54, 51.19),
(3885, 64, 27, 55, 52.29),
(3886, 64, 27, 56, 53.46),
(3887, 64, 27, 57, 54.76),
(3888, 64, 27, 58, 56.25),
(3889, 64, 27, 59, 58.01),
(3890, 64, 27, 60, 60.06),
(3891, 64, 27, 61, 62.39),
(3892, 64, 27, 62, 65.01),
(3893, 64, 27, 63, 67.91),
(3894, 64, 27, 64, 71.09),
(3895, 64, 27, 65, 74.53),
(3896, 64, 27, 66, 78.21),
(3897, 64, 27, 67, 82.1),
(3898, 64, 27, 68, 86.11),
(3899, 64, 27, 69, 90.16),
(3900, 64, 27, 70, 94.11),
(3901, 64, 27, 71, 97.85),
(3902, 64, 27, 72, 101.21),
(3903, 64, 27, 73, 104.04),
(3904, 64, 27, 74, 105.97),
(3905, 64, 27, 75, 107.18),
(3906, 65, 27, 0, 109.49),
(3907, 65, 27, 1, 108.66),
(3908, 65, 27, 2, 97.15),
(3909, 65, 27, 3, 87.66),
(3910, 65, 27, 4, 85.34),
(3911, 65, 27, 5, 74.02),
(3912, 65, 27, 6, 71.46),
(3913, 65, 27, 7, 69.25),
(3914, 65, 27, 8, 67.99),
(3915, 65, 27, 9, 67.51),
(3916, 65, 27, 10, 67.68),
(3917, 65, 27, 11, 68.38),
(3918, 65, 27, 12, 69.55),
(3919, 65, 27, 13, 71.1),
(3920, 65, 27, 14, 72.96),
(3921, 65, 27, 15, 75.03),
(3922, 65, 27, 16, 77.24),
(3923, 65, 27, 17, 79.55),
(3924, 65, 27, 18, 81.91),
(3925, 65, 27, 19, 84.27),
(3926, 65, 27, 20, 86.56),
(3927, 65, 27, 21, 88.71),
(3928, 65, 27, 22, 90.62),
(3929, 65, 27, 23, 92.25),
(3930, 65, 27, 24, 93.63),
(3931, 65, 27, 25, 95.02),
(3932, 65, 27, 26, 97.1),
(3933, 65, 27, 27, 99.09),
(3934, 65, 27, 28, 101),
(3935, 65, 27, 29, 102.85),
(3936, 65, 27, 30, 104.64),
(3937, 65, 27, 31, 106.37),
(3938, 65, 27, 32, 108.05),
(3939, 65, 27, 33, 109.68),
(3940, 65, 27, 34, 111.25),
(3941, 65, 27, 35, 112.77),
(3942, 65, 27, 36, 114.24),
(3943, 65, 27, 37, 115.66),
(3944, 65, 27, 38, 117.03),
(3945, 65, 27, 39, 118.38),
(3946, 65, 27, 40, 119.72),
(3947, 65, 27, 41, 121.06),
(3948, 65, 27, 42, 122.42),
(3949, 65, 27, 43, 123.82),
(3950, 65, 27, 44, 125.65),
(3951, 65, 27, 45, 128.11),
(3952, 65, 27, 46, 130.61),
(3953, 65, 27, 47, 133.14),
(3954, 65, 27, 48, 135.71),
(3955, 65, 27, 49, 138.34),
(3956, 65, 27, 50, 141.01),
(3957, 65, 27, 51, 143.72),
(3958, 65, 27, 52, 146.49),
(3959, 65, 27, 53, 147.94),
(3960, 65, 27, 54, 148.62),
(3961, 65, 27, 55, 156.25),
(3962, 65, 27, 56, 160.42),
(3963, 65, 27, 57, 165.32),
(3964, 65, 27, 58, 171.15),
(3965, 65, 27, 59, 178.12),
(3966, 65, 27, 60, 186.28),
(3967, 65, 27, 61, 195.57),
(3968, 65, 27, 62, 205.94),
(3969, 65, 27, 63, 217.29),
(3970, 65, 27, 64, 229.46),
(3971, 65, 27, 65, 242.26),
(3972, 65, 27, 66, 254.34),
(3973, 65, 27, 67, 267.62),
(3974, 65, 27, 68, 281.17),
(3975, 65, 27, 69, 294.37),
(3976, 65, 27, 70, 306.89),
(3977, 65, 27, 71, 318.42),
(3978, 65, 27, 72, 328.58),
(3979, 65, 27, 73, 337.02),
(3980, 65, 27, 74, 343.54),
(3981, 65, 27, 75, 348.3),
(3982, 66, 27, 0, 34.5),
(3983, 66, 27, 1, 34.5),
(3984, 66, 27, 2, 34.5),
(3985, 66, 27, 3, 34.5),
(3986, 66, 27, 4, 34.5),
(3987, 66, 27, 5, 34.5),
(3988, 66, 27, 6, 34.5),
(3989, 66, 27, 7, 34.5),
(3990, 66, 27, 8, 34.5),
(3991, 66, 27, 9, 34.5),
(3992, 66, 27, 10, 34.5),
(3993, 66, 27, 11, 34.5),
(3994, 66, 27, 12, 34.5),
(3995, 66, 27, 13, 34.5),
(3996, 66, 27, 14, 34.5),
(3997, 66, 27, 15, 34.5),
(3998, 66, 27, 16, 34.5),
(3999, 66, 27, 17, 34.5),
(4000, 66, 27, 18, 34.5),
(4001, 66, 27, 19, 34.5),
(4002, 66, 27, 20, 47.5),
(4003, 66, 27, 21, 47.5),
(4004, 66, 27, 22, 47.5),
(4005, 66, 27, 23, 47.5),
(4006, 66, 27, 24, 47.5),
(4007, 66, 27, 25, 47.5),
(4008, 66, 27, 26, 47.5),
(4009, 66, 27, 27, 47.5),
(4010, 66, 27, 28, 47.5),
(4011, 66, 27, 29, 47.5),
(4012, 66, 27, 30, 47.5),
(4013, 66, 27, 31, 47.5),
(4014, 66, 27, 32, 47.5),
(4015, 66, 27, 33, 47.5),
(4016, 66, 27, 34, 47.5),
(4017, 66, 27, 35, 47.5),
(4018, 66, 27, 36, 47.5),
(4019, 66, 27, 37, 47.5),
(4020, 66, 27, 38, 47.5),
(4021, 66, 27, 39, 47.5),
(4022, 66, 27, 40, 47.5),
(4023, 66, 27, 41, 47.5),
(4024, 66, 27, 42, 47.5),
(4025, 66, 27, 43, 47.5),
(4026, 66, 27, 44, 47.5),
(4027, 66, 27, 45, 47.5),
(4028, 66, 27, 46, 47.5),
(4029, 66, 27, 47, 47.5),
(4030, 66, 27, 48, 47.5),
(4031, 66, 27, 49, 47.5),
(4032, 66, 27, 50, 67.25),
(4033, 66, 27, 51, 67.25),
(4034, 66, 27, 52, 67.25),
(4035, 66, 27, 53, 67.25),
(4036, 66, 27, 54, 67.25),
(4037, 66, 27, 55, 67.25),
(4038, 66, 27, 56, 67.25),
(4039, 66, 27, 57, 67.25),
(4040, 66, 27, 58, 67.25),
(4041, 66, 27, 59, 67.25),
(4042, 66, 27, 60, 87.5),
(4043, 66, 27, 61, 87.5),
(4044, 66, 27, 62, 87.5),
(4045, 66, 27, 63, 87.5),
(4046, 66, 27, 64, 87.5),
(4047, 66, 27, 65, 87.5),
(4048, 66, 27, 66, 124.25),
(4049, 66, 27, 67, 124.25),
(4050, 66, 27, 68, 124.25),
(4051, 66, 27, 69, 124.25),
(4052, 66, 27, 70, 124.25),
(4053, 66, 27, 71, 124.25),
(4054, 66, 27, 72, 124.25),
(4055, 66, 27, 73, 124.25),
(4056, 66, 27, 74, 124.25),
(4057, 66, 27, 75, 124.25),
(4058, 67, 27, 0, 123.57),
(4059, 67, 27, 1, 120.35),
(4060, 67, 27, 2, 110.27),
(4061, 67, 27, 3, 99.07),
(4062, 67, 27, 4, 96.5),
(4063, 67, 27, 5, 84.79),
(4064, 67, 27, 6, 81.26),
(4065, 67, 27, 7, 78.8),
(4066, 67, 27, 8, 77.4),
(4067, 67, 27, 9, 77.13),
(4068, 67, 27, 10, 77.12),
(4069, 67, 27, 11, 77.97),
(4070, 67, 27, 12, 79.36),
(4071, 67, 27, 13, 81.19),
(4072, 67, 27, 14, 83.38),
(4073, 67, 27, 15, 85.83),
(4074, 67, 27, 16, 88.45),
(4075, 67, 27, 17, 91.19),
(4076, 67, 27, 18, 93.98),
(4077, 67, 27, 19, 96.73),
(4078, 67, 27, 20, 99.35),
(4079, 67, 27, 21, 101.72),
(4080, 67, 27, 22, 103.72),
(4081, 67, 27, 23, 105.29),
(4082, 67, 27, 24, 106.49),
(4083, 67, 27, 25, 107.7),
(4084, 67, 27, 26, 109.85),
(4085, 67, 27, 27, 111.91),
(4086, 67, 27, 28, 113.61),
(4087, 67, 27, 29, 114.95),
(4088, 67, 27, 30, 118.01),
(4089, 67, 27, 31, 119.82),
(4090, 67, 27, 32, 121.57),
(4091, 67, 27, 33, 123.58),
(4092, 67, 27, 34, 125.85),
(4093, 67, 27, 35, 128.35),
(4094, 67, 27, 36, 130.88),
(4095, 67, 27, 37, 132.98),
(4096, 67, 27, 38, 135.04),
(4097, 67, 27, 39, 137.04),
(4098, 67, 27, 40, 138.99),
(4099, 67, 27, 41, 140.87),
(4100, 67, 27, 42, 142.68),
(4101, 67, 27, 43, 144.42),
(4102, 67, 27, 44, 146.07),
(4103, 67, 27, 45, 148.9),
(4104, 67, 27, 46, 152.72),
(4105, 67, 27, 47, 155.63),
(4106, 67, 27, 48, 158.16),
(4107, 67, 27, 49, 160.71),
(4108, 67, 27, 50, 163.35),
(4109, 67, 27, 51, 166.12),
(4110, 67, 27, 52, 169.08),
(4111, 67, 27, 53, 169.08),
(4112, 67, 27, 54, 169.08),
(4113, 67, 27, 55, 180.57),
(4114, 67, 27, 56, 185.71),
(4115, 67, 27, 57, 191.8),
(4116, 67, 27, 58, 199.07),
(4117, 67, 27, 59, 207.75),
(4118, 67, 27, 60, 217.9),
(4119, 67, 27, 61, 229.46),
(4120, 67, 27, 62, 242.34),
(4121, 67, 27, 63, 256.44),
(4122, 67, 27, 64, 271.56),
(4123, 67, 27, 65, 284.78),
(4124, 67, 27, 66, 297.83),
(4125, 67, 27, 67, 314.03),
(4126, 67, 27, 68, 330.02),
(4127, 67, 27, 69, 345.48),
(4128, 67, 27, 70, 360.07),
(4129, 67, 27, 71, 373.43),
(4130, 67, 27, 72, 385.16),
(4131, 67, 27, 73, 394.87),
(4132, 67, 27, 74, 403.12),
(4133, 67, 27, 75, 417.28),
(4134, 68, 27, 0, 36.38),
(4135, 68, 27, 1, 35.4),
(4136, 68, 27, 2, 31.58),
(4137, 68, 27, 3, 28.55),
(4138, 68, 27, 4, 27.78),
(4139, 68, 27, 5, 23.24),
(4140, 68, 27, 6, 22.3),
(4141, 68, 27, 7, 21.49),
(4142, 68, 27, 8, 21.17),
(4143, 68, 27, 9, 21.06),
(4144, 68, 27, 10, 20.96),
(4145, 68, 27, 11, 21.03),
(4146, 68, 27, 12, 21.37),
(4147, 68, 27, 13, 21.84),
(4148, 68, 27, 14, 22.4),
(4149, 68, 27, 15, 23.16),
(4150, 68, 27, 16, 23.96),
(4151, 68, 27, 17, 24.75),
(4152, 68, 27, 18, 25.55),
(4153, 68, 27, 19, 26.35),
(4154, 68, 27, 20, 26.81),
(4155, 68, 27, 21, 27.4),
(4156, 68, 27, 22, 28.22),
(4157, 68, 27, 23, 29.06),
(4158, 68, 27, 24, 30.01),
(4159, 68, 27, 25, 31.04),
(4160, 68, 27, 26, 32.05),
(4161, 68, 27, 27, 33),
(4162, 68, 27, 28, 33.86),
(4163, 68, 27, 29, 34.59),
(4164, 68, 27, 30, 35.17),
(4165, 68, 27, 31, 35.59),
(4166, 68, 27, 32, 35.86),
(4167, 68, 27, 33, 36.01),
(4168, 68, 27, 34, 36.04),
(4169, 68, 27, 35, 35.99),
(4170, 68, 27, 36, 35.87),
(4171, 68, 27, 37, 35.7),
(4172, 68, 27, 38, 35.51),
(4173, 68, 27, 39, 35.35),
(4174, 68, 27, 40, 35.24),
(4175, 68, 27, 41, 35.23),
(4176, 68, 27, 42, 35.34),
(4177, 68, 27, 43, 35.64),
(4178, 68, 27, 44, 36.3),
(4179, 68, 27, 45, 37.17),
(4180, 68, 27, 46, 38.21),
(4181, 68, 27, 47, 39.38),
(4182, 68, 27, 48, 40.66),
(4183, 68, 27, 49, 41.45),
(4184, 68, 27, 50, 42.75),
(4185, 68, 27, 51, 43.66),
(4186, 68, 27, 52, 44.79),
(4187, 68, 27, 53, 45.86),
(4188, 68, 27, 54, 46.9),
(4189, 68, 27, 55, 48.14),
(4190, 68, 27, 56, 49.51),
(4191, 68, 27, 57, 50.86),
(4192, 68, 27, 58, 52.25),
(4193, 68, 27, 59, 53.91),
(4194, 68, 27, 60, 55.87),
(4195, 68, 27, 61, 58.1),
(4196, 68, 27, 62, 60.27),
(4197, 68, 27, 63, 63.07),
(4198, 68, 27, 64, 66.14),
(4199, 68, 27, 65, 69.47),
(4200, 68, 27, 66, 73.03),
(4201, 68, 27, 67, 76.79),
(4202, 68, 27, 68, 80.67),
(4203, 68, 27, 69, 83.93),
(4204, 68, 27, 70, 86.62),
(4205, 68, 27, 71, 89.16),
(4206, 68, 27, 72, 91.49),
(4207, 68, 27, 73, 93.51),
(4208, 68, 27, 74, 95.11),
(4209, 68, 27, 75, 96.19),
(4210, 69, 27, 0, 103.38),
(4211, 69, 27, 1, 103.38),
(4212, 69, 27, 2, 103.38),
(4213, 69, 27, 3, 103.38),
(4214, 69, 27, 4, 103.38),
(4215, 69, 27, 5, 80),
(4216, 69, 27, 6, 80),
(4217, 69, 27, 7, 80),
(4218, 69, 27, 8, 80),
(4219, 69, 27, 9, 80),
(4220, 69, 27, 10, 80),
(4221, 69, 27, 11, 80),
(4222, 69, 27, 12, 80),
(4223, 69, 27, 13, 80),
(4224, 69, 27, 14, 80),
(4225, 69, 27, 15, 80),
(4226, 69, 27, 16, 80),
(4227, 69, 27, 17, 80),
(4228, 69, 27, 18, 80),
(4229, 69, 27, 19, 80),
(4230, 69, 27, 20, 92.8),
(4231, 69, 27, 21, 92.8),
(4232, 69, 27, 22, 92.8),
(4233, 69, 27, 23, 92.8),
(4234, 69, 27, 24, 92.8),
(4235, 69, 27, 25, 106.2),
(4236, 69, 27, 26, 106.2),
(4237, 69, 27, 27, 106.2),
(4238, 69, 27, 28, 106.2),
(4239, 69, 27, 29, 106.2),
(4240, 69, 27, 30, 118.59),
(4241, 69, 27, 31, 118.59),
(4242, 69, 27, 32, 118.59),
(4243, 69, 27, 33, 118.59),
(4244, 69, 27, 34, 118.59),
(4245, 69, 27, 35, 123.99),
(4246, 69, 27, 36, 123.99),
(4247, 69, 27, 37, 123.99),
(4248, 69, 27, 38, 123.99),
(4249, 69, 27, 39, 123.99),
(4250, 69, 27, 40, 130.28),
(4251, 69, 27, 41, 130.28),
(4252, 69, 27, 42, 130.28),
(4253, 69, 27, 43, 130.28),
(4254, 69, 27, 44, 130.28),
(4255, 69, 27, 45, 139.74),
(4256, 69, 27, 46, 139.74),
(4257, 69, 27, 47, 139.74),
(4258, 69, 27, 48, 139.74),
(4259, 69, 27, 49, 139.74),
(4260, 69, 27, 50, 161.97),
(4261, 69, 27, 51, 161.97),
(4262, 69, 27, 52, 161.97),
(4263, 69, 27, 53, 161.97),
(4264, 69, 27, 54, 161.97),
(4265, 69, 27, 55, 166.95),
(4266, 69, 27, 56, 174.28),
(4267, 69, 27, 57, 182.87),
(4268, 69, 27, 58, 191.78),
(4269, 69, 27, 59, 197.65),
(4270, 69, 27, 60, 208.62),
(4271, 69, 27, 61, 211.88),
(4272, 69, 27, 62, 223.79),
(4273, 69, 27, 63, 237.72),
(4274, 69, 27, 64, 247.15),
(4275, 69, 27, 65, 251.2),
(4276, 69, 27, 66, 262.41),
(4277, 69, 27, 67, 273.81),
(4278, 69, 27, 68, 292.66),
(4279, 69, 27, 69, 289.03),
(4280, 69, 27, 70, 340.76),
(4281, 69, 27, 71, 340.76),
(4282, 69, 27, 72, 340.76),
(4283, 69, 27, 73, 340.76),
(4284, 69, 27, 74, 340.76),
(4285, 69, 27, 75, 340.76),
(4286, 70, 27, 0, 72.76),
(4287, 70, 27, 1, 70.79),
(4288, 70, 27, 2, 63.15),
(4289, 70, 27, 3, 57.11),
(4290, 70, 27, 4, 55.56),
(4291, 70, 27, 5, 46.47),
(4292, 70, 27, 6, 44.6),
(4293, 70, 27, 7, 42.99),
(4294, 70, 27, 8, 42.33),
(4295, 70, 27, 9, 42.13),
(4296, 70, 27, 10, 41.93),
(4297, 70, 27, 11, 42.05),
(4298, 70, 27, 12, 42.74),
(4299, 70, 27, 13, 43.68),
(4300, 70, 27, 14, 44.8),
(4301, 70, 27, 15, 46.32),
(4302, 70, 27, 16, 47.91),
(4303, 70, 27, 17, 49.51),
(4304, 70, 27, 18, 51.1),
(4305, 70, 27, 19, 52.7),
(4306, 70, 27, 20, 53.62),
(4307, 70, 27, 21, 54.8),
(4308, 70, 27, 22, 56.45),
(4309, 70, 27, 23, 58.13),
(4310, 70, 27, 24, 60.02),
(4311, 70, 27, 25, 62.09),
(4312, 70, 27, 26, 64.1),
(4313, 70, 27, 27, 66),
(4314, 70, 27, 28, 67.72),
(4315, 70, 27, 29, 69.19),
(4316, 70, 27, 30, 70.34),
(4317, 70, 27, 31, 71.18),
(4318, 70, 27, 32, 71.72),
(4319, 70, 27, 33, 72.01),
(4320, 70, 27, 34, 72.08),
(4321, 70, 27, 35, 71.98),
(4322, 70, 27, 36, 71.73),
(4323, 70, 27, 37, 71.39),
(4324, 70, 27, 38, 71.03),
(4325, 70, 27, 39, 70.7),
(4326, 70, 27, 40, 70.49),
(4327, 70, 27, 41, 70.46),
(4328, 70, 27, 42, 70.68),
(4329, 70, 27, 43, 71.27),
(4330, 70, 27, 44, 72.6),
(4331, 70, 27, 45, 74.34),
(4332, 70, 27, 46, 76.41),
(4333, 70, 27, 47, 78.76),
(4334, 70, 27, 48, 81.31),
(4335, 70, 27, 49, 82.9),
(4336, 70, 27, 50, 85.5),
(4337, 70, 27, 51, 87.32),
(4338, 70, 27, 52, 89.58),
(4339, 70, 27, 53, 91.72),
(4340, 70, 27, 54, 93.8),
(4341, 70, 27, 55, 96.28),
(4342, 70, 27, 56, 99.01),
(4343, 70, 27, 57, 101.73),
(4344, 70, 27, 58, 104.49),
(4345, 70, 27, 59, 107.82),
(4346, 70, 27, 60, 111.73),
(4347, 70, 27, 61, 116.2),
(4348, 70, 27, 62, 120.53),
(4349, 70, 27, 63, 126.14),
(4350, 70, 27, 64, 132.28),
(4351, 70, 27, 65, 138.93),
(4352, 70, 27, 66, 146.06),
(4353, 70, 27, 67, 153.58),
(4354, 70, 27, 68, 161.35),
(4355, 70, 27, 69, 167.87),
(4356, 70, 27, 70, 173.24),
(4357, 70, 27, 71, 178.32),
(4358, 70, 27, 72, 182.97),
(4359, 70, 27, 73, 187.01),
(4360, 70, 27, 74, 190.23),
(4361, 70, 27, 75, 192.39),
(4362, 71, 27, 0, 41.6),
(4363, 71, 27, 1, 41.6),
(4364, 71, 27, 2, 41.6),
(4365, 71, 27, 3, 41.6),
(4366, 71, 27, 4, 41.6),
(4367, 71, 27, 5, 41.6),
(4368, 71, 27, 6, 41.6),
(4369, 71, 27, 7, 41.6),
(4370, 71, 27, 8, 41.6),
(4371, 71, 27, 9, 41.6),
(4372, 71, 27, 10, 41.6),
(4373, 71, 27, 11, 41.6),
(4374, 71, 27, 12, 41.6),
(4375, 71, 27, 13, 41.6),
(4376, 71, 27, 14, 41.6),
(4377, 71, 27, 15, 41.6),
(4378, 71, 27, 16, 41.6),
(4379, 71, 27, 17, 41.6),
(4380, 71, 27, 18, 41.6),
(4381, 71, 27, 19, 41.6),
(4382, 71, 27, 20, 50.75),
(4383, 71, 27, 21, 50.75),
(4384, 71, 27, 22, 50.75),
(4385, 71, 27, 23, 50.75),
(4386, 71, 27, 24, 50.75),
(4387, 71, 27, 25, 50.75),
(4388, 71, 27, 26, 50.75),
(4389, 71, 27, 27, 50.75),
(4390, 71, 27, 28, 50.75),
(4391, 71, 27, 29, 50.75),
(4392, 71, 27, 30, 50.75),
(4393, 71, 27, 31, 50.75),
(4394, 71, 27, 32, 50.75),
(4395, 71, 27, 33, 50.75),
(4396, 71, 27, 34, 50.75),
(4397, 71, 27, 35, 50.75),
(4398, 71, 27, 36, 50.75),
(4399, 71, 27, 37, 50.75),
(4400, 71, 27, 38, 50.75),
(4401, 71, 27, 39, 50.75),
(4402, 71, 27, 40, 50.75),
(4403, 71, 27, 41, 50.75),
(4404, 71, 27, 42, 50.75),
(4405, 71, 27, 43, 50.75),
(4406, 71, 27, 44, 50.75),
(4407, 71, 27, 45, 50.75),
(4408, 71, 27, 46, 50.75),
(4409, 71, 27, 47, 50.75),
(4410, 71, 27, 48, 50.75),
(4411, 71, 27, 49, 50.75),
(4412, 71, 27, 50, 68.63),
(4413, 71, 27, 51, 68.63),
(4414, 71, 27, 52, 68.63),
(4415, 71, 27, 53, 68.63),
(4416, 71, 27, 54, 68.63),
(4417, 71, 27, 55, 68.63),
(4418, 71, 27, 56, 68.63),
(4419, 71, 27, 57, 68.63),
(4420, 71, 27, 58, 68.63),
(4421, 71, 27, 59, 68.63),
(4422, 71, 27, 60, 111.43),
(4423, 71, 27, 61, 111.43),
(4424, 71, 27, 62, 111.43),
(4425, 71, 27, 63, 111.43),
(4426, 71, 27, 64, 111.43),
(4427, 71, 27, 65, 111.43),
(4428, 71, 27, 66, 111.43),
(4429, 71, 27, 67, 111.43),
(4430, 72, 27, 0, 57.76),
(4431, 72, 27, 1, 57.76),
(4432, 72, 27, 2, 57.76),
(4433, 72, 27, 3, 57.76),
(4434, 72, 27, 4, 57.76),
(4435, 72, 27, 5, 57.76),
(4436, 72, 27, 6, 57.76),
(4437, 72, 27, 7, 57.76),
(4438, 72, 27, 8, 57.76),
(4439, 72, 27, 9, 57.76),
(4440, 72, 27, 10, 57.76),
(4441, 72, 27, 11, 57.76),
(4442, 72, 27, 12, 57.76),
(4443, 72, 27, 13, 57.76),
(4444, 72, 27, 14, 57.76),
(4445, 72, 27, 15, 57.76),
(4446, 72, 27, 16, 57.76),
(4447, 72, 27, 17, 57.76),
(4448, 72, 27, 18, 57.76),
(4449, 72, 27, 19, 57.76),
(4450, 72, 27, 20, 83.21),
(4451, 72, 27, 21, 83.21),
(4452, 72, 27, 22, 83.21),
(4453, 72, 27, 23, 83.21),
(4454, 72, 27, 24, 83.21),
(4455, 72, 27, 25, 83.21),
(4456, 72, 27, 26, 83.21),
(4457, 72, 27, 27, 83.21),
(4458, 72, 27, 28, 83.21),
(4459, 72, 27, 29, 83.21),
(4460, 72, 27, 30, 83.21),
(4461, 72, 27, 31, 83.21),
(4462, 72, 27, 32, 83.21),
(4463, 72, 27, 33, 83.21),
(4464, 72, 27, 34, 83.21),
(4465, 72, 27, 35, 83.21),
(4466, 72, 27, 36, 83.21),
(4467, 72, 27, 37, 83.21),
(4468, 72, 27, 38, 83.21),
(4469, 72, 27, 39, 83.21),
(4470, 72, 27, 40, 83.21),
(4471, 72, 27, 41, 83.21),
(4472, 72, 27, 42, 83.21),
(4473, 72, 27, 43, 83.21),
(4474, 72, 27, 44, 83.21),
(4475, 72, 27, 45, 83.21),
(4476, 72, 27, 46, 83.21),
(4477, 72, 27, 47, 83.21),
(4478, 72, 27, 48, 83.21),
(4479, 72, 27, 49, 83.21),
(4480, 72, 27, 50, 112.85),
(4481, 72, 27, 51, 112.85),
(4482, 72, 27, 52, 112.85),
(4483, 72, 27, 53, 112.85),
(4484, 72, 27, 54, 112.85),
(4485, 72, 27, 55, 112.85),
(4486, 72, 27, 56, 112.85),
(4487, 72, 27, 57, 112.85),
(4488, 72, 27, 58, 112.85),
(4489, 72, 27, 59, 112.85),
(4490, 72, 27, 60, 175.73),
(4491, 72, 27, 61, 175.73),
(4492, 72, 27, 62, 175.73),
(4493, 72, 27, 63, 175.73),
(4494, 72, 27, 64, 175.73),
(4495, 72, 27, 65, 175.73),
(4496, 72, 27, 66, 175.73),
(4497, 72, 27, 67, 175.73),
(4650, 73, 34, 0, 45),
(4651, 73, 34, 1, 45),
(4652, 73, 34, 2, 45),
(4653, 73, 34, 3, 45),
(4654, 73, 34, 4, 45),
(4655, 73, 34, 5, 45),
(4656, 73, 34, 6, 45),
(4657, 73, 34, 7, 45),
(4658, 73, 34, 8, 45),
(4659, 73, 34, 9, 45),
(4660, 73, 34, 10, 45),
(4661, 73, 34, 11, 45),
(4662, 73, 34, 12, 45),
(4663, 73, 34, 13, 45),
(4664, 73, 34, 14, 45),
(4665, 73, 34, 15, 45),
(4666, 73, 34, 16, 45),
(4667, 73, 34, 17, 45),
(4668, 73, 34, 18, 45),
(4669, 73, 34, 19, 45),
(4670, 73, 34, 20, 45),
(4671, 73, 34, 21, 45),
(4672, 73, 34, 22, 45),
(4673, 73, 34, 23, 45),
(4674, 73, 34, 24, 45),
(4675, 73, 34, 25, 45),
(4676, 73, 34, 26, 45),
(4677, 73, 34, 27, 45),
(4678, 73, 34, 28, 45),
(4679, 73, 34, 29, 45),
(4680, 73, 34, 30, 45),
(4681, 73, 34, 31, 45),
(4682, 73, 34, 32, 45),
(4683, 73, 34, 33, 45),
(4684, 73, 34, 34, 45),
(4685, 73, 34, 35, 45),
(4686, 73, 34, 36, 45),
(4687, 73, 34, 37, 45),
(4688, 73, 34, 38, 45),
(4689, 73, 34, 39, 45),
(4690, 73, 34, 40, 45),
(4691, 73, 34, 41, 45),
(4692, 73, 34, 42, 45),
(4693, 73, 34, 43, 45),
(4694, 73, 34, 44, 45),
(4695, 73, 34, 45, 45),
(4696, 73, 34, 46, 45),
(4697, 73, 34, 47, 45),
(4698, 73, 34, 48, 45),
(4699, 73, 34, 49, 45),
(4700, 73, 34, 50, 45),
(4701, 73, 34, 51, 45),
(4702, 73, 34, 52, 45),
(4703, 73, 34, 53, 45),
(4704, 73, 34, 54, 45),
(4705, 73, 34, 55, 45),
(4706, 73, 34, 56, 45),
(4707, 73, 34, 57, 45),
(4708, 73, 34, 58, 45),
(4709, 73, 34, 59, 45),
(4710, 73, 34, 60, 45),
(4711, 73, 34, 61, 45),
(4712, 73, 34, 62, 45),
(4713, 73, 34, 63, 45),
(4714, 73, 34, 64, 45),
(4715, 73, 34, 65, 45),
(4716, 73, 34, 66, 45),
(4717, 73, 34, 67, 45),
(4718, 73, 34, 68, 45),
(4719, 73, 34, 69, 45),
(4720, 73, 34, 70, 45),
(4721, 73, 34, 71, 45),
(4722, 73, 34, 72, 45),
(4723, 73, 34, 73, 45),
(4724, 73, 34, 74, 45),
(4725, 73, 34, 75, 45),
(4878, 74, 34, 0, 50.15),
(4879, 74, 34, 1, 50.15),
(4880, 74, 34, 2, 50.15),
(4881, 74, 34, 3, 50.15),
(4882, 74, 34, 4, 50.15),
(4883, 74, 34, 5, 50.15),
(4884, 74, 34, 6, 50.15),
(4885, 74, 34, 7, 50.15),
(4886, 74, 34, 8, 50.15),
(4887, 74, 34, 9, 50.15),
(4888, 74, 34, 10, 50.15),
(4889, 74, 34, 11, 50.15),
(4890, 74, 34, 12, 50.15),
(4891, 74, 34, 13, 50.15),
(4892, 74, 34, 14, 50.15),
(4893, 74, 34, 15, 50.15),
(4894, 74, 34, 16, 50.15),
(4895, 74, 34, 17, 50.15),
(4896, 74, 34, 18, 50.15),
(4897, 74, 34, 19, 50.15),
(4898, 74, 34, 20, 50.15),
(4899, 74, 34, 21, 50.15),
(4900, 74, 34, 22, 50.15),
(4901, 74, 34, 23, 50.15),
(4902, 74, 34, 24, 50.15),
(4903, 74, 34, 25, 50.15),
(4904, 74, 34, 26, 50.15),
(4905, 74, 34, 27, 50.15),
(4906, 74, 34, 28, 50.15),
(4907, 74, 34, 29, 50.15),
(4908, 74, 34, 30, 50.15),
(4909, 74, 34, 31, 50.15),
(4910, 74, 34, 32, 50.15),
(4911, 74, 34, 33, 50.15),
(4912, 74, 34, 34, 50.15),
(4913, 74, 34, 35, 50.15),
(4914, 74, 34, 36, 50.15),
(4915, 74, 34, 37, 50.15),
(4916, 74, 34, 38, 50.15),
(4917, 74, 34, 39, 50.15),
(4918, 74, 34, 40, 50.15),
(4919, 74, 34, 41, 50.15),
(4920, 74, 34, 42, 50.15),
(4921, 74, 34, 43, 50.15),
(4922, 74, 34, 44, 50.15),
(4923, 74, 34, 45, 50.15),
(4924, 74, 34, 46, 50.15),
(4925, 74, 34, 47, 50.15),
(4926, 74, 34, 48, 50.15),
(4927, 74, 34, 49, 50.15),
(4928, 74, 34, 50, 50.15),
(4929, 74, 34, 51, 50.15),
(4930, 74, 34, 52, 50.15),
(4931, 74, 34, 53, 50.15),
(4932, 74, 34, 54, 50.15),
(4933, 74, 34, 55, 50.15),
(4934, 74, 34, 56, 50.15),
(4935, 74, 34, 57, 50.15),
(4936, 74, 34, 58, 50.15),
(4937, 74, 34, 59, 50.15),
(4938, 74, 34, 60, 50.15),
(4939, 74, 34, 61, 50.15),
(4940, 74, 34, 62, 50.15),
(4941, 74, 34, 63, 50.15),
(4942, 74, 34, 64, 50.15),
(4943, 74, 34, 65, 50.15),
(4944, 74, 34, 66, 50.15),
(4945, 74, 34, 67, 50.15),
(4946, 74, 34, 68, 50.15),
(4947, 74, 34, 69, 50.15),
(4948, 74, 34, 70, 50.15),
(4949, 74, 34, 71, 50.15),
(4950, 74, 34, 72, 50.15),
(4951, 74, 34, 73, 50.15),
(4952, 74, 34, 74, 50.15),
(4953, 74, 34, 75, 50.15),
(4954, 39, 1, 0, 40.9),
(4955, 39, 1, 1, 40.9),
(4956, 39, 1, 2, 40.9),
(4957, 39, 1, 3, 25.9),
(4958, 39, 1, 4, 25.9),
(4959, 39, 1, 5, 25.9),
(4960, 39, 1, 6, 25.9),
(4961, 39, 1, 7, 25.9),
(4962, 39, 1, 8, 25.9),
(4963, 39, 1, 9, 25.9),
(4964, 39, 1, 10, 25.9),
(4965, 39, 1, 11, 25.9),
(4966, 39, 1, 12, 25.9),
(4967, 39, 1, 13, 25.9),
(4968, 39, 1, 14, 25.9),
(4969, 39, 1, 15, 25.9),
(4970, 39, 1, 16, 27.9),
(4971, 39, 1, 17, 27.9),
(4972, 39, 1, 18, 27.9),
(4973, 39, 1, 19, 27.9),
(4974, 39, 1, 20, 36.9),
(4975, 39, 1, 21, 36.9),
(4976, 39, 1, 22, 36.9),
(4977, 39, 1, 23, 36.9),
(4978, 39, 1, 24, 36.9),
(4979, 39, 1, 25, 38.9),
(4980, 39, 1, 26, 38.9),
(4981, 39, 1, 27, 38.9),
(4982, 39, 1, 28, 38.9),
(4983, 39, 1, 29, 38.9),
(4984, 39, 1, 30, 40.9),
(4985, 39, 1, 31, 40.9),
(4986, 39, 1, 32, 40.9),
(4987, 39, 1, 33, 40.9),
(4988, 39, 1, 34, 40.9),
(4989, 39, 1, 35, 42.9),
(4990, 39, 1, 36, 42.9),
(4991, 39, 1, 37, 42.9),
(4992, 39, 1, 38, 42.9),
(4993, 39, 1, 39, 42.9),
(4994, 39, 1, 40, 44.9),
(4995, 39, 1, 41, 44.9),
(4996, 39, 1, 42, 44.9),
(4997, 39, 1, 43, 44.9),
(4998, 39, 1, 44, 44.9),
(4999, 39, 1, 45, 51.9),
(5000, 39, 1, 46, 51.9),
(5001, 39, 1, 47, 51.9),
(5002, 39, 1, 48, 51.9),
(5003, 39, 1, 49, 51.9),
(5004, 39, 1, 50, 56.9),
(5005, 39, 1, 51, 56.9),
(5006, 39, 1, 52, 56.9),
(5007, 39, 1, 53, 56.9),
(5008, 39, 1, 54, 56.9),
(5009, 39, 1, 55, 73.9),
(5010, 39, 1, 56, 73.9),
(5011, 39, 1, 57, 73.9),
(5012, 39, 1, 58, 73.9),
(5013, 39, 1, 59, 73.9),
(5014, 39, 1, 60, 97.9),
(5015, 39, 1, 61, 97.9),
(5016, 39, 1, 62, 97.9),
(5017, 39, 1, 63, 97.9),
(5018, 39, 1, 64, 97.9),
(5019, 39, 1, 65, 115.9),
(5020, 39, 1, 66, 115.9),
(5021, 39, 1, 67, 115.9),
(5022, 39, 1, 68, 115.9),
(5023, 39, 1, 69, 115.9),
(5024, 39, 1, 70, 128.9),
(5025, 39, 1, 71, 128.9),
(5026, 39, 1, 72, 128.9),
(5027, 39, 1, 73, 128.9),
(5028, 39, 1, 74, 128.9),
(5029, 39, 1, 75, 132.9);

-- --------------------------------------------------------

--
-- Estructura Stand-in para la vista `salud_vista_descuentos_recargos`
--
CREATE TABLE IF NOT EXISTS `salud_vista_descuentos_recargos` (
`id` int(11)
,`id_producto_salud` int(11)
,`correduria` varchar(3)
,`companyia` varchar(50)
,`nombre_producto` varchar(50)
,`cm_re` tinyint(1)
,`id_forma_pago` int(11)
,`rango_personas` varchar(20)
,`edad_minima` int(11)
,`edad_maxima` int(11)
,`valor` float
,`orden` int(11)
,`activo` tinyint(1)
,`porcentaje_o_cantidad` varchar(20)
,`descuento_o_recargo` varchar(20)
);
-- --------------------------------------------------------

--
-- Estructura de tabla para la tabla `tarificaciones`
--

CREATE TABLE IF NOT EXISTS `tarificaciones` (
  `id` int(11) NOT NULL AUTO_INCREMENT,
  `correduria_id` int(11) DEFAULT NULL,
  `ramo_id` int(11) DEFAULT NULL,
  `codigo_tarificacion` varchar(255) COLLATE utf8_unicode_ci NOT NULL,
  `fecha_creacion` timestamp NOT NULL DEFAULT CURRENT_TIMESTAMP,
  `creada_por` int(11) unsigned DEFAULT NULL COMMENT 'Si es NULL, la tarificacion viene de un cliente web',
  `numMensajes` int(10) unsigned NOT NULL DEFAULT '0',
  `nombre_completo` varchar(255) COLLATE utf8_unicode_ci DEFAULT NULL,
  `telefono` varchar(20) COLLATE utf8_unicode_ci DEFAULT NULL,
  `email` varchar(255) COLLATE utf8_unicode_ci DEFAULT NULL,
  `activo` tinyint(1) NOT NULL DEFAULT '1',
  `documentacionEnviada` tinyint(1) NOT NULL DEFAULT '0',
  `contratada` tinyint(1) NOT NULL DEFAULT '0',
  `fecha_borrado` timestamp NULL DEFAULT NULL,
  `data` longtext COLLATE utf8_unicode_ci COMMENT '(DC2Type:json_array)',
  `deletedBy_id` int(11) unsigned DEFAULT NULL,
  `numeroPersonas` int(5) DEFAULT NULL,
  `vida_capital` int(11) DEFAULT NULL,
  `vida_fechaNacimiento` date DEFAULT NULL,
  `salud_provincia_id` int(5) DEFAULT NULL,
  `salud_contratante_id` int(5) DEFAULT NULL,
  `salud_fechaNacimiento1` date DEFAULT NULL,
  `salud_fechaNacimiento2` date DEFAULT NULL,
  `salud_fechaNacimiento3` date DEFAULT NULL,
  `salud_fechaNacimiento4` date DEFAULT NULL,
  `salud_fechaNacimiento5` date DEFAULT NULL,
  `salud_fechaNacimiento6` date DEFAULT NULL,
  `salud_fechaNacimiento7` date DEFAULT NULL,
  `salud_fechaNacimiento8` date DEFAULT NULL,
  `salud_fechaNacimiento9` date DEFAULT NULL,
  `salud_fechaNacimiento10` date DEFAULT NULL,
  `salud_edad1` int(3) DEFAULT NULL,
  `salud_edad2` int(3) DEFAULT NULL,
  `salud_edad3` int(3) DEFAULT NULL,
  `salud_edad4` int(3) DEFAULT NULL,
  `salud_edad5` int(3) DEFAULT NULL,
  `salud_edad6` int(3) DEFAULT NULL,
  `salud_edad7` int(3) DEFAULT NULL,
  `salud_edad8` int(3) DEFAULT NULL,
  `salud_edad9` int(3) DEFAULT NULL,
  `salud_edad10` int(3) DEFAULT NULL,
  `decesos_provincia_id_1` int(11) DEFAULT NULL,
  `decesos_provincia_id_2` int(11) DEFAULT NULL,
  `decesos_provincia_id_3` int(11) DEFAULT NULL,
  `decesos_provincia_id_4` int(11) DEFAULT NULL,
  `decesos_provincia_id_5` int(11) DEFAULT NULL,
  `decesos_provincia_id_6` int(11) DEFAULT NULL,
  `decesos_provincia_id_7` int(11) DEFAULT NULL,
  `decesos_provincia_id_8` int(11) DEFAULT NULL,
  `decesos_provincia_id_9` int(11) DEFAULT NULL,
  `decesos_provincia_id_10` int(11) DEFAULT NULL,
  `decesos_fechaNacimiento1` date DEFAULT NULL,
  `decesos_fechaNacimiento2` date DEFAULT NULL,
  `decesos_fechaNacimiento3` date DEFAULT NULL,
  `decesos_fechaNacimiento4` date DEFAULT NULL,
  `decesos_fechaNacimiento5` date DEFAULT NULL,
  `decesos_fechaNacimiento6` date DEFAULT NULL,
  `decesos_fechaNacimiento7` date DEFAULT NULL,
  `decesos_fechaNacimiento8` date DEFAULT NULL,
  `decesos_fechaNacimiento9` date DEFAULT NULL,
  `decesos_fechaNacimiento10` date DEFAULT NULL,
  `decesos_edad1` int(3) DEFAULT NULL,
  `decesos_edad2` int(3) DEFAULT NULL,
  `decesos_edad3` int(3) DEFAULT NULL,
  `decesos_edad4` int(3) DEFAULT NULL,
  `decesos_edad5` int(3) DEFAULT NULL,
  `decesos_edad6` int(3) DEFAULT NULL,
  `decesos_edad7` int(3) DEFAULT NULL,
  `decesos_edad8` int(3) DEFAULT NULL,
  `decesos_edad9` int(3) DEFAULT NULL,
  `decesos_edad10` int(3) DEFAULT NULL,
  `alquiler_rentaMensual` float DEFAULT NULL,
  `alquiler_valorAlquiler` float DEFAULT NULL,
  PRIMARY KEY (`id`),
  KEY `IDX_E5F1AC336CC064FC` (`correduria_id`),
  KEY `IDX_E5F1AC33DCD6CC49` (`ramo_id`),
  KEY `IDX_E5F1AC3363D8C20E` (`deletedBy_id`),
  KEY `IDX_E5F1AC3386CE04F9` (`salud_provincia_id`),
  KEY `IDX_E5F1AC3362252AD9` (`decesos_provincia_id_1`),
  KEY `IDX_E5F1AC3370908537` (`decesos_provincia_id_2`),
  KEY `IDX_E5F1AC33C82CE252` (`decesos_provincia_id_3`),
  KEY `IDX_E5F1AC3355FBDAEB` (`decesos_provincia_id_4`),
  KEY `IDX_E5F1AC33ED47BD8E` (`decesos_provincia_id_5`),
  KEY `IDX_E5F1AC33FFF21260` (`decesos_provincia_id_6`),
  KEY `IDX_E5F1AC33474E7505` (`decesos_provincia_id_7`),
  KEY `IDX_E5F1AC331F2D6553` (`decesos_provincia_id_8`),
  KEY `IDX_E5F1AC33A7910236` (`decesos_provincia_id_9`),
  KEY `IDX_E5F1AC3391BD05AC` (`decesos_provincia_id_10`),
  KEY `contratante_indice` (`salud_contratante_id`),
  KEY `idx_usuario` (`creada_por`)
) ENGINE=InnoDB  DEFAULT CHARSET=utf8 COLLATE=utf8_unicode_ci AUTO_INCREMENT=1619 ;

--
-- Volcado de datos para la tabla `tarificaciones`
--

INSERT INTO `tarificaciones` (`id`, `correduria_id`, `ramo_id`, `codigo_tarificacion`, `fecha_creacion`, `creada_por`, `numMensajes`, `nombre_completo`, `telefono`, `email`, `activo`, `documentacionEnviada`, `contratada`, `fecha_borrado`, `data`, `deletedBy_id`, `numeroPersonas`, `vida_capital`, `vida_fechaNacimiento`, `salud_provincia_id`, `salud_contratante_id`, `salud_fechaNacimiento1`, `salud_fechaNacimiento2`, `salud_fechaNacimiento3`, `salud_fechaNacimiento4`, `salud_fechaNacimiento5`, `salud_fechaNacimiento6`, `salud_fechaNacimiento7`, `salud_fechaNacimiento8`, `salud_fechaNacimiento9`, `salud_fechaNacimiento10`, `salud_edad1`, `salud_edad2`, `salud_edad3`, `salud_edad4`, `salud_edad5`, `salud_edad6`, `salud_edad7`, `salud_edad8`, `salud_edad9`, `salud_edad10`, `decesos_provincia_id_1`, `decesos_provincia_id_2`, `decesos_provincia_id_3`, `decesos_provincia_id_4`, `decesos_provincia_id_5`, `decesos_provincia_id_6`, `decesos_provincia_id_7`, `decesos_provincia_id_8`, `decesos_provincia_id_9`, `decesos_provincia_id_10`, `decesos_fechaNacimiento1`, `decesos_fechaNacimiento2`, `decesos_fechaNacimiento3`, `decesos_fechaNacimiento4`, `decesos_fechaNacimiento5`, `decesos_fechaNacimiento6`, `decesos_fechaNacimiento7`, `decesos_fechaNacimiento8`, `decesos_fechaNacimiento9`, `decesos_fechaNacimiento10`, `decesos_edad1`, `decesos_edad2`, `decesos_edad3`, `decesos_edad4`, `decesos_edad5`, `decesos_edad6`, `decesos_edad7`, `decesos_edad8`, `decesos_edad9`, `decesos_edad10`, `alquiler_rentaMensual`, `alquiler_valorAlquiler`) VALUES
(386, 10, 2, '2048567319', '2016-10-28 06:55:48', NULL, 0, 'ANA', '678273125', 'ana@coseba.com', 1, 0, 0, NULL, '{"12":{"id_cm":"17","prima_cm":49.54,"id_re":null,"prima_re":0},"13":{"id_cm":"18","prima_cm":50.96,"id_re":null,"prima_re":0},"14":{"id_cm":"19","prima_cm":49.5,"id_re":"20","prima_re":33.33}}', NULL, 1, NULL, NULL, 14, 4, NULL, NULL, NULL, NULL, NULL, NULL, NULL, NULL, NULL, NULL, 41, NULL, NULL, NULL, NULL, NULL, NULL, NULL, NULL, NULL, NULL, NULL, NULL, NULL, NULL, NULL, NULL, NULL, NULL, NULL, NULL, NULL, NULL, NULL, NULL, NULL, NULL, NULL, NULL, NULL, NULL, NULL, NULL, NULL, NULL, NULL, NULL, NULL, NULL, NULL, NULL, NULL),
(387, 10, 2, '4627301895', '2016-10-28 06:59:06', NULL, 0, 'silvia dancausa', '600000000', 'silvia@coseba.com', 1, 0, 0, NULL, '{"12":{"id_cm":"17","prima_cm":99.08,"id_re":null,"prima_re":0},"13":{"id_cm":"18","prima_cm":101.92,"id_re":null,"prima_re":0},"14":{"id_cm":"19","prima_cm":99,"id_re":"20","prima_re":66.66}}', NULL, 2, NULL, NULL, 14, 4, NULL, NULL, NULL, NULL, NULL, NULL, NULL, NULL, NULL, NULL, 42, 38, NULL, NULL, NULL, NULL, NULL, NULL, NULL, NULL, NULL, NULL, NULL, NULL, NULL, NULL, NULL, NULL, NULL, NULL, NULL, NULL, NULL, NULL, NULL, NULL, NULL, NULL, NULL, NULL, NULL, NULL, NULL, NULL, NULL, NULL, NULL, NULL, NULL, NULL, NULL, NULL),
(438, 10, 2, '5408192637', '2016-11-02 12:44:26', NULL, 0, 'ANA', '678273125', 'ana@coseba.com', 1, 0, 0, NULL, '{"12":{"id_cm":"17","prima_cm":49.54,"id_re":null,"prima_re":0},"13":{"id_cm":"18","prima_cm":50.96,"id_re":null,"prima_re":0},"14":{"id_cm":"19","prima_cm":49.5,"id_re":"20","prima_re":33.33}}', NULL, 1, NULL, NULL, 14, 4, NULL, NULL, NULL, NULL, NULL, NULL, NULL, NULL, NULL, NULL, 41, NULL, NULL, NULL, NULL, NULL, NULL, NULL, NULL, NULL, NULL, NULL, NULL, NULL, NULL, NULL, NULL, NULL, NULL, NULL, NULL, NULL, NULL, NULL, NULL, NULL, NULL, NULL, NULL, NULL, NULL, NULL, NULL, NULL, NULL, NULL, NULL, NULL, NULL, NULL, NULL, NULL),
(465, 10, 2, '7326591084', '2016-11-04 11:37:57', NULL, 0, 'silvia dancausa', '600000000', 'silvia@coseba.com', 1, 0, 0, NULL, '{"12":{"id_cm":"17","prima_cm":49.54,"id_re":null,"prima_re":0},"13":{"id_cm":"18","prima_cm":50.96,"id_re":null,"prima_re":0},"14":{"id_cm":"19","prima_cm":49.5,"id_re":"20","prima_re":33.33}}', NULL, 1, NULL, NULL, 14, 4, NULL, NULL, NULL, NULL, NULL, NULL, NULL, NULL, NULL, NULL, 26, NULL, NULL, NULL, NULL, NULL, NULL, NULL, NULL, NULL, NULL, NULL, NULL, NULL, NULL, NULL, NULL, NULL, NULL, NULL, NULL, NULL, NULL, NULL, NULL, NULL, NULL, NULL, NULL, NULL, NULL, NULL, NULL, NULL, NULL, NULL, NULL, NULL, NULL, NULL, NULL, NULL),
(520, 10, 2, '9754830612', '2016-11-16 11:45:06', NULL, 0, 'amador', '659661245', 'cmanager@coseba.com', 1, 0, 0, NULL, '{"14":{"id_cm":"19","prima_cm":49.5,"id_re":"20","prima_re":33.33}}', NULL, 1, NULL, NULL, 14, 4, NULL, NULL, NULL, NULL, NULL, NULL, NULL, NULL, NULL, NULL, 35, NULL, NULL, NULL, NULL, NULL, NULL, NULL, NULL, NULL, NULL, NULL, NULL, NULL, NULL, NULL, NULL, NULL, NULL, NULL, NULL, NULL, NULL, NULL, NULL, NULL, NULL, NULL, NULL, NULL, NULL, NULL, NULL, NULL, NULL, NULL, NULL, NULL, NULL, NULL, NULL, NULL),
(521, 10, 2, '0354618792', '2016-11-16 11:47:13', NULL, 0, 'amador', '659661245', 'cmanager@coseba.com', 1, 0, 0, NULL, '{"14":{"id_cm":"19","prima_cm":178,"id_re":"20","prima_re":116.62}}', NULL, 4, NULL, NULL, 14, 4, NULL, NULL, NULL, NULL, NULL, NULL, NULL, NULL, NULL, NULL, 35, 34, 10, 6, NULL, NULL, NULL, NULL, NULL, NULL, NULL, NULL, NULL, NULL, NULL, NULL, NULL, NULL, NULL, NULL, NULL, NULL, NULL, NULL, NULL, NULL, NULL, NULL, NULL, NULL, NULL, NULL, NULL, NULL, NULL, NULL, NULL, NULL, NULL, NULL, NULL, NULL),
(548, 10, 2, '1937586204', '2016-11-22 08:14:26', NULL, 0, 'amador', '659661245', 'cmanager@coseba.com', 1, 0, 0, NULL, '{"12":{"id_cm":"17","prima_cm":99.08,"id_re":null,"prima_re":0},"13":{"id_cm":"18","prima_cm":101.92,"id_re":null,"prima_re":0},"14":{"id_cm":"19","prima_cm":99,"id_re":"20","prima_re":66.66}}', NULL, 2, NULL, NULL, 14, 4, NULL, NULL, NULL, NULL, NULL, NULL, NULL, NULL, NULL, NULL, 34, 35, NULL, NULL, NULL, NULL, NULL, NULL, NULL, NULL, NULL, NULL, NULL, NULL, NULL, NULL, NULL, NULL, NULL, NULL, NULL, NULL, NULL, NULL, NULL, NULL, NULL, NULL, NULL, NULL, NULL, NULL, NULL, NULL, NULL, NULL, NULL, NULL, NULL, NULL, NULL, NULL),
(567, 4, 2, '0781635942', '2016-12-01 09:01:54', 15, 0, 'prueba', '666555444', 'mail@mail.com', 0, 0, 0, '2016-12-22 09:26:32', '{"1":{"id_cm":"1","prima_cm":52.15812,"id_re":"1","prima_re":52.15812},"15":{"id_cm":"21","prima_cm":60,"id_re":"37","prima_re":47},"17":{"id_cm":"25","prima_cm":44.92,"id_re":"26","prima_re":35.04},"26":{"id_cm":"27","prima_cm":55.733475,"id_re":"28","prima_re":51.326875},"28":{"id_cm":"31","prima_cm":42.38,"id_re":"31","prima_re":42.38},"29":{"id_cm":"19","prima_cm":49.5,"id_re":"20","prima_re":33.33},"31":{"id_cm":"36","prima_cm":55.7,"id_re":"36","prima_re":55.7},"32":{"id_cm":"38","prima_cm":65.77,"id_re":"39","prima_re":44.9}}', 15, 1, NULL, NULL, 46, 4, NULL, NULL, NULL, NULL, NULL, NULL, NULL, NULL, NULL, NULL, 41, NULL, NULL, NULL, NULL, NULL, NULL, NULL, NULL, NULL, NULL, NULL, NULL, NULL, NULL, NULL, NULL, NULL, NULL, NULL, NULL, NULL, NULL, NULL, NULL, NULL, NULL, NULL, NULL, NULL, NULL, NULL, NULL, NULL, NULL, NULL, NULL, NULL, NULL, NULL, NULL, NULL),
(568, 10, 2, '4539602817', '2016-12-01 12:53:51', 16, 0, 'jesus bravo', '961255555', 'jbravo@redess.es', 1, 0, 0, NULL, '{"12":{"id_cm":"17","prima_cm":49.54,"id_re":null,"prima_re":0},"13":{"id_cm":"18","prima_cm":50.96,"id_re":null,"prima_re":0},"14":{"id_cm":"19","prima_cm":49.5,"id_re":"20","prima_re":33.33}}', NULL, 1, NULL, NULL, 46, 4, NULL, NULL, NULL, NULL, NULL, NULL, NULL, NULL, NULL, NULL, 45, NULL, NULL, NULL, NULL, NULL, NULL, NULL, NULL, NULL, NULL, NULL, NULL, NULL, NULL, NULL, NULL, NULL, NULL, NULL, NULL, NULL, NULL, NULL, NULL, NULL, NULL, NULL, NULL, NULL, NULL, NULL, NULL, NULL, NULL, NULL, NULL, NULL, NULL, NULL, NULL, NULL),
(636, 4, 2, '2317654098', '2016-12-20 18:40:33', NULL, 0, 'jesus bravo', '961255555', 'jbravo@redess.es', 1, 0, 0, NULL, '{"1":{"id_cm":"1","prima_cm":52.15812,"id_re":"1","prima_re":52.15812},"15":{"id_cm":"21","prima_cm":60,"id_re":"37","prima_re":47},"17":{"id_cm":"25","prima_cm":44.92,"id_re":"26","prima_re":35.04},"26":{"id_cm":"27","prima_cm":55.733475,"id_re":"28","prima_re":51.326875},"28":{"id_cm":"31","prima_cm":42.38,"id_re":"31","prima_re":42.38},"29":{"id_cm":"19","prima_cm":49.5,"id_re":"20","prima_re":33.33},"31":{"id_cm":"36","prima_cm":55.7,"id_re":"36","prima_re":55.7},"32":{"id_cm":"38","prima_cm":65.77,"id_re":"39","prima_re":44.9}}', NULL, 1, NULL, NULL, 46, 4, NULL, NULL, NULL, NULL, NULL, NULL, NULL, NULL, NULL, NULL, 42, NULL, NULL, NULL, NULL, NULL, NULL, NULL, NULL, NULL, NULL, NULL, NULL, NULL, NULL, NULL, NULL, NULL, NULL, NULL, NULL, NULL, NULL, NULL, NULL, NULL, NULL, NULL, NULL, NULL, NULL, NULL, NULL, NULL, NULL, NULL, NULL, NULL, NULL, NULL, NULL, NULL),
(639, 4, 2, '6981734502', '2016-12-22 09:27:01', 15, 0, 'prueba 1', '666555444', 'emilio@redess.es', 1, 0, 0, NULL, '{"1":{"id_cm":"1","prima_cm":52.15812,"id_re":"1","prima_re":52.15812},"15":{"id_cm":"21","prima_cm":60,"id_re":"37","prima_re":47},"17":{"id_cm":"25","prima_cm":44.92,"id_re":"26","prima_re":35.04},"26":{"id_cm":"27","prima_cm":55.733475,"id_re":"28","prima_re":51.326875},"28":{"id_cm":"31","prima_cm":42.38,"id_re":"31","prima_re":42.38},"29":{"id_cm":"19","prima_cm":49.5,"id_re":"20","prima_re":33.33},"31":{"id_cm":"36","prima_cm":55.7,"id_re":"36","prima_re":55.7},"32":{"id_cm":"38","prima_cm":65.77,"id_re":"39","prima_re":44.9}}', NULL, 1, NULL, NULL, 46, 4, NULL, NULL, NULL, NULL, NULL, NULL, NULL, NULL, NULL, NULL, 44, NULL, NULL, NULL, NULL, NULL, NULL, NULL, NULL, NULL, NULL, NULL, NULL, NULL, NULL, NULL, NULL, NULL, NULL, NULL, NULL, NULL, NULL, NULL, NULL, NULL, NULL, NULL, NULL, NULL, NULL, NULL, NULL, NULL, NULL, NULL, NULL, NULL, NULL, NULL, NULL, NULL),
(640, 4, 2, '2168703549', '2016-12-22 09:28:03', 15, 0, 'prueba 2', '666555444', 'emilio@redess.es', 1, 0, 0, NULL, '{"1":{"id_cm":"1","prima_cm":52.15812,"id_re":"1","prima_re":52.15812},"15":{"id_cm":"21","prima_cm":60,"id_re":"37","prima_re":47},"17":{"id_cm":"25","prima_cm":44.92,"id_re":"26","prima_re":35.04},"26":{"id_cm":"27","prima_cm":55.733475,"id_re":"28","prima_re":51.326875},"28":{"id_cm":"31","prima_cm":42.38,"id_re":"31","prima_re":42.38},"29":{"id_cm":"19","prima_cm":49.5,"id_re":"20","prima_re":33.33},"31":{"id_cm":"36","prima_cm":55.7,"id_re":"36","prima_re":55.7},"32":{"id_cm":"38","prima_cm":65.77,"id_re":"39","prima_re":44.9}}', NULL, 1, NULL, NULL, 46, 4, NULL, NULL, NULL, NULL, NULL, NULL, NULL, NULL, NULL, NULL, 44, NULL, NULL, NULL, NULL, NULL, NULL, NULL, NULL, NULL, NULL, NULL, NULL, NULL, NULL, NULL, NULL, NULL, NULL, NULL, NULL, NULL, NULL, NULL, NULL, NULL, NULL, NULL, NULL, NULL, NULL, NULL, NULL, NULL, NULL, NULL, NULL, NULL, NULL, NULL, NULL, NULL),
(641, 4, 2, '2570684319', '2016-12-22 09:30:05', 15, 0, 'prueba 3', '666555444', 'emilio@redess.es', 1, 0, 0, NULL, '{"1":{"id_cm":"1","prima_cm":52.15812,"id_re":"1","prima_re":52.15812},"15":{"id_cm":"21","prima_cm":60,"id_re":"37","prima_re":47},"17":{"id_cm":"25","prima_cm":44.92,"id_re":"26","prima_re":35.04},"26":{"id_cm":"27","prima_cm":55.733475,"id_re":"28","prima_re":51.326875},"28":{"id_cm":"31","prima_cm":42.38,"id_re":"31","prima_re":42.38},"29":{"id_cm":"19","prima_cm":49.5,"id_re":"20","prima_re":33.33},"31":{"id_cm":"36","prima_cm":55.7,"id_re":"36","prima_re":55.7},"32":{"id_cm":"38","prima_cm":65.77,"id_re":"39","prima_re":44.9}}', NULL, 1, NULL, NULL, 46, 4, NULL, NULL, NULL, NULL, NULL, NULL, NULL, NULL, NULL, NULL, 44, NULL, NULL, NULL, NULL, NULL, NULL, NULL, NULL, NULL, NULL, NULL, NULL, NULL, NULL, NULL, NULL, NULL, NULL, NULL, NULL, NULL, NULL, NULL, NULL, NULL, NULL, NULL, NULL, NULL, NULL, NULL, NULL, NULL, NULL, NULL, NULL, NULL, NULL, NULL, NULL, NULL),
(642, 6, 2, '1065429378', '2016-12-22 09:32:43', NULL, 0, 'prueba 4', '666555444', 'emilio@redess.es', 1, 0, 0, NULL, '{"1":{"id_cm":"1","prima_cm":52.15812,"id_re":"1","prima_re":52.15812},"15":{"id_cm":"21","prima_cm":60,"id_re":"37","prima_re":47},"17":{"id_cm":"25","prima_cm":44.92,"id_re":"26","prima_re":35.04},"26":{"id_cm":"27","prima_cm":55.733475,"id_re":"28","prima_re":51.326875},"28":{"id_cm":"31","prima_cm":42.38,"id_re":"31","prima_re":42.38},"29":{"id_cm":"19","prima_cm":49.5,"id_re":"20","prima_re":33.33},"31":{"id_cm":"36","prima_cm":55.7,"id_re":"36","prima_re":55.7},"32":{"id_cm":"38","prima_cm":65.77,"id_re":"39","prima_re":44.9}}', NULL, 1, NULL, NULL, 46, 4, NULL, NULL, NULL, NULL, NULL, NULL, NULL, NULL, NULL, NULL, 44, NULL, NULL, NULL, NULL, NULL, NULL, NULL, NULL, NULL, NULL, NULL, NULL, NULL, NULL, NULL, NULL, NULL, NULL, NULL, NULL, NULL, NULL, NULL, NULL, NULL, NULL, NULL, NULL, NULL, NULL, NULL, NULL, NULL, NULL, NULL, NULL, NULL, NULL, NULL, NULL, NULL),
(644, 5, 7, '3851296704', '2016-12-22 16:10:28', NULL, 0, 'Jesús Bravo Carrillo', '615325759', 'seoredess@gmail.com', 1, 0, 0, NULL, '{"ramo_especial":"1","primas":{"45":291.95}}', NULL, NULL, NULL, NULL, NULL, NULL, NULL, NULL, NULL, NULL, NULL, NULL, NULL, NULL, NULL, NULL, NULL, NULL, NULL, NULL, NULL, NULL, NULL, NULL, NULL, NULL, NULL, NULL, NULL, NULL, NULL, NULL, NULL, NULL, NULL, NULL, NULL, NULL, NULL, NULL, NULL, NULL, NULL, NULL, NULL, NULL, NULL, NULL, NULL, NULL, NULL, NULL, NULL, NULL, NULL, NULL, NULL, NULL),
(671, 1, 6, '9741863502', '2016-12-28 12:27:50', NULL, 0, 'p4', '666222111', 'mail@mail.com', 1, 0, 0, NULL, '{"Producto interesado":"Da\\u00f1os a la atracci\\u00f3n","Tipo de seguro":"Seguro de feriantes"}', NULL, NULL, NULL, NULL, NULL, NULL, NULL, NULL, NULL, NULL, NULL, NULL, NULL, NULL, NULL, NULL, NULL, NULL, NULL, NULL, NULL, NULL, NULL, NULL, NULL, NULL, NULL, NULL, NULL, NULL, NULL, NULL, NULL, NULL, NULL, NULL, NULL, NULL, NULL, NULL, NULL, NULL, NULL, NULL, NULL, NULL, NULL, NULL, NULL, NULL, NULL, NULL, NULL, NULL, NULL, NULL, NULL, NULL),
(672, 1, 6, '9520487361', '2016-12-28 15:31:52', NULL, 0, 'prueba', '666222111', 'emilio@redess.es', 1, 0, 0, NULL, '{"Producto interesado":"Da\\u00f1os a la atracci\\u00f3n","Tipo de seguro":"Seguro de feriantes"}', NULL, NULL, NULL, NULL, NULL, NULL, NULL, NULL, NULL, NULL, NULL, NULL, NULL, NULL, NULL, NULL, NULL, NULL, NULL, NULL, NULL, NULL, NULL, NULL, NULL, NULL, NULL, NULL, NULL, NULL, NULL, NULL, NULL, NULL, NULL, NULL, NULL, NULL, NULL, NULL, NULL, NULL, NULL, NULL, NULL, NULL, NULL, NULL, NULL, NULL, NULL, NULL, NULL, NULL, NULL, NULL, NULL, NULL),
(673, 1, 6, '2045678913', '2016-12-28 16:26:19', NULL, 0, 'prueba', '666555444', 'emilio@redess.es', 1, 0, 0, NULL, '{"Producto interesado":"Responsabilidad civil","Tipo de seguro":"Seguro de feriantes"}', NULL, NULL, NULL, NULL, NULL, NULL, NULL, NULL, NULL, NULL, NULL, NULL, NULL, NULL, NULL, NULL, NULL, NULL, NULL, NULL, NULL, NULL, NULL, NULL, NULL, NULL, NULL, NULL, NULL, NULL, NULL, NULL, NULL, NULL, NULL, NULL, NULL, NULL, NULL, NULL, NULL, NULL, NULL, NULL, NULL, NULL, NULL, NULL, NULL, NULL, NULL, NULL, NULL, NULL, NULL, NULL, NULL, NULL),
(674, 1, 6, '6395804271', '2016-12-28 16:27:32', NULL, 0, 'prueba', '666555444', 'emilio@redess.es', 1, 0, 0, NULL, '{"Producto interesado":"Responsabilidad civil","Tipo de seguro":"Seguro de feriantes"}', NULL, NULL, NULL, NULL, NULL, NULL, NULL, NULL, NULL, NULL, NULL, NULL, NULL, NULL, NULL, NULL, NULL, NULL, NULL, NULL, NULL, NULL, NULL, NULL, NULL, NULL, NULL, NULL, NULL, NULL, NULL, NULL, NULL, NULL, NULL, NULL, NULL, NULL, NULL, NULL, NULL, NULL, NULL, NULL, NULL, NULL, NULL, NULL, NULL, NULL, NULL, NULL, NULL, NULL, NULL, NULL, NULL, NULL),
(675, 1, 6, '5079468312', '2016-12-28 16:33:01', NULL, 0, 'prueba', '666555444', 'emilio@redess.es', 1, 0, 0, NULL, '{"Producto interesado":"Responsabilidad civil","Tipo de seguro":"Seguro de feriantes"}', NULL, NULL, NULL, NULL, NULL, NULL, NULL, NULL, NULL, NULL, NULL, NULL, NULL, NULL, NULL, NULL, NULL, NULL, NULL, NULL, NULL, NULL, NULL, NULL, NULL, NULL, NULL, NULL, NULL, NULL, NULL, NULL, NULL, NULL, NULL, NULL, NULL, NULL, NULL, NULL, NULL, NULL, NULL, NULL, NULL, NULL, NULL, NULL, NULL, NULL, NULL, NULL, NULL, NULL, NULL, NULL, NULL, NULL),
(676, 1, 6, '0318759264', '2016-12-28 16:34:10', NULL, 0, 'prueba', '666555444', 'emilio@redess.es', 1, 0, 0, NULL, '{"Producto interesado":"Responsabilidad civil","Tipo de seguro":"Seguro de feriantes"}', NULL, NULL, NULL, NULL, NULL, NULL, NULL, NULL, NULL, NULL, NULL, NULL, NULL, NULL, NULL, NULL, NULL, NULL, NULL, NULL, NULL, NULL, NULL, NULL, NULL, NULL, NULL, NULL, NULL, NULL, NULL, NULL, NULL, NULL, NULL, NULL, NULL, NULL, NULL, NULL, NULL, NULL, NULL, NULL, NULL, NULL, NULL, NULL, NULL, NULL, NULL, NULL, NULL, NULL, NULL, NULL, NULL, NULL),
(677, 1, 6, '2590741863', '2016-12-28 16:45:05', NULL, 0, 'prueba', '666555444', 'emilio@redess.es', 1, 0, 0, NULL, '{"Producto interesado":"Responsabilidad civil","Tipo de seguro":"Seguro de feriantes"}', NULL, NULL, NULL, NULL, NULL, NULL, NULL, NULL, NULL, NULL, NULL, NULL, NULL, NULL, NULL, NULL, NULL, NULL, NULL, NULL, NULL, NULL, NULL, NULL, NULL, NULL, NULL, NULL, NULL, NULL, NULL, NULL, NULL, NULL, NULL, NULL, NULL, NULL, NULL, NULL, NULL, NULL, NULL, NULL, NULL, NULL, NULL, NULL, NULL, NULL, NULL, NULL, NULL, NULL, NULL, NULL, NULL, NULL),
(678, 1, 6, '3458216970', '2016-12-28 16:46:32', NULL, 0, 'prueba', '666555444', 'emilio@redess.es', 1, 0, 0, NULL, '{"Producto interesado":"Responsabilidad civil","Tipo de seguro":"Seguro de feriantes"}', NULL, NULL, NULL, NULL, NULL, NULL, NULL, NULL, NULL, NULL, NULL, NULL, NULL, NULL, NULL, NULL, NULL, NULL, NULL, NULL, NULL, NULL, NULL, NULL, NULL, NULL, NULL, NULL, NULL, NULL, NULL, NULL, NULL, NULL, NULL, NULL, NULL, NULL, NULL, NULL, NULL, NULL, NULL, NULL, NULL, NULL, NULL, NULL, NULL, NULL, NULL, NULL, NULL, NULL, NULL, NULL, NULL, NULL),
(679, 1, 6, '0491258367', '2016-12-29 09:50:39', NULL, 0, 'prueba', '555444333', 'emilio@redess.es', 1, 0, 0, NULL, '{"Producto interesado":"Seguro veh\\u00edculo","Tipo de seguro":"Seguro de feriantes"}', NULL, NULL, NULL, NULL, NULL, NULL, NULL, NULL, NULL, NULL, NULL, NULL, NULL, NULL, NULL, NULL, NULL, NULL, NULL, NULL, NULL, NULL, NULL, NULL, NULL, NULL, NULL, NULL, NULL, NULL, NULL, NULL, NULL, NULL, NULL, NULL, NULL, NULL, NULL, NULL, NULL, NULL, NULL, NULL, NULL, NULL, NULL, NULL, NULL, NULL, NULL, NULL, NULL, NULL, NULL, NULL, NULL, NULL),
(680, 1, 6, '3546901827', '2016-12-29 10:55:48', NULL, 0, 'jesus bravo', '961255555', 'jbravo@redess.es', 1, 0, 0, NULL, '{"Producto interesado":"Da\\u00f1os a la atracci\\u00f3n","Tipo de seguro":"Seguro de feriantes"}', NULL, NULL, NULL, NULL, NULL, NULL, NULL, NULL, NULL, NULL, NULL, NULL, NULL, NULL, NULL, NULL, NULL, NULL, NULL, NULL, NULL, NULL, NULL, NULL, NULL, NULL, NULL, NULL, NULL, NULL, NULL, NULL, NULL, NULL, NULL, NULL, NULL, NULL, NULL, NULL, NULL, NULL, NULL, NULL, NULL, NULL, NULL, NULL, NULL, NULL, NULL, NULL, NULL, NULL, NULL, NULL, NULL, NULL),
(681, 1, 6, '6537409281', '2016-12-29 12:05:03', NULL, 0, 'jjjfnnc', '963747998', 'jjd@stta.com', 1, 0, 0, NULL, '{"Producto interesado":"Responsabilidad civil","Tipo de seguro":"Seguro de feriantes"}', NULL, NULL, NULL, NULL, NULL, NULL, NULL, NULL, NULL, NULL, NULL, NULL, NULL, NULL, NULL, NULL, NULL, NULL, NULL, NULL, NULL, NULL, NULL, NULL, NULL, NULL, NULL, NULL, NULL, NULL, NULL, NULL, NULL, NULL, NULL, NULL, NULL, NULL, NULL, NULL, NULL, NULL, NULL, NULL, NULL, NULL, NULL, NULL, NULL, NULL, NULL, NULL, NULL, NULL, NULL, NULL, NULL, NULL),
(682, 1, 6, '1482935067', '2016-12-29 12:15:51', NULL, 0, 'prueba1', '666222111', 'emilio@redess.es', 1, 0, 0, NULL, '{"Producto interesado":"Da\\u00f1os a la atracci\\u00f3n","Tipo de seguro":"Seguro de feriantes"}', NULL, NULL, NULL, NULL, NULL, NULL, NULL, NULL, NULL, NULL, NULL, NULL, NULL, NULL, NULL, NULL, NULL, NULL, NULL, NULL, NULL, NULL, NULL, NULL, NULL, NULL, NULL, NULL, NULL, NULL, NULL, NULL, NULL, NULL, NULL, NULL, NULL, NULL, NULL, NULL, NULL, NULL, NULL, NULL, NULL, NULL, NULL, NULL, NULL, NULL, NULL, NULL, NULL, NULL, NULL, NULL, NULL, NULL),
(683, 1, 6, '0841732695', '2016-12-29 12:15:51', NULL, 0, 'prueba1', '666222111', 'emilio@redess.es', 1, 0, 0, NULL, '{"Producto interesado":"Da\\u00f1os a la atracci\\u00f3n","Tipo de seguro":"Seguro de feriantes"}', NULL, NULL, NULL, NULL, NULL, NULL, NULL, NULL, NULL, NULL, NULL, NULL, NULL, NULL, NULL, NULL, NULL, NULL, NULL, NULL, NULL, NULL, NULL, NULL, NULL, NULL, NULL, NULL, NULL, NULL, NULL, NULL, NULL, NULL, NULL, NULL, NULL, NULL, NULL, NULL, NULL, NULL, NULL, NULL, NULL, NULL, NULL, NULL, NULL, NULL, NULL, NULL, NULL, NULL, NULL, NULL, NULL, NULL),
(684, 1, 6, '0695487213', '2016-12-29 12:26:48', NULL, 0, 'prueba2', '666222111', 'emilio@redess.es', 1, 0, 0, NULL, '{"Producto interesado":"Seguro veh\\u00edculo","Tipo de seguro":"Seguro de feriantes"}', NULL, NULL, NULL, NULL, NULL, NULL, NULL, NULL, NULL, NULL, NULL, NULL, NULL, NULL, NULL, NULL, NULL, NULL, NULL, NULL, NULL, NULL, NULL, NULL, NULL, NULL, NULL, NULL, NULL, NULL, NULL, NULL, NULL, NULL, NULL, NULL, NULL, NULL, NULL, NULL, NULL, NULL, NULL, NULL, NULL, NULL, NULL, NULL, NULL, NULL, NULL, NULL, NULL, NULL, NULL, NULL, NULL, NULL),
(685, 1, 6, '9712580346', '2016-12-29 12:28:01', NULL, 0, 'prueba2', '666222111', 'emilio@redess.es', 1, 0, 0, NULL, '{"Producto interesado":"Seguro veh\\u00edculo","Tipo de seguro":"Seguro de feriantes"}', NULL, NULL, NULL, NULL, NULL, NULL, NULL, NULL, NULL, NULL, NULL, NULL, NULL, NULL, NULL, NULL, NULL, NULL, NULL, NULL, NULL, NULL, NULL, NULL, NULL, NULL, NULL, NULL, NULL, NULL, NULL, NULL, NULL, NULL, NULL, NULL, NULL, NULL, NULL, NULL, NULL, NULL, NULL, NULL, NULL, NULL, NULL, NULL, NULL, NULL, NULL, NULL, NULL, NULL, NULL, NULL, NULL, NULL),
(686, 1, 6, '9107683452', '2016-12-29 12:29:47', NULL, 0, 'prueba2', '666222111', 'emilio@redess.es', 1, 0, 0, NULL, '{"Producto interesado":"Seguro veh\\u00edculo","Tipo de seguro":"Seguro de feriantes"}', NULL, NULL, NULL, NULL, NULL, NULL, NULL, NULL, NULL, NULL, NULL, NULL, NULL, NULL, NULL, NULL, NULL, NULL, NULL, NULL, NULL, NULL, NULL, NULL, NULL, NULL, NULL, NULL, NULL, NULL, NULL, NULL, NULL, NULL, NULL, NULL, NULL, NULL, NULL, NULL, NULL, NULL, NULL, NULL, NULL, NULL, NULL, NULL, NULL, NULL, NULL, NULL, NULL, NULL, NULL, NULL, NULL, NULL),
(687, 1, 6, '2309417658', '2016-12-29 14:16:50', NULL, 0, 'Juan Pascual Roca ', '699291208', 'jproka@yahoo.es', 1, 0, 0, NULL, '{"Producto interesado":"Responsabilidad civil","Tipo de seguro":"Seguro de feriantes"}', NULL, NULL, NULL, NULL, NULL, NULL, NULL, NULL, NULL, NULL, NULL, NULL, NULL, NULL, NULL, NULL, NULL, NULL, NULL, NULL, NULL, NULL, NULL, NULL, NULL, NULL, NULL, NULL, NULL, NULL, NULL, NULL, NULL, NULL, NULL, NULL, NULL, NULL, NULL, NULL, NULL, NULL, NULL, NULL, NULL, NULL, NULL, NULL, NULL, NULL, NULL, NULL, NULL, NULL, NULL, NULL, NULL, NULL),
(706, 1, 6, '2856143097', '2016-12-30 16:26:32', NULL, 0, 'kassandra', '671203522', 'yanira69david@gmail.com', 1, 0, 0, NULL, '{"Producto interesado":"Da\\u00f1os a la atracci\\u00f3n","Tipo de seguro":"Seguro de feriantes"}', NULL, NULL, NULL, NULL, NULL, NULL, NULL, NULL, NULL, NULL, NULL, NULL, NULL, NULL, NULL, NULL, NULL, NULL, NULL, NULL, NULL, NULL, NULL, NULL, NULL, NULL, NULL, NULL, NULL, NULL, NULL, NULL, NULL, NULL, NULL, NULL, NULL, NULL, NULL, NULL, NULL, NULL, NULL, NULL, NULL, NULL, NULL, NULL, NULL, NULL, NULL, NULL, NULL, NULL, NULL, NULL, NULL, NULL),
(709, 5, 7, '8465912037', '2016-12-30 18:27:18', NULL, 0, 'prueba', '666555444', 'emilio@redess.es', 1, 0, 0, NULL, '{"ramo_especial":"1","primas":{"45":35.72}}', NULL, NULL, NULL, NULL, NULL, NULL, NULL, NULL, NULL, NULL, NULL, NULL, NULL, NULL, NULL, NULL, NULL, NULL, NULL, NULL, NULL, NULL, NULL, NULL, NULL, NULL, NULL, NULL, NULL, NULL, NULL, NULL, NULL, NULL, NULL, NULL, NULL, NULL, NULL, NULL, NULL, NULL, NULL, NULL, NULL, NULL, NULL, NULL, NULL, NULL, NULL, NULL, NULL, NULL, NULL, NULL, NULL, NULL),
(712, 1, 6, '3215679408', '2016-12-31 14:11:06', NULL, 0, 'Ivan sada espierrez ', '652674658', 'atraccionesisada@gmail.com', 1, 0, 0, NULL, '{"Producto interesado":"Da\\u00f1os a la atracci\\u00f3n","Tipo de seguro":"Seguro de feriantes"}', NULL, NULL, NULL, NULL, NULL, NULL, NULL, NULL, NULL, NULL, NULL, NULL, NULL, NULL, NULL, NULL, NULL, NULL, NULL, NULL, NULL, NULL, NULL, NULL, NULL, NULL, NULL, NULL, NULL, NULL, NULL, NULL, NULL, NULL, NULL, NULL, NULL, NULL, NULL, NULL, NULL, NULL, NULL, NULL, NULL, NULL, NULL, NULL, NULL, NULL, NULL, NULL, NULL, NULL, NULL, NULL, NULL, NULL),
(713, 5, 7, '4816379052', '2017-01-02 10:43:41', NULL, 0, 'jesus', '961255555', 'jbravo@redess.es', 1, 0, 0, NULL, '{"ramo_especial":"1","primas":{"45":11.9}}', NULL, NULL, NULL, NULL, NULL, NULL, NULL, NULL, NULL, NULL, NULL, NULL, NULL, NULL, NULL, NULL, NULL, NULL, NULL, NULL, NULL, NULL, NULL, NULL, NULL, NULL, NULL, NULL, NULL, NULL, NULL, NULL, NULL, NULL, NULL, NULL, NULL, NULL, NULL, NULL, NULL, NULL, NULL, NULL, NULL, NULL, NULL, NULL, NULL, NULL, NULL, NULL, NULL, NULL, NULL, NULL, NULL, NULL),
(753, 1, 6, '1482673509', '2017-01-03 14:34:21', NULL, 0, 'antoni dordi jorge', '663948505', 'antonidj73@hotmail.com', 1, 0, 0, NULL, '{"Producto interesado":"Accidentes","Tipo de seguro":"Seguro de feriantes"}', NULL, NULL, NULL, NULL, NULL, NULL, NULL, NULL, NULL, NULL, NULL, NULL, NULL, NULL, NULL, NULL, NULL, NULL, NULL, NULL, NULL, NULL, NULL, NULL, NULL, NULL, NULL, NULL, NULL, NULL, NULL, NULL, NULL, NULL, NULL, NULL, NULL, NULL, NULL, NULL, NULL, NULL, NULL, NULL, NULL, NULL, NULL, NULL, NULL, NULL, NULL, NULL, NULL, NULL, NULL, NULL, NULL, NULL),
(754, 4, 2, '7614095283', '2017-01-03 14:42:26', NULL, 0, 'Blanca Gallego', '963923470', 'blancagp8@yahoo.es', 1, 0, 0, NULL, '{"1":{"id_cm":"1","prima_cm":61.622295,"id_re":"1","prima_re":61.622295},"15":{"id_cm":"21","prima_cm":60,"id_re":"37","prima_re":47},"17":{"id_cm":"25","prima_cm":44.92,"id_re":"26","prima_re":35.04},"26":{"id_cm":"27","prima_cm":53.37995,"id_re":"28","prima_re":49.57425},"28":{"id_cm":"31","prima_cm":42.38,"id_re":"31","prima_re":42.38},"29":{"id_cm":"19","prima_cm":49.5,"id_re":"20","prima_re":33.33},"31":{"id_cm":"36","prima_cm":55.7,"id_re":"36","prima_re":55.7},"32":{"id_cm":"38","prima_cm":61.45,"id_re":"39","prima_re":40.9}}', NULL, 1, NULL, NULL, 46, 4, NULL, NULL, NULL, NULL, NULL, NULL, NULL, NULL, NULL, NULL, 30, NULL, NULL, NULL, NULL, NULL, NULL, NULL, NULL, NULL, NULL, NULL, NULL, NULL, NULL, NULL, NULL, NULL, NULL, NULL, NULL, NULL, NULL, NULL, NULL, NULL, NULL, NULL, NULL, NULL, NULL, NULL, NULL, NULL, NULL, NULL, NULL, NULL, NULL, NULL, NULL, NULL),
(755, 1, 6, '4682519370', '2017-01-03 16:04:08', NULL, 0, 'prueba', '670060509', 'sftb@starazona.com', 1, 0, 0, NULL, '{"Producto interesado":"Responsabilidad civil","Tipo de seguro":"Seguro de feriantes"}', NULL, NULL, NULL, NULL, NULL, NULL, NULL, NULL, NULL, NULL, NULL, NULL, NULL, NULL, NULL, NULL, NULL, NULL, NULL, NULL, NULL, NULL, NULL, NULL, NULL, NULL, NULL, NULL, NULL, NULL, NULL, NULL, NULL, NULL, NULL, NULL, NULL, NULL, NULL, NULL, NULL, NULL, NULL, NULL, NULL, NULL, NULL, NULL, NULL, NULL, NULL, NULL, NULL, NULL, NULL, NULL, NULL, NULL),
(756, 1, 6, '9253710648', '2017-01-03 16:04:42', NULL, 0, 'Jesús Bravo Carrillo', '615325759', 'seoredess@gmail.com', 1, 0, 0, NULL, '{"Producto interesado":"Seguro veh\\u00edculo","Tipo de seguro":"Seguro de feriantes"}', NULL, NULL, NULL, NULL, NULL, NULL, NULL, NULL, NULL, NULL, NULL, NULL, NULL, NULL, NULL, NULL, NULL, NULL, NULL, NULL, NULL, NULL, NULL, NULL, NULL, NULL, NULL, NULL, NULL, NULL, NULL, NULL, NULL, NULL, NULL, NULL, NULL, NULL, NULL, NULL, NULL, NULL, NULL, NULL, NULL, NULL, NULL, NULL, NULL, NULL, NULL, NULL, NULL, NULL, NULL, NULL, NULL, NULL),
(757, 1, 6, '7690352418', '2017-01-03 16:49:53', NULL, 0, 'Jesús Bravo Carrillo', '615325759', 'jbravo@redess.es', 1, 0, 0, NULL, '{"Producto interesado":"Responsabilidad civil","Tipo de seguro":"Seguro de feriantes"}', NULL, NULL, NULL, NULL, NULL, NULL, NULL, NULL, NULL, NULL, NULL, NULL, NULL, NULL, NULL, NULL, NULL, NULL, NULL, NULL, NULL, NULL, NULL, NULL, NULL, NULL, NULL, NULL, NULL, NULL, NULL, NULL, NULL, NULL, NULL, NULL, NULL, NULL, NULL, NULL, NULL, NULL, NULL, NULL, NULL, NULL, NULL, NULL, NULL, NULL, NULL, NULL, NULL, NULL, NULL, NULL, NULL, NULL),
(763, 4, 2, '6345201978', '2017-01-05 12:11:24', NULL, 0, 'A', '666666666', 'aaa@aaa.com', 1, 0, 0, NULL, '{"1":{"id_cm":"1","prima_cm":52.15812,"id_re":"1","prima_re":52.15812},"15":{"id_cm":"21","prima_cm":60,"id_re":"37","prima_re":47},"17":{"id_cm":"25","prima_cm":44.92,"id_re":"26","prima_re":35.04},"26":{"id_cm":"27","prima_cm":53.37995,"id_re":"28","prima_re":49.57425},"28":{"id_cm":"31","prima_cm":42.38,"id_re":"31","prima_re":42.38},"29":{"id_cm":"19","prima_cm":49.5,"id_re":"20","prima_re":33.33},"31":{"id_cm":"36","prima_cm":55.7,"id_re":"36","prima_re":55.7},"32":{"id_cm":"38","prima_cm":63.61,"id_re":"39","prima_re":42.9}}', NULL, 1, NULL, NULL, 46, 4, NULL, NULL, NULL, NULL, NULL, NULL, NULL, NULL, NULL, NULL, 35, NULL, NULL, NULL, NULL, NULL, NULL, NULL, NULL, NULL, NULL, NULL, NULL, NULL, NULL, NULL, NULL, NULL, NULL, NULL, NULL, NULL, NULL, NULL, NULL, NULL, NULL, NULL, NULL, NULL, NULL, NULL, NULL, NULL, NULL, NULL, NULL, NULL, NULL, NULL, NULL, NULL),
(764, 1, 6, '5724086391', '2017-01-05 17:20:33', NULL, 0, 'prueba', '670060509', 'sftb@starazona.com', 1, 0, 0, NULL, '{"Producto interesado":"Responsabilidad civil","Tipo de seguro":"Seguro de feriantes"}', NULL, NULL, NULL, NULL, NULL, NULL, NULL, NULL, NULL, NULL, NULL, NULL, NULL, NULL, NULL, NULL, NULL, NULL, NULL, NULL, NULL, NULL, NULL, NULL, NULL, NULL, NULL, NULL, NULL, NULL, NULL, NULL, NULL, NULL, NULL, NULL, NULL, NULL, NULL, NULL, NULL, NULL, NULL, NULL, NULL, NULL, NULL, NULL, NULL, NULL, NULL, NULL, NULL, NULL, NULL, NULL, NULL, NULL),
(765, 1, 6, '0582341976', '2017-01-07 20:08:04', NULL, 0, 'juan carlos', '620127094', 'jc.parraga@yahoo.es', 1, 0, 0, NULL, '{"Producto interesado":"Responsabilidad civil","Tipo de seguro":"Seguro de feriantes"}', NULL, NULL, NULL, NULL, NULL, NULL, NULL, NULL, NULL, NULL, NULL, NULL, NULL, NULL, NULL, NULL, NULL, NULL, NULL, NULL, NULL, NULL, NULL, NULL, NULL, NULL, NULL, NULL, NULL, NULL, NULL, NULL, NULL, NULL, NULL, NULL, NULL, NULL, NULL, NULL, NULL, NULL, NULL, NULL, NULL, NULL, NULL, NULL, NULL, NULL, NULL, NULL, NULL, NULL, NULL, NULL, NULL, NULL),
(766, 1, 6, '8471062359', '2017-01-10 12:29:39', NULL, 0, 'gabriel', '630840579', 'gabrieldice@hotmail.com', 1, 0, 0, NULL, '{"Producto interesado":"Otros","Tipo de seguro":"Seguro de feriantes"}', NULL, NULL, NULL, NULL, NULL, NULL, NULL, NULL, NULL, NULL, NULL, NULL, NULL, NULL, NULL, NULL, NULL, NULL, NULL, NULL, NULL, NULL, NULL, NULL, NULL, NULL, NULL, NULL, NULL, NULL, NULL, NULL, NULL, NULL, NULL, NULL, NULL, NULL, NULL, NULL, NULL, NULL, NULL, NULL, NULL, NULL, NULL, NULL, NULL, NULL, NULL, NULL, NULL, NULL, NULL, NULL, NULL, NULL),
(767, 1, 6, '2107436958', '2017-01-10 12:30:06', NULL, 0, 'gabriel', '630840579', 'gabrieldice@hotmail.com', 1, 0, 0, NULL, '{"Producto interesado":"Otros","Tipo de seguro":"Seguro de feriantes"}', NULL, NULL, NULL, NULL, NULL, NULL, NULL, NULL, NULL, NULL, NULL, NULL, NULL, NULL, NULL, NULL, NULL, NULL, NULL, NULL, NULL, NULL, NULL, NULL, NULL, NULL, NULL, NULL, NULL, NULL, NULL, NULL, NULL, NULL, NULL, NULL, NULL, NULL, NULL, NULL, NULL, NULL, NULL, NULL, NULL, NULL, NULL, NULL, NULL, NULL, NULL, NULL, NULL, NULL, NULL, NULL, NULL, NULL),
(769, 1, 6, '3876590124', '2017-01-11 14:09:30', NULL, 0, 'veronica Hernández. alonso', '609123189', 'vica1990@hotmail.com', 1, 0, 0, NULL, '{"Producto interesado":"Responsabilidad civil","Tipo de seguro":"Seguro de feriantes"}', NULL, NULL, NULL, NULL, NULL, NULL, NULL, NULL, NULL, NULL, NULL, NULL, NULL, NULL, NULL, NULL, NULL, NULL, NULL, NULL, NULL, NULL, NULL, NULL, NULL, NULL, NULL, NULL, NULL, NULL, NULL, NULL, NULL, NULL, NULL, NULL, NULL, NULL, NULL, NULL, NULL, NULL, NULL, NULL, NULL, NULL, NULL, NULL, NULL, NULL, NULL, NULL, NULL, NULL, NULL, NULL, NULL, NULL),
(770, 5, 7, '8720134569', '2017-01-11 17:13:37', NULL, 0, 'PRUEBA JUAN', '922296656', 'produccion@canarisk.es', 1, 0, 0, NULL, '{"ramo_especial":"1","primas":{"45":11.9}}', NULL, NULL, NULL, NULL, NULL, NULL, NULL, NULL, NULL, NULL, NULL, NULL, NULL, NULL, NULL, NULL, NULL, NULL, NULL, NULL, NULL, NULL, NULL, NULL, NULL, NULL, NULL, NULL, NULL, NULL, NULL, NULL, NULL, NULL, NULL, NULL, NULL, NULL, NULL, NULL, NULL, NULL, NULL, NULL, NULL, NULL, NULL, NULL, NULL, NULL, NULL, NULL, NULL, NULL, NULL, NULL, NULL, NULL),
(771, 5, 7, '8460251739', '2017-01-11 17:18:21', NULL, 0, 'PRUEBA JUAN', '922296656', 'produccion@canarisk.es', 1, 0, 0, NULL, '{"ramo_especial":"1","primas":{"45":35.72}}', NULL, NULL, NULL, NULL, NULL, NULL, NULL, NULL, NULL, NULL, NULL, NULL, NULL, NULL, NULL, NULL, NULL, NULL, NULL, NULL, NULL, NULL, NULL, NULL, NULL, NULL, NULL, NULL, NULL, NULL, NULL, NULL, NULL, NULL, NULL, NULL, NULL, NULL, NULL, NULL, NULL, NULL, NULL, NULL, NULL, NULL, NULL, NULL, NULL, NULL, NULL, NULL, NULL, NULL, NULL, NULL, NULL, NULL),
(772, 5, 7, '5198402376', '2017-01-11 17:18:40', NULL, 0, 'PRUEBA JUAN', '922296656', 'produccion@canarisk.es', 1, 0, 0, NULL, '{"ramo_especial":"1","primas":{"45":59.94}}', NULL, NULL, NULL, NULL, NULL, NULL, NULL, NULL, NULL, NULL, NULL, NULL, NULL, NULL, NULL, NULL, NULL, NULL, NULL, NULL, NULL, NULL, NULL, NULL, NULL, NULL, NULL, NULL, NULL, NULL, NULL, NULL, NULL, NULL, NULL, NULL, NULL, NULL, NULL, NULL, NULL, NULL, NULL, NULL, NULL, NULL, NULL, NULL, NULL, NULL, NULL, NULL, NULL, NULL, NULL, NULL, NULL, NULL),
(773, 5, 7, '9761820354', '2017-01-11 17:19:10', NULL, 0, 'PRUEBA JUAN', '922296656', 'produccion@canarisk.es', 1, 0, 0, NULL, '{"ramo_especial":"1","primas":{"45":132.6}}', NULL, NULL, NULL, NULL, NULL, NULL, NULL, NULL, NULL, NULL, NULL, NULL, NULL, NULL, NULL, NULL, NULL, NULL, NULL, NULL, NULL, NULL, NULL, NULL, NULL, NULL, NULL, NULL, NULL, NULL, NULL, NULL, NULL, NULL, NULL, NULL, NULL, NULL, NULL, NULL, NULL, NULL, NULL, NULL, NULL, NULL, NULL, NULL, NULL, NULL, NULL, NULL, NULL, NULL, NULL, NULL, NULL, NULL),
(777, 1, 6, '1230596487', '2017-01-14 19:35:51', NULL, 0, 'Angel gomez gonzalez', '630716048', 'ocioyeventosgomez@gmail.com', 1, 0, 0, NULL, '{"Producto interesado":"Da\\u00f1os a la atracci\\u00f3n","Tipo de seguro":"Seguro de feriantes"}', NULL, NULL, NULL, NULL, NULL, NULL, NULL, NULL, NULL, NULL, NULL, NULL, NULL, NULL, NULL, NULL, NULL, NULL, NULL, NULL, NULL, NULL, NULL, NULL, NULL, NULL, NULL, NULL, NULL, NULL, NULL, NULL, NULL, NULL, NULL, NULL, NULL, NULL, NULL, NULL, NULL, NULL, NULL, NULL, NULL, NULL, NULL, NULL, NULL, NULL, NULL, NULL, NULL, NULL, NULL, NULL, NULL, NULL),
(778, 1, 6, '2347518096', '2017-01-15 10:45:06', NULL, 0, 'Jorge igurra', '676918786', 'el.cagador@hotmail.com', 1, 0, 0, NULL, '{"Producto interesado":"Responsabilidad civil","Tipo de seguro":"Seguro de feriantes"}', NULL, NULL, NULL, NULL, NULL, NULL, NULL, NULL, NULL, NULL, NULL, NULL, NULL, NULL, NULL, NULL, NULL, NULL, NULL, NULL, NULL, NULL, NULL, NULL, NULL, NULL, NULL, NULL, NULL, NULL, NULL, NULL, NULL, NULL, NULL, NULL, NULL, NULL, NULL, NULL, NULL, NULL, NULL, NULL, NULL, NULL, NULL, NULL, NULL, NULL, NULL, NULL, NULL, NULL, NULL, NULL, NULL, NULL),
(779, 5, 7, '4238619570', '2017-01-16 11:24:35', NULL, 0, 'Juan Delgado', '922296656', 'produccion@canarisk.es', 1, 0, 0, NULL, '{"ramo_especial":"1","primas":{"45":11.9}}', NULL, NULL, NULL, NULL, NULL, NULL, NULL, NULL, NULL, NULL, NULL, NULL, NULL, NULL, NULL, NULL, NULL, NULL, NULL, NULL, NULL, NULL, NULL, NULL, NULL, NULL, NULL, NULL, NULL, NULL, NULL, NULL, NULL, NULL, NULL, NULL, NULL, NULL, NULL, NULL, NULL, NULL, NULL, NULL, NULL, NULL, NULL, NULL, NULL, NULL, NULL, NULL, NULL, NULL, NULL, NULL, NULL, NULL),
(780, 5, 7, '4738062519', '2017-01-16 11:27:13', NULL, 0, 'Juan Delgado', '922296656', 'produccion@canarisk.es', 1, 0, 0, NULL, '{"ramo_especial":"1","primas":{"45":26.71}}', NULL, NULL, NULL, NULL, NULL, NULL, NULL, NULL, NULL, NULL, NULL, NULL, NULL, NULL, NULL, NULL, NULL, NULL, NULL, NULL, NULL, NULL, NULL, NULL, NULL, NULL, NULL, NULL, NULL, NULL, NULL, NULL, NULL, NULL, NULL, NULL, NULL, NULL, NULL, NULL, NULL, NULL, NULL, NULL, NULL, NULL, NULL, NULL, NULL, NULL, NULL, NULL, NULL, NULL, NULL, NULL, NULL, NULL),
(781, 5, 7, '8425906173', '2017-01-16 11:27:45', NULL, 0, 'Juan Delgado', '922296656', 'produccion@canarisk.es', 1, 0, 0, NULL, '{"ramo_especial":"1","primas":{"45":31.85}}', NULL, NULL, NULL, NULL, NULL, NULL, NULL, NULL, NULL, NULL, NULL, NULL, NULL, NULL, NULL, NULL, NULL, NULL, NULL, NULL, NULL, NULL, NULL, NULL, NULL, NULL, NULL, NULL, NULL, NULL, NULL, NULL, NULL, NULL, NULL, NULL, NULL, NULL, NULL, NULL, NULL, NULL, NULL, NULL, NULL, NULL, NULL, NULL, NULL, NULL, NULL, NULL, NULL, NULL, NULL, NULL, NULL, NULL),
(782, 5, 7, '3619285704', '2017-01-16 11:33:47', NULL, 0, 'Juan Delgado', '922296656', 'produccion@canarisk.es', 1, 0, 0, NULL, '{"ramo_especial":"1","primas":{"45":31.85}}', NULL, NULL, NULL, NULL, NULL, NULL, NULL, NULL, NULL, NULL, NULL, NULL, NULL, NULL, NULL, NULL, NULL, NULL, NULL, NULL, NULL, NULL, NULL, NULL, NULL, NULL, NULL, NULL, NULL, NULL, NULL, NULL, NULL, NULL, NULL, NULL, NULL, NULL, NULL, NULL, NULL, NULL, NULL, NULL, NULL, NULL, NULL, NULL, NULL, NULL, NULL, NULL, NULL, NULL, NULL, NULL, NULL, NULL),
(783, 5, 7, '1035792648', '2017-01-16 13:15:47', NULL, 0, 'JESUS', '922296656', 'jcarballo@canarisk.es', 1, 0, 0, NULL, '{"ramo_especial":"1","primas":{"45":16.23}}', NULL, NULL, NULL, NULL, NULL, NULL, NULL, NULL, NULL, NULL, NULL, NULL, NULL, NULL, NULL, NULL, NULL, NULL, NULL, NULL, NULL, NULL, NULL, NULL, NULL, NULL, NULL, NULL, NULL, NULL, NULL, NULL, NULL, NULL, NULL, NULL, NULL, NULL, NULL, NULL, NULL, NULL, NULL, NULL, NULL, NULL, NULL, NULL, NULL, NULL, NULL, NULL, NULL, NULL, NULL, NULL, NULL, NULL),
(784, 5, 6, '5328906174', '2017-01-16 13:53:23', NULL, 0, 'JESUS CARBALLO BERMUDEZ', '922296656', 'jcarballo@canarisk.es', 1, 0, 0, NULL, '{"Tipo de seguro":"Seguro de accidentes"}', NULL, NULL, NULL, NULL, NULL, NULL, NULL, NULL, NULL, NULL, NULL, NULL, NULL, NULL, NULL, NULL, NULL, NULL, NULL, NULL, NULL, NULL, NULL, NULL, NULL, NULL, NULL, NULL, NULL, NULL, NULL, NULL, NULL, NULL, NULL, NULL, NULL, NULL, NULL, NULL, NULL, NULL, NULL, NULL, NULL, NULL, NULL, NULL, NULL, NULL, NULL, NULL, NULL, NULL, NULL, NULL, NULL, NULL),
(785, 5, 6, '8072315469', '2017-01-16 18:08:08', NULL, 0, 'juan', '922296656', 'produccion@canarisk.es', 1, 0, 0, NULL, '{"Tipo de seguro":"Seguro de accidentes"}', NULL, NULL, NULL, NULL, NULL, NULL, NULL, NULL, NULL, NULL, NULL, NULL, NULL, NULL, NULL, NULL, NULL, NULL, NULL, NULL, NULL, NULL, NULL, NULL, NULL, NULL, NULL, NULL, NULL, NULL, NULL, NULL, NULL, NULL, NULL, NULL, NULL, NULL, NULL, NULL, NULL, NULL, NULL, NULL, NULL, NULL, NULL, NULL, NULL, NULL, NULL, NULL, NULL, NULL, NULL, NULL, NULL, NULL),
(786, 1, 6, '9038246751', '2017-01-17 01:07:28', NULL, 0, 'Rafael Sanchez lopez ', '609485256', 'atraccionessanchezrafael@gmail.com', 1, 0, 0, NULL, '{"Producto interesado":"Responsabilidad civil","Tipo de seguro":"Seguro de feriantes"}', NULL, NULL, NULL, NULL, NULL, NULL, NULL, NULL, NULL, NULL, NULL, NULL, NULL, NULL, NULL, NULL, NULL, NULL, NULL, NULL, NULL, NULL, NULL, NULL, NULL, NULL, NULL, NULL, NULL, NULL, NULL, NULL, NULL, NULL, NULL, NULL, NULL, NULL, NULL, NULL, NULL, NULL, NULL, NULL, NULL, NULL, NULL, NULL, NULL, NULL, NULL, NULL, NULL, NULL, NULL, NULL, NULL, NULL),
(787, 1, 6, '4195736802', '2017-01-17 11:25:16', NULL, 0, 'Estefania fernandez barros', '664638112', 'santifani120710@gmail.com', 1, 0, 0, NULL, '{"Producto interesado":"Responsabilidad civil","Tipo de seguro":"Seguro de feriantes"}', NULL, NULL, NULL, NULL, NULL, NULL, NULL, NULL, NULL, NULL, NULL, NULL, NULL, NULL, NULL, NULL, NULL, NULL, NULL, NULL, NULL, NULL, NULL, NULL, NULL, NULL, NULL, NULL, NULL, NULL, NULL, NULL, NULL, NULL, NULL, NULL, NULL, NULL, NULL, NULL, NULL, NULL, NULL, NULL, NULL, NULL, NULL, NULL, NULL, NULL, NULL, NULL, NULL, NULL, NULL, NULL, NULL, NULL),
(788, 1, 6, '8963402715', '2017-01-18 14:31:38', NULL, 0, 'Manuel Fuentes Barata', '638493585', 'discosuperm@hotmail.es', 1, 0, 0, NULL, '{"Producto interesado":"Responsabilidad civil","Tipo de seguro":"Seguro de feriantes"}', NULL, NULL, NULL, NULL, NULL, NULL, NULL, NULL, NULL, NULL, NULL, NULL, NULL, NULL, NULL, NULL, NULL, NULL, NULL, NULL, NULL, NULL, NULL, NULL, NULL, NULL, NULL, NULL, NULL, NULL, NULL, NULL, NULL, NULL, NULL, NULL, NULL, NULL, NULL, NULL, NULL, NULL, NULL, NULL, NULL, NULL, NULL, NULL, NULL, NULL, NULL, NULL, NULL, NULL, NULL, NULL, NULL, NULL),
(794, 1, 6, '5249703816', '2017-01-22 23:42:19', NULL, 0, 'jose ramon duran amposta', '670818541', 'espectaculosdurma@gmail.com', 1, 0, 0, NULL, '{"Producto interesado":"Responsabilidad civil","Tipo de seguro":"Seguro de feriantes"}', NULL, NULL, NULL, NULL, NULL, NULL, NULL, NULL, NULL, NULL, NULL, NULL, NULL, NULL, NULL, NULL, NULL, NULL, NULL, NULL, NULL, NULL, NULL, NULL, NULL, NULL, NULL, NULL, NULL, NULL, NULL, NULL, NULL, NULL, NULL, NULL, NULL, NULL, NULL, NULL, NULL, NULL, NULL, NULL, NULL, NULL, NULL, NULL, NULL, NULL, NULL, NULL, NULL, NULL, NULL, NULL, NULL, NULL),
(795, 1, 6, '6924015387', '2017-01-22 23:42:19', NULL, 0, 'jose ramon duran amposta', '670818541', 'espectaculosdurma@gmail.com', 1, 0, 0, NULL, '{"Producto interesado":"Responsabilidad civil","Tipo de seguro":"Seguro de feriantes"}', NULL, NULL, NULL, NULL, NULL, NULL, NULL, NULL, NULL, NULL, NULL, NULL, NULL, NULL, NULL, NULL, NULL, NULL, NULL, NULL, NULL, NULL, NULL, NULL, NULL, NULL, NULL, NULL, NULL, NULL, NULL, NULL, NULL, NULL, NULL, NULL, NULL, NULL, NULL, NULL, NULL, NULL, NULL, NULL, NULL, NULL, NULL, NULL, NULL, NULL, NULL, NULL, NULL, NULL, NULL, NULL, NULL, NULL),
(796, 5, 2, '5430128769', '2017-01-23 11:51:29', 3, 0, 'prueba prueba', '666222111', 'emilio@redess.es', 1, 0, 0, NULL, '{"3":{"id_cm":"2","prima_cm":153.58,"id_re":"3","prima_re":202.35},"35":{"id_cm":"48","prima_cm":141.77,"id_re":"49","prima_re":225.01},"39":{"id_cm":"54","prima_cm":90,"id_re":"55","prima_re":127},"40":{"id_cm":"56","prima_cm":90,"id_re":"57","prima_re":127},"41":{"id_cm":"36","prima_cm":118.7,"id_re":"58","prima_re":179.05},"45":{"id_cm":"62","prima_cm":97.9,"id_re":"63","prima_re":123.9},"51":{"id_cm":"73","prima_cm":90,"id_re":"74","prima_re":100.3}}', NULL, 2, NULL, NULL, 46, 1, NULL, NULL, NULL, NULL, NULL, NULL, NULL, NULL, NULL, NULL, 50, 37, NULL, NULL, NULL, NULL, NULL, NULL, NULL, NULL, NULL, NULL, NULL, NULL, NULL, NULL, NULL, NULL, NULL, NULL, NULL, NULL, NULL, NULL, NULL, NULL, NULL, NULL, NULL, NULL, NULL, NULL, NULL, NULL, NULL, NULL, NULL, NULL, NULL, NULL, NULL, NULL),
(799, 5, 2, '5176038294', '2017-01-23 15:34:01', 3, 0, 'prueba', '666222111', 'emilio@redess.es', 1, 0, 0, NULL, '{"3":{"id_cm":"2","prima_cm":71.61,"id_re":"3","prima_re":94.15},"35":{"id_cm":"48","prima_cm":63.61,"id_re":"49","prima_re":98.43},"39":{"id_cm":"54","prima_cm":45,"id_re":"55","prima_re":63.5},"40":{"id_cm":"56","prima_cm":45,"id_re":"57","prima_re":63.5},"41":{"id_cm":"36","prima_cm":55.7,"id_re":"58","prima_re":83.39},"45":{"id_cm":"62","prima_cm":48.95,"id_re":"63","prima_re":61.95},"51":{"id_cm":"73","prima_cm":45,"id_re":"74","prima_re":50.15}}', NULL, 1, NULL, NULL, 2, 1, NULL, NULL, NULL, NULL, NULL, NULL, NULL, NULL, NULL, NULL, 42, NULL, NULL, NULL, NULL, NULL, NULL, NULL, NULL, NULL, NULL, NULL, NULL, NULL, NULL, NULL, NULL, NULL, NULL, NULL, NULL, NULL, NULL, NULL, NULL, NULL, NULL, NULL, NULL, NULL, NULL, NULL, NULL, NULL, NULL, NULL, NULL, NULL, NULL, NULL, NULL, NULL),
(800, 5, 2, '4630752981', '2017-01-23 15:41:43', 3, 0, 'prueba2', '666555444', 'emilio@redess.es', 1, 0, 0, NULL, '{"3":{"id_cm":"2","prima_cm":93.53,"id_re":"3","prima_re":126},"35":{"id_cm":"48","prima_cm":78.16,"id_re":"49","prima_re":126.58},"38":{"id_cm":"52","prima_cm":51,"id_re":"53","prima_re":79},"41":{"id_cm":"36","prima_cm":63,"id_re":"58","prima_re":95.66},"44":{"id_cm":"41","prima_cm":32,"id_re":"61","prima_re":45}}', NULL, 1, NULL, NULL, 6, 2, NULL, NULL, NULL, NULL, NULL, NULL, NULL, NULL, NULL, NULL, 53, NULL, NULL, NULL, NULL, NULL, NULL, NULL, NULL, NULL, NULL, NULL, NULL, NULL, NULL, NULL, NULL, NULL, NULL, NULL, NULL, NULL, NULL, NULL, NULL, NULL, NULL, NULL, NULL, NULL, NULL, NULL, NULL, NULL, NULL, NULL, NULL, NULL, NULL, NULL, NULL, NULL),
(801, 5, 2, '5407128693', '2017-01-23 15:44:51', 3, 0, 'prueba2', '666555444', 'emilio@redess.es', 1, 0, 0, NULL, '{"3":{"id_cm":"2","prima_cm":93.53,"id_re":"3","prima_re":126},"35":{"id_cm":"48","prima_cm":78.16,"id_re":"49","prima_re":126.58},"38":{"id_cm":"52","prima_cm":51,"id_re":"53","prima_re":79},"41":{"id_cm":"36","prima_cm":63,"id_re":"58","prima_re":95.66},"44":{"id_cm":"41","prima_cm":32,"id_re":"61","prima_re":45}}', NULL, 1, NULL, NULL, 6, 2, NULL, NULL, NULL, NULL, NULL, NULL, NULL, NULL, NULL, NULL, 53, NULL, NULL, NULL, NULL, NULL, NULL, NULL, NULL, NULL, NULL, NULL, NULL, NULL, NULL, NULL, NULL, NULL, NULL, NULL, NULL, NULL, NULL, NULL, NULL, NULL, NULL, NULL, NULL, NULL, NULL, NULL, NULL, NULL, NULL, NULL, NULL, NULL, NULL, NULL, NULL, NULL),
(802, 5, 2, '1427853069', '2017-01-23 15:45:30', 3, 0, 'prueba2', '666555444', 'emilio@redess.es', 1, 0, 0, NULL, '{"3":{"id_cm":"2","prima_cm":93.53,"id_re":"3","prima_re":126},"35":{"id_cm":"48","prima_cm":78.16,"id_re":"49","prima_re":126.58},"38":{"id_cm":"52","prima_cm":51,"id_re":"53","prima_re":79},"41":{"id_cm":"36","prima_cm":63,"id_re":"58","prima_re":95.66},"44":{"id_cm":"41","prima_cm":32,"id_re":"61","prima_re":45}}', NULL, 1, NULL, NULL, 6, 2, NULL, NULL, NULL, NULL, NULL, NULL, NULL, NULL, NULL, NULL, 53, NULL, NULL, NULL, NULL, NULL, NULL, NULL, NULL, NULL, NULL, NULL, NULL, NULL, NULL, NULL, NULL, NULL, NULL, NULL, NULL, NULL, NULL, NULL, NULL, NULL, NULL, NULL, NULL, NULL, NULL, NULL, NULL, NULL, NULL, NULL, NULL, NULL, NULL, NULL, NULL, NULL),
(803, 5, 2, '0278916345', '2017-01-23 15:45:55', 3, 0, 'prueba3', '666555444', 'emilio@redess.es', 1, 0, 0, NULL, '{"3":{"id_cm":"2","prima_cm":64.28,"id_re":"3","prima_re":78.46},"35":{"id_cm":"48","prima_cm":63.61,"id_re":"49","prima_re":98.43},"38":{"id_cm":"52","prima_cm":51,"id_re":"53","prima_re":79},"41":{"id_cm":"36","prima_cm":55.7,"id_re":"58","prima_re":70.6},"44":{"id_cm":"41","prima_cm":32,"id_re":"61","prima_re":45}}', NULL, 1, NULL, NULL, 2, 2, NULL, NULL, NULL, NULL, NULL, NULL, NULL, NULL, NULL, NULL, 29, NULL, NULL, NULL, NULL, NULL, NULL, NULL, NULL, NULL, NULL, NULL, NULL, NULL, NULL, NULL, NULL, NULL, NULL, NULL, NULL, NULL, NULL, NULL, NULL, NULL, NULL, NULL, NULL, NULL, NULL, NULL, NULL, NULL, NULL, NULL, NULL, NULL, NULL, NULL, NULL, NULL),
(804, 5, 2, '9245360781', '2017-01-23 15:48:43', 3, 0, 'prueba3', '666555444', 'emilio@redess.es', 1, 0, 0, NULL, '{"3":{"id_cm":"2","prima_cm":64.28,"id_re":"3","prima_re":78.46},"35":{"id_cm":"48","prima_cm":63.61,"id_re":"49","prima_re":98.43},"38":{"id_cm":"52","prima_cm":51,"id_re":"53","prima_re":79},"41":{"id_cm":"36","prima_cm":55.7,"id_re":"58","prima_re":70.6},"44":{"id_cm":"41","prima_cm":32,"id_re":"61","prima_re":45}}', NULL, 1, NULL, NULL, 2, 2, NULL, NULL, NULL, NULL, NULL, NULL, NULL, NULL, NULL, NULL, 29, NULL, NULL, NULL, NULL, NULL, NULL, NULL, NULL, NULL, NULL, NULL, NULL, NULL, NULL, NULL, NULL, NULL, NULL, NULL, NULL, NULL, NULL, NULL, NULL, NULL, NULL, NULL, NULL, NULL, NULL, NULL, NULL, NULL, NULL, NULL, NULL, NULL, NULL, NULL, NULL, NULL),
(805, 5, 2, '6310928457', '2017-01-23 15:49:33', 3, 0, 'prueba3', '666555444', 'emilio@redess.es', 1, 0, 0, NULL, '{"3":{"id_cm":"2","prima_cm":64.28,"id_re":"3","prima_re":78.46},"35":{"id_cm":"48","prima_cm":63.61,"id_re":"49","prima_re":98.43},"38":{"id_cm":"52","prima_cm":51,"id_re":"53","prima_re":79},"41":{"id_cm":"36","prima_cm":55.7,"id_re":"58","prima_re":70.6},"44":{"id_cm":"41","prima_cm":32,"id_re":"61","prima_re":45}}', NULL, 1, NULL, NULL, 2, 2, NULL, NULL, NULL, NULL, NULL, NULL, NULL, NULL, NULL, NULL, 29, NULL, NULL, NULL, NULL, NULL, NULL, NULL, NULL, NULL, NULL, NULL, NULL, NULL, NULL, NULL, NULL, NULL, NULL, NULL, NULL, NULL, NULL, NULL, NULL, NULL, NULL, NULL, NULL, NULL, NULL, NULL, NULL, NULL, NULL, NULL, NULL, NULL, NULL, NULL, NULL, NULL),
(806, 5, 2, '2465109378', '2017-01-23 15:53:42', 3, 0, 'prueba3', '666555444', 'emilio@redess.es', 1, 0, 0, NULL, '{"3":{"id_cm":"2","prima_cm":64.28,"id_re":"3","prima_re":78.46},"35":{"id_cm":"48","prima_cm":63.61,"id_re":"49","prima_re":98.43},"38":{"id_cm":"52","prima_cm":51,"id_re":"53","prima_re":79},"41":{"id_cm":"36","prima_cm":55.7,"id_re":"58","prima_re":70.6},"44":{"id_cm":"41","prima_cm":32,"id_re":"61","prima_re":45}}', NULL, 1, NULL, NULL, 2, 2, NULL, NULL, NULL, NULL, NULL, NULL, NULL, NULL, NULL, NULL, 29, NULL, NULL, NULL, NULL, NULL, NULL, NULL, NULL, NULL, NULL, NULL, NULL, NULL, NULL, NULL, NULL, NULL, NULL, NULL, NULL, NULL, NULL, NULL, NULL, NULL, NULL, NULL, NULL, NULL, NULL, NULL, NULL, NULL, NULL, NULL, NULL, NULL, NULL, NULL, NULL, NULL),
(807, 5, 2, '9357128406', '2017-01-23 15:56:22', 3, 0, 'prueba7', '666555444', 'emilio@redess.es', 1, 0, 0, NULL, '{"3":{"id_cm":"2","prima_cm":85.81,"id_re":"3","prima_re":113.9},"35":{"id_cm":"48","prima_cm":78.16,"id_re":"49","prima_re":126.58},"39":{"id_cm":"54","prima_cm":45,"id_re":"55","prima_re":63.5},"40":{"id_cm":"56","prima_cm":45,"id_re":"57","prima_re":63.5},"41":{"id_cm":"36","prima_cm":63,"id_re":"58","prima_re":95.66},"45":{"id_cm":"62","prima_cm":48.95,"id_re":"63","prima_re":61.95},"51":{"id_cm":"73","prima_cm":45,"id_re":"74","prima_re":50.15}}', NULL, 1, NULL, NULL, 2, 1, NULL, NULL, NULL, NULL, NULL, NULL, NULL, NULL, NULL, NULL, 50, NULL, NULL, NULL, NULL, NULL, NULL, NULL, NULL, NULL, NULL, NULL, NULL, NULL, NULL, NULL, NULL, NULL, NULL, NULL, NULL, NULL, NULL, NULL, NULL, NULL, NULL, NULL, NULL, NULL, NULL, NULL, NULL, NULL, NULL, NULL, NULL, NULL, NULL, NULL, NULL, NULL);
INSERT INTO `tarificaciones` (`id`, `correduria_id`, `ramo_id`, `codigo_tarificacion`, `fecha_creacion`, `creada_por`, `numMensajes`, `nombre_completo`, `telefono`, `email`, `activo`, `documentacionEnviada`, `contratada`, `fecha_borrado`, `data`, `deletedBy_id`, `numeroPersonas`, `vida_capital`, `vida_fechaNacimiento`, `salud_provincia_id`, `salud_contratante_id`, `salud_fechaNacimiento1`, `salud_fechaNacimiento2`, `salud_fechaNacimiento3`, `salud_fechaNacimiento4`, `salud_fechaNacimiento5`, `salud_fechaNacimiento6`, `salud_fechaNacimiento7`, `salud_fechaNacimiento8`, `salud_fechaNacimiento9`, `salud_fechaNacimiento10`, `salud_edad1`, `salud_edad2`, `salud_edad3`, `salud_edad4`, `salud_edad5`, `salud_edad6`, `salud_edad7`, `salud_edad8`, `salud_edad9`, `salud_edad10`, `decesos_provincia_id_1`, `decesos_provincia_id_2`, `decesos_provincia_id_3`, `decesos_provincia_id_4`, `decesos_provincia_id_5`, `decesos_provincia_id_6`, `decesos_provincia_id_7`, `decesos_provincia_id_8`, `decesos_provincia_id_9`, `decesos_provincia_id_10`, `decesos_fechaNacimiento1`, `decesos_fechaNacimiento2`, `decesos_fechaNacimiento3`, `decesos_fechaNacimiento4`, `decesos_fechaNacimiento5`, `decesos_fechaNacimiento6`, `decesos_fechaNacimiento7`, `decesos_fechaNacimiento8`, `decesos_fechaNacimiento9`, `decesos_fechaNacimiento10`, `decesos_edad1`, `decesos_edad2`, `decesos_edad3`, `decesos_edad4`, `decesos_edad5`, `decesos_edad6`, `decesos_edad7`, `decesos_edad8`, `decesos_edad9`, `decesos_edad10`, `alquiler_rentaMensual`, `alquiler_valorAlquiler`) VALUES
(808, 5, 2, '6301294587', '2017-01-23 16:00:15', 3, 0, 'prueba8', '666555444', 'emilio@redess.es', 1, 0, 0, NULL, '{"3":{"id_cm":"2","prima_cm":68.92,"id_re":"3","prima_re":90.5},"35":{"id_cm":"48","prima_cm":63.61,"id_re":"49","prima_re":98.43},"39":{"id_cm":"54","prima_cm":45,"id_re":"55","prima_re":63.5},"40":{"id_cm":"56","prima_cm":45,"id_re":"57","prima_re":63.5},"41":{"id_cm":"36","prima_cm":55.7,"id_re":"58","prima_re":83.39},"45":{"id_cm":"62","prima_cm":48.95,"id_re":"63","prima_re":61.95},"51":{"id_cm":"73","prima_cm":45,"id_re":"74","prima_re":50.15}}', NULL, 1, NULL, NULL, 49, 1, NULL, NULL, NULL, NULL, NULL, NULL, NULL, NULL, NULL, NULL, 39, NULL, NULL, NULL, NULL, NULL, NULL, NULL, NULL, NULL, NULL, NULL, NULL, NULL, NULL, NULL, NULL, NULL, NULL, NULL, NULL, NULL, NULL, NULL, NULL, NULL, NULL, NULL, NULL, NULL, NULL, NULL, NULL, NULL, NULL, NULL, NULL, NULL, NULL, NULL, NULL, NULL),
(809, 5, 2, '0574896321', '2017-01-23 16:08:19', 3, 0, 'prueba8', '666555444', 'emilio@redess.es', 1, 0, 0, NULL, '{"3":{"id_cm":"2","prima_cm":68.92,"id_re":"3","prima_re":90.5},"35":{"id_cm":"48","prima_cm":63.61,"id_re":"49","prima_re":98.43},"39":{"id_cm":"54","prima_cm":45,"id_re":"55","prima_re":63.5},"40":{"id_cm":"56","prima_cm":45,"id_re":"57","prima_re":63.5},"41":{"id_cm":"36","prima_cm":55.7,"id_re":"58","prima_re":83.39},"45":{"id_cm":"62","prima_cm":48.95,"id_re":"63","prima_re":61.95},"51":{"id_cm":"73","prima_cm":45,"id_re":"74","prima_re":50.15}}', NULL, 1, NULL, NULL, 49, 1, NULL, NULL, NULL, NULL, NULL, NULL, NULL, NULL, NULL, NULL, 39, NULL, NULL, NULL, NULL, NULL, NULL, NULL, NULL, NULL, NULL, NULL, NULL, NULL, NULL, NULL, NULL, NULL, NULL, NULL, NULL, NULL, NULL, NULL, NULL, NULL, NULL, NULL, NULL, NULL, NULL, NULL, NULL, NULL, NULL, NULL, NULL, NULL, NULL, NULL, NULL, NULL),
(810, 5, 2, '4108639275', '2017-01-23 16:10:33', 3, 0, 'prueba8', '666555444', 'emilio@redess.es', 1, 0, 0, NULL, '{"3":{"id_cm":"2","prima_cm":68.92,"id_re":"3","prima_re":90.5},"35":{"id_cm":"48","prima_cm":63.61,"id_re":"49","prima_re":98.43},"39":{"id_cm":"54","prima_cm":45,"id_re":"55","prima_re":63.5},"40":{"id_cm":"56","prima_cm":45,"id_re":"57","prima_re":63.5},"41":{"id_cm":"36","prima_cm":55.7,"id_re":"58","prima_re":83.39},"45":{"id_cm":"62","prima_cm":48.95,"id_re":"63","prima_re":61.95},"51":{"id_cm":"73","prima_cm":45,"id_re":"74","prima_re":50.15}}', NULL, 1, NULL, NULL, 49, 1, NULL, NULL, NULL, NULL, NULL, NULL, NULL, NULL, NULL, NULL, 39, NULL, NULL, NULL, NULL, NULL, NULL, NULL, NULL, NULL, NULL, NULL, NULL, NULL, NULL, NULL, NULL, NULL, NULL, NULL, NULL, NULL, NULL, NULL, NULL, NULL, NULL, NULL, NULL, NULL, NULL, NULL, NULL, NULL, NULL, NULL, NULL, NULL, NULL, NULL, NULL, NULL),
(811, 5, 2, '6015397824', '2017-01-23 16:13:37', 3, 0, 'prueba8', '666555444', 'emilio@redess.es', 1, 0, 0, NULL, '{"3":{"id_cm":"2","prima_cm":68.92,"id_re":"3","prima_re":90.5},"35":{"id_cm":"48","prima_cm":63.61,"id_re":"49","prima_re":98.43},"39":{"id_cm":"54","prima_cm":45,"id_re":"55","prima_re":63.5},"40":{"id_cm":"56","prima_cm":45,"id_re":"57","prima_re":63.5},"41":{"id_cm":"36","prima_cm":55.7,"id_re":"58","prima_re":83.39},"45":{"id_cm":"62","prima_cm":48.95,"id_re":"63","prima_re":61.95},"51":{"id_cm":"73","prima_cm":45,"id_re":"74","prima_re":50.15}}', NULL, 1, NULL, NULL, 49, 1, NULL, NULL, NULL, NULL, NULL, NULL, NULL, NULL, NULL, NULL, 39, NULL, NULL, NULL, NULL, NULL, NULL, NULL, NULL, NULL, NULL, NULL, NULL, NULL, NULL, NULL, NULL, NULL, NULL, NULL, NULL, NULL, NULL, NULL, NULL, NULL, NULL, NULL, NULL, NULL, NULL, NULL, NULL, NULL, NULL, NULL, NULL, NULL, NULL, NULL, NULL, NULL),
(812, 5, 2, '6720391845', '2017-01-23 16:16:28', 3, 0, 'prueba8', '666555444', 'emilio@redess.es', 1, 0, 0, NULL, '{"3":{"id_cm":"2","prima_cm":68.92,"id_re":"3","prima_re":90.5},"35":{"id_cm":"48","prima_cm":63.61,"id_re":"49","prima_re":98.43},"39":{"id_cm":"54","prima_cm":45,"id_re":"55","prima_re":63.5},"40":{"id_cm":"56","prima_cm":45,"id_re":"57","prima_re":63.5},"41":{"id_cm":"36","prima_cm":55.7,"id_re":"58","prima_re":83.39},"45":{"id_cm":"62","prima_cm":48.95,"id_re":"63","prima_re":61.95},"51":{"id_cm":"73","prima_cm":45,"id_re":"74","prima_re":50.15}}', NULL, 1, NULL, NULL, 49, 1, NULL, NULL, NULL, NULL, NULL, NULL, NULL, NULL, NULL, NULL, 39, NULL, NULL, NULL, NULL, NULL, NULL, NULL, NULL, NULL, NULL, NULL, NULL, NULL, NULL, NULL, NULL, NULL, NULL, NULL, NULL, NULL, NULL, NULL, NULL, NULL, NULL, NULL, NULL, NULL, NULL, NULL, NULL, NULL, NULL, NULL, NULL, NULL, NULL, NULL, NULL, NULL),
(813, 1, 6, '6738921540', '2017-01-23 16:17:54', NULL, 0, 'Ricardo utrilla Quesada', '629347338', 'atraccionesutrilla@gmail.com', 1, 0, 0, NULL, '{"Producto interesado":"Da\\u00f1os a la atracci\\u00f3n","Tipo de seguro":"Seguro de feriantes"}', NULL, NULL, NULL, NULL, NULL, NULL, NULL, NULL, NULL, NULL, NULL, NULL, NULL, NULL, NULL, NULL, NULL, NULL, NULL, NULL, NULL, NULL, NULL, NULL, NULL, NULL, NULL, NULL, NULL, NULL, NULL, NULL, NULL, NULL, NULL, NULL, NULL, NULL, NULL, NULL, NULL, NULL, NULL, NULL, NULL, NULL, NULL, NULL, NULL, NULL, NULL, NULL, NULL, NULL, NULL, NULL, NULL, NULL),
(814, 5, 2, '7391250468', '2017-01-23 16:25:15', 3, 0, 'prueba8', '666555444', 'emilio@redess.es', 1, 0, 0, NULL, '{"3":{"id_cm":"2","prima_cm":68.92,"id_re":"3","prima_re":90.5},"35":{"id_cm":"48","prima_cm":63.61,"id_re":"49","prima_re":98.43},"39":{"id_cm":"54","prima_cm":45,"id_re":"55","prima_re":63.5},"40":{"id_cm":"56","prima_cm":45,"id_re":"57","prima_re":63.5},"41":{"id_cm":"36","prima_cm":55.7,"id_re":"58","prima_re":83.39},"45":{"id_cm":"62","prima_cm":48.95,"id_re":"63","prima_re":61.95},"51":{"id_cm":"73","prima_cm":45,"id_re":"74","prima_re":50.15}}', NULL, 1, NULL, NULL, 49, 1, NULL, NULL, NULL, NULL, NULL, NULL, NULL, NULL, NULL, NULL, 39, NULL, NULL, NULL, NULL, NULL, NULL, NULL, NULL, NULL, NULL, NULL, NULL, NULL, NULL, NULL, NULL, NULL, NULL, NULL, NULL, NULL, NULL, NULL, NULL, NULL, NULL, NULL, NULL, NULL, NULL, NULL, NULL, NULL, NULL, NULL, NULL, NULL, NULL, NULL, NULL, NULL),
(815, 5, 2, '3165748092', '2017-01-23 16:29:00', 3, 0, 'prueba9', '666222333', 'emilio@redess.es', 1, 0, 0, NULL, '{"3":{"id_cm":"2","prima_cm":132.58,"id_re":"3","prima_re":167.92},"35":{"id_cm":"48","prima_cm":127.22,"id_re":"49","prima_re":196.86},"39":{"id_cm":"54","prima_cm":90,"id_re":"55","prima_re":127},"40":{"id_cm":"56","prima_cm":90,"id_re":"57","prima_re":127},"41":{"id_cm":"36","prima_cm":111.4,"id_re":"58","prima_re":153.99},"45":{"id_cm":"62","prima_cm":97.9,"id_re":"63","prima_re":123.9},"51":{"id_cm":"73","prima_cm":90,"id_re":"74","prima_re":100.3}}', NULL, 2, NULL, NULL, 2, 1, NULL, NULL, NULL, NULL, NULL, NULL, NULL, NULL, NULL, NULL, 38, 29, NULL, NULL, NULL, NULL, NULL, NULL, NULL, NULL, NULL, NULL, NULL, NULL, NULL, NULL, NULL, NULL, NULL, NULL, NULL, NULL, NULL, NULL, NULL, NULL, NULL, NULL, NULL, NULL, NULL, NULL, NULL, NULL, NULL, NULL, NULL, NULL, NULL, NULL, NULL, NULL),
(816, 5, 2, '3627894510', '2017-01-23 16:35:40', NULL, 0, 'prueba prueba', '666222111', 'emilio@redess.es', 1, 0, 0, NULL, '{"3":{"id_cm":"2","prima_cm":153.58,"id_re":"3","prima_re":202.35},"35":{"id_cm":"48","prima_cm":141.77,"id_re":"49","prima_re":225.01},"39":{"id_cm":"54","prima_cm":90,"id_re":"55","prima_re":127},"40":{"id_cm":"56","prima_cm":90,"id_re":"57","prima_re":127},"41":{"id_cm":"36","prima_cm":118.7,"id_re":"58","prima_re":179.05},"45":{"id_cm":"62","prima_cm":97.9,"id_re":"63","prima_re":123.9},"51":{"id_cm":"73","prima_cm":90,"id_re":"74","prima_re":100.3}}', NULL, 2, NULL, NULL, 49, 1, NULL, NULL, NULL, NULL, NULL, NULL, NULL, NULL, NULL, NULL, 50, 37, NULL, NULL, NULL, NULL, NULL, NULL, NULL, NULL, NULL, NULL, NULL, NULL, NULL, NULL, NULL, NULL, NULL, NULL, NULL, NULL, NULL, NULL, NULL, NULL, NULL, NULL, NULL, NULL, NULL, NULL, NULL, NULL, NULL, NULL, NULL, NULL, NULL, NULL, NULL, NULL),
(817, 5, 2, '3849750621', '2017-01-23 16:35:57', NULL, 0, 'prueba prueba', '666222111', 'emilio@redess.es', 1, 0, 0, NULL, '{"3":{"id_cm":"2","prima_cm":153.58,"id_re":"3","prima_re":202.35},"35":{"id_cm":"48","prima_cm":141.77,"id_re":"49","prima_re":225.01},"39":{"id_cm":"54","prima_cm":90,"id_re":"55","prima_re":127},"40":{"id_cm":"56","prima_cm":90,"id_re":"57","prima_re":127},"41":{"id_cm":"36","prima_cm":118.7,"id_re":"58","prima_re":179.05},"45":{"id_cm":"62","prima_cm":97.9,"id_re":"63","prima_re":123.9},"51":{"id_cm":"73","prima_cm":90,"id_re":"74","prima_re":100.3}}', NULL, 2, NULL, NULL, 49, 1, NULL, NULL, NULL, NULL, NULL, NULL, NULL, NULL, NULL, NULL, 50, 37, NULL, NULL, NULL, NULL, NULL, NULL, NULL, NULL, NULL, NULL, NULL, NULL, NULL, NULL, NULL, NULL, NULL, NULL, NULL, NULL, NULL, NULL, NULL, NULL, NULL, NULL, NULL, NULL, NULL, NULL, NULL, NULL, NULL, NULL, NULL, NULL, NULL, NULL, NULL, NULL),
(818, 5, 2, '0176253948', '2017-01-23 16:36:34', NULL, 0, 'prueba prueba', '666222111', 'emilio@redess.es', 1, 0, 0, NULL, '{"3":{"id_cm":"2","prima_cm":153.58,"id_re":"3","prima_re":202.35},"35":{"id_cm":"48","prima_cm":141.77,"id_re":"49","prima_re":225.01},"39":{"id_cm":"54","prima_cm":90,"id_re":"55","prima_re":127},"40":{"id_cm":"56","prima_cm":90,"id_re":"57","prima_re":127},"41":{"id_cm":"36","prima_cm":118.7,"id_re":"58","prima_re":179.05},"45":{"id_cm":"62","prima_cm":97.9,"id_re":"63","prima_re":123.9},"51":{"id_cm":"73","prima_cm":90,"id_re":"74","prima_re":100.3}}', NULL, 2, NULL, NULL, 49, 1, NULL, NULL, NULL, NULL, NULL, NULL, NULL, NULL, NULL, NULL, 50, 37, NULL, NULL, NULL, NULL, NULL, NULL, NULL, NULL, NULL, NULL, NULL, NULL, NULL, NULL, NULL, NULL, NULL, NULL, NULL, NULL, NULL, NULL, NULL, NULL, NULL, NULL, NULL, NULL, NULL, NULL, NULL, NULL, NULL, NULL, NULL, NULL, NULL, NULL, NULL, NULL),
(819, 5, 2, '1592648073', '2017-01-23 16:36:45', NULL, 0, 'prueba prueba', '666222111', 'emilio@redess.es', 1, 0, 0, NULL, '{"3":{"id_cm":"2","prima_cm":153.58,"id_re":"3","prima_re":202.35},"35":{"id_cm":"48","prima_cm":141.77,"id_re":"49","prima_re":225.01},"39":{"id_cm":"54","prima_cm":90,"id_re":"55","prima_re":127},"40":{"id_cm":"56","prima_cm":90,"id_re":"57","prima_re":127},"41":{"id_cm":"36","prima_cm":118.7,"id_re":"58","prima_re":179.05},"45":{"id_cm":"62","prima_cm":97.9,"id_re":"63","prima_re":123.9},"51":{"id_cm":"73","prima_cm":90,"id_re":"74","prima_re":100.3}}', NULL, 2, NULL, NULL, 49, 1, NULL, NULL, NULL, NULL, NULL, NULL, NULL, NULL, NULL, NULL, 50, 37, NULL, NULL, NULL, NULL, NULL, NULL, NULL, NULL, NULL, NULL, NULL, NULL, NULL, NULL, NULL, NULL, NULL, NULL, NULL, NULL, NULL, NULL, NULL, NULL, NULL, NULL, NULL, NULL, NULL, NULL, NULL, NULL, NULL, NULL, NULL, NULL, NULL, NULL, NULL, NULL),
(820, 5, 2, '1865290374', '2017-01-23 16:36:57', 3, 0, 'prueba9', '666222333', 'emilio@redess.es', 1, 0, 0, NULL, '{"3":{"id_cm":"2","prima_cm":132.58,"id_re":"3","prima_re":167.92},"35":{"id_cm":"48","prima_cm":127.22,"id_re":"49","prima_re":196.86},"39":{"id_cm":"54","prima_cm":90,"id_re":"55","prima_re":127},"40":{"id_cm":"56","prima_cm":90,"id_re":"57","prima_re":127},"41":{"id_cm":"36","prima_cm":111.4,"id_re":"58","prima_re":153.99},"45":{"id_cm":"62","prima_cm":97.9,"id_re":"63","prima_re":123.9},"51":{"id_cm":"73","prima_cm":90,"id_re":"74","prima_re":100.3}}', NULL, 2, NULL, NULL, 2, 1, NULL, NULL, NULL, NULL, NULL, NULL, NULL, NULL, NULL, NULL, 38, 29, NULL, NULL, NULL, NULL, NULL, NULL, NULL, NULL, NULL, NULL, NULL, NULL, NULL, NULL, NULL, NULL, NULL, NULL, NULL, NULL, NULL, NULL, NULL, NULL, NULL, NULL, NULL, NULL, NULL, NULL, NULL, NULL, NULL, NULL, NULL, NULL, NULL, NULL, NULL, NULL),
(821, 5, 2, '1387026549', '2017-01-23 16:38:23', NULL, 0, 'prueba prueba', '666222111', 'emilio@redess.es', 1, 0, 0, NULL, '{"3":{"id_cm":"2","prima_cm":153.58,"id_re":"3","prima_re":202.35},"35":{"id_cm":"48","prima_cm":141.77,"id_re":"49","prima_re":225.01},"39":{"id_cm":"54","prima_cm":90,"id_re":"55","prima_re":127},"40":{"id_cm":"56","prima_cm":90,"id_re":"57","prima_re":127},"41":{"id_cm":"36","prima_cm":118.7,"id_re":"58","prima_re":179.05},"45":{"id_cm":"62","prima_cm":97.9,"id_re":"63","prima_re":123.9},"51":{"id_cm":"73","prima_cm":90,"id_re":"74","prima_re":100.3}}', NULL, 2, NULL, NULL, 49, 1, NULL, NULL, NULL, NULL, NULL, NULL, NULL, NULL, NULL, NULL, 50, 37, NULL, NULL, NULL, NULL, NULL, NULL, NULL, NULL, NULL, NULL, NULL, NULL, NULL, NULL, NULL, NULL, NULL, NULL, NULL, NULL, NULL, NULL, NULL, NULL, NULL, NULL, NULL, NULL, NULL, NULL, NULL, NULL, NULL, NULL, NULL, NULL, NULL, NULL, NULL, NULL),
(822, 5, 2, '3146289750', '2017-01-23 16:38:29', NULL, 0, 'prueba prueba', '666222111', 'emilio@redess.es', 1, 0, 0, NULL, '{"3":{"id_cm":"2","prima_cm":153.58,"id_re":"3","prima_re":202.35},"35":{"id_cm":"48","prima_cm":141.77,"id_re":"49","prima_re":225.01},"39":{"id_cm":"54","prima_cm":90,"id_re":"55","prima_re":127},"40":{"id_cm":"56","prima_cm":90,"id_re":"57","prima_re":127},"41":{"id_cm":"36","prima_cm":118.7,"id_re":"58","prima_re":179.05},"45":{"id_cm":"62","prima_cm":97.9,"id_re":"63","prima_re":123.9},"51":{"id_cm":"73","prima_cm":90,"id_re":"74","prima_re":100.3}}', NULL, 2, NULL, NULL, 49, 1, NULL, NULL, NULL, NULL, NULL, NULL, NULL, NULL, NULL, NULL, 50, 37, NULL, NULL, NULL, NULL, NULL, NULL, NULL, NULL, NULL, NULL, NULL, NULL, NULL, NULL, NULL, NULL, NULL, NULL, NULL, NULL, NULL, NULL, NULL, NULL, NULL, NULL, NULL, NULL, NULL, NULL, NULL, NULL, NULL, NULL, NULL, NULL, NULL, NULL, NULL, NULL),
(823, 5, 2, '1703482569', '2017-01-23 16:38:39', 3, 0, 'prueba9', '666222333', 'emilio@redess.es', 1, 0, 0, NULL, '{"3":{"id_cm":"2","prima_cm":132.58,"id_re":"3","prima_re":167.92},"35":{"id_cm":"48","prima_cm":127.22,"id_re":"49","prima_re":196.86},"39":{"id_cm":"54","prima_cm":90,"id_re":"55","prima_re":127},"40":{"id_cm":"56","prima_cm":90,"id_re":"57","prima_re":127},"41":{"id_cm":"36","prima_cm":111.4,"id_re":"58","prima_re":153.99},"45":{"id_cm":"62","prima_cm":97.9,"id_re":"63","prima_re":123.9},"51":{"id_cm":"73","prima_cm":90,"id_re":"74","prima_re":100.3}}', NULL, 2, NULL, NULL, 2, 1, NULL, NULL, NULL, NULL, NULL, NULL, NULL, NULL, NULL, NULL, 38, 29, NULL, NULL, NULL, NULL, NULL, NULL, NULL, NULL, NULL, NULL, NULL, NULL, NULL, NULL, NULL, NULL, NULL, NULL, NULL, NULL, NULL, NULL, NULL, NULL, NULL, NULL, NULL, NULL, NULL, NULL, NULL, NULL, NULL, NULL, NULL, NULL, NULL, NULL, NULL, NULL),
(824, 5, 2, '3654129087', '2017-01-23 16:39:20', NULL, 0, 'prueba prueba', '666222111', 'emilio@redess.es', 1, 0, 0, NULL, '{"3":{"id_cm":"2","prima_cm":153.58,"id_re":"3","prima_re":202.35},"35":{"id_cm":"48","prima_cm":141.77,"id_re":"49","prima_re":225.01},"39":{"id_cm":"54","prima_cm":90,"id_re":"55","prima_re":127},"40":{"id_cm":"56","prima_cm":90,"id_re":"57","prima_re":127},"41":{"id_cm":"36","prima_cm":118.7,"id_re":"58","prima_re":179.05},"45":{"id_cm":"62","prima_cm":97.9,"id_re":"63","prima_re":123.9},"51":{"id_cm":"73","prima_cm":90,"id_re":"74","prima_re":100.3}}', NULL, 2, NULL, NULL, 49, 1, NULL, NULL, NULL, NULL, NULL, NULL, NULL, NULL, NULL, NULL, 50, 37, NULL, NULL, NULL, NULL, NULL, NULL, NULL, NULL, NULL, NULL, NULL, NULL, NULL, NULL, NULL, NULL, NULL, NULL, NULL, NULL, NULL, NULL, NULL, NULL, NULL, NULL, NULL, NULL, NULL, NULL, NULL, NULL, NULL, NULL, NULL, NULL, NULL, NULL, NULL, NULL),
(825, 5, 2, '5068719423', '2017-01-23 16:39:33', 3, 0, 'prueba9', '666222333', 'emilio@redess.es', 1, 0, 0, NULL, '{"3":{"id_cm":"2","prima_cm":132.58,"id_re":"3","prima_re":167.92},"35":{"id_cm":"48","prima_cm":127.22,"id_re":"49","prima_re":196.86},"39":{"id_cm":"54","prima_cm":90,"id_re":"55","prima_re":127},"40":{"id_cm":"56","prima_cm":90,"id_re":"57","prima_re":127},"41":{"id_cm":"36","prima_cm":111.4,"id_re":"58","prima_re":153.99},"45":{"id_cm":"62","prima_cm":97.9,"id_re":"63","prima_re":123.9},"51":{"id_cm":"73","prima_cm":90,"id_re":"74","prima_re":100.3}}', NULL, 2, NULL, NULL, 2, 1, NULL, NULL, NULL, NULL, NULL, NULL, NULL, NULL, NULL, NULL, 38, 29, NULL, NULL, NULL, NULL, NULL, NULL, NULL, NULL, NULL, NULL, NULL, NULL, NULL, NULL, NULL, NULL, NULL, NULL, NULL, NULL, NULL, NULL, NULL, NULL, NULL, NULL, NULL, NULL, NULL, NULL, NULL, NULL, NULL, NULL, NULL, NULL, NULL, NULL, NULL, NULL),
(826, 5, 2, '4961507283', '2017-01-23 16:40:10', NULL, 0, 'prueba prueba', '666222111', 'emilio@redess.es', 1, 0, 0, NULL, '{"3":{"id_cm":"2","prima_cm":153.58,"id_re":"3","prima_re":202.35},"35":{"id_cm":"48","prima_cm":141.77,"id_re":"49","prima_re":225.01},"39":{"id_cm":"54","prima_cm":90,"id_re":"55","prima_re":127},"40":{"id_cm":"56","prima_cm":90,"id_re":"57","prima_re":127},"41":{"id_cm":"36","prima_cm":118.7,"id_re":"58","prima_re":179.05},"45":{"id_cm":"62","prima_cm":97.9,"id_re":"63","prima_re":123.9},"51":{"id_cm":"73","prima_cm":90,"id_re":"74","prima_re":100.3}}', NULL, 2, NULL, NULL, 49, 1, NULL, NULL, NULL, NULL, NULL, NULL, NULL, NULL, NULL, NULL, 50, 37, NULL, NULL, NULL, NULL, NULL, NULL, NULL, NULL, NULL, NULL, NULL, NULL, NULL, NULL, NULL, NULL, NULL, NULL, NULL, NULL, NULL, NULL, NULL, NULL, NULL, NULL, NULL, NULL, NULL, NULL, NULL, NULL, NULL, NULL, NULL, NULL, NULL, NULL, NULL, NULL),
(827, 5, 2, '5064918723', '2017-01-23 16:44:48', NULL, 0, 'prueba prueba', '666222111', 'emilio@redess.es', 1, 0, 0, NULL, '{"3":{"id_cm":"2","prima_cm":153.58,"id_re":"3","prima_re":202.35},"35":{"id_cm":"48","prima_cm":141.77,"id_re":"49","prima_re":225.01},"39":{"id_cm":"54","prima_cm":90,"id_re":"55","prima_re":127},"40":{"id_cm":"56","prima_cm":90,"id_re":"57","prima_re":127},"41":{"id_cm":"36","prima_cm":118.7,"id_re":"58","prima_re":179.05},"45":{"id_cm":"62","prima_cm":97.9,"id_re":"63","prima_re":123.9},"51":{"id_cm":"73","prima_cm":90,"id_re":"74","prima_re":100.3}}', NULL, 2, NULL, NULL, 49, 1, NULL, NULL, NULL, NULL, NULL, NULL, NULL, NULL, NULL, NULL, 50, 37, NULL, NULL, NULL, NULL, NULL, NULL, NULL, NULL, NULL, NULL, NULL, NULL, NULL, NULL, NULL, NULL, NULL, NULL, NULL, NULL, NULL, NULL, NULL, NULL, NULL, NULL, NULL, NULL, NULL, NULL, NULL, NULL, NULL, NULL, NULL, NULL, NULL, NULL, NULL, NULL),
(828, 5, 2, '8792340651', '2017-01-23 16:48:27', NULL, 0, 'prueba prueba', '666222111', 'emilio@redess.es', 1, 0, 0, NULL, '{"3":{"id_cm":"2","prima_cm":153.58,"id_re":"3","prima_re":202.35},"35":{"id_cm":"48","prima_cm":141.77,"id_re":"49","prima_re":225.01},"39":{"id_cm":"54","prima_cm":90,"id_re":"55","prima_re":127},"40":{"id_cm":"56","prima_cm":90,"id_re":"57","prima_re":127},"41":{"id_cm":"36","prima_cm":118.7,"id_re":"58","prima_re":179.05},"45":{"id_cm":"62","prima_cm":97.9,"id_re":"63","prima_re":123.9},"51":{"id_cm":"73","prima_cm":90,"id_re":"74","prima_re":100.3}}', NULL, 2, NULL, NULL, 49, 1, NULL, NULL, NULL, NULL, NULL, NULL, NULL, NULL, NULL, NULL, 50, 37, NULL, NULL, NULL, NULL, NULL, NULL, NULL, NULL, NULL, NULL, NULL, NULL, NULL, NULL, NULL, NULL, NULL, NULL, NULL, NULL, NULL, NULL, NULL, NULL, NULL, NULL, NULL, NULL, NULL, NULL, NULL, NULL, NULL, NULL, NULL, NULL, NULL, NULL, NULL, NULL),
(829, 5, 2, '3215906784', '2017-01-23 16:48:53', NULL, 0, 'prueba prueba', '666222111', 'emilio@redess.es', 1, 0, 0, NULL, '{"3":{"id_cm":"2","prima_cm":153.58,"id_re":"3","prima_re":202.35},"35":{"id_cm":"48","prima_cm":141.77,"id_re":"49","prima_re":225.01},"39":{"id_cm":"54","prima_cm":90,"id_re":"55","prima_re":127},"40":{"id_cm":"56","prima_cm":90,"id_re":"57","prima_re":127},"41":{"id_cm":"36","prima_cm":118.7,"id_re":"58","prima_re":179.05},"45":{"id_cm":"62","prima_cm":97.9,"id_re":"63","prima_re":123.9},"51":{"id_cm":"73","prima_cm":90,"id_re":"74","prima_re":100.3}}', NULL, 2, NULL, NULL, 49, 1, NULL, NULL, NULL, NULL, NULL, NULL, NULL, NULL, NULL, NULL, 50, 37, NULL, NULL, NULL, NULL, NULL, NULL, NULL, NULL, NULL, NULL, NULL, NULL, NULL, NULL, NULL, NULL, NULL, NULL, NULL, NULL, NULL, NULL, NULL, NULL, NULL, NULL, NULL, NULL, NULL, NULL, NULL, NULL, NULL, NULL, NULL, NULL, NULL, NULL, NULL, NULL),
(830, 5, 2, '1346790528', '2017-01-23 16:50:37', NULL, 0, 'prueba prueba', '666222111', 'emilio@redess.es', 1, 0, 0, NULL, '{"3":{"id_cm":"2","prima_cm":153.58,"id_re":"3","prima_re":202.35},"35":{"id_cm":"48","prima_cm":141.77,"id_re":"49","prima_re":225.01},"39":{"id_cm":"54","prima_cm":90,"id_re":"55","prima_re":127},"40":{"id_cm":"56","prima_cm":90,"id_re":"57","prima_re":127},"41":{"id_cm":"36","prima_cm":118.7,"id_re":"58","prima_re":179.05},"45":{"id_cm":"62","prima_cm":97.9,"id_re":"63","prima_re":123.9},"51":{"id_cm":"73","prima_cm":90,"id_re":"74","prima_re":100.3}}', NULL, 2, NULL, NULL, 49, 1, NULL, NULL, NULL, NULL, NULL, NULL, NULL, NULL, NULL, NULL, 50, 37, NULL, NULL, NULL, NULL, NULL, NULL, NULL, NULL, NULL, NULL, NULL, NULL, NULL, NULL, NULL, NULL, NULL, NULL, NULL, NULL, NULL, NULL, NULL, NULL, NULL, NULL, NULL, NULL, NULL, NULL, NULL, NULL, NULL, NULL, NULL, NULL, NULL, NULL, NULL, NULL),
(831, 1, 6, '0126483579', '2017-01-24 00:06:08', NULL, 0, 'javier prats', '553858110', 'javier@produccionesprats.com', 1, 0, 0, NULL, '{"Producto interesado":"Responsabilidad civil","Tipo de seguro":"Seguro de feriantes"}', NULL, NULL, NULL, NULL, NULL, NULL, NULL, NULL, NULL, NULL, NULL, NULL, NULL, NULL, NULL, NULL, NULL, NULL, NULL, NULL, NULL, NULL, NULL, NULL, NULL, NULL, NULL, NULL, NULL, NULL, NULL, NULL, NULL, NULL, NULL, NULL, NULL, NULL, NULL, NULL, NULL, NULL, NULL, NULL, NULL, NULL, NULL, NULL, NULL, NULL, NULL, NULL, NULL, NULL, NULL, NULL, NULL, NULL),
(835, 9, 5, '6513790482', '2017-01-24 14:55:02', NULL, 0, 'prueba', '666222333', 'emilio@redess.es', 0, 0, 0, '2017-05-05 11:28:50', '{\r\n"1":{"id":"15","prima":105},\r\n"4":{"id":"16","prima":190},\r\n"5":{"id":"47","prima":168}\r\n}', 20, NULL, NULL, NULL, NULL, NULL, NULL, NULL, NULL, NULL, NULL, NULL, NULL, NULL, NULL, NULL, NULL, NULL, NULL, NULL, NULL, NULL, NULL, NULL, NULL, NULL, NULL, NULL, NULL, NULL, NULL, NULL, NULL, NULL, NULL, NULL, NULL, NULL, NULL, NULL, NULL, NULL, NULL, NULL, NULL, NULL, NULL, NULL, NULL, NULL, NULL, NULL, NULL, NULL, NULL, NULL, NULL, 350),
(836, 5, 2, '5712489306', '2017-01-24 15:44:09', NULL, 0, 'prueba prueba', '666222111', 'emilio@redess.es', 1, 0, 0, NULL, '{"3":{"id_cm":"2","prima_cm":153.58,"id_re":"3","prima_re":202.35},"35":{"id_cm":"48","prima_cm":141.77,"id_re":"49","prima_re":225.01},"39":{"id_cm":"54","prima_cm":90,"id_re":"55","prima_re":127},"40":{"id_cm":"56","prima_cm":90,"id_re":"57","prima_re":127},"41":{"id_cm":"36","prima_cm":118.7,"id_re":"58","prima_re":179.05},"45":{"id_cm":"62","prima_cm":97.9,"id_re":"63","prima_re":123.9},"51":{"id_cm":"73","prima_cm":90,"id_re":"74","prima_re":100.3}}', NULL, 2, NULL, NULL, 49, 1, NULL, NULL, NULL, NULL, NULL, NULL, NULL, NULL, NULL, NULL, 50, 37, NULL, NULL, NULL, NULL, NULL, NULL, NULL, NULL, NULL, NULL, NULL, NULL, NULL, NULL, NULL, NULL, NULL, NULL, NULL, NULL, NULL, NULL, NULL, NULL, NULL, NULL, NULL, NULL, NULL, NULL, NULL, NULL, NULL, NULL, NULL, NULL, NULL, NULL, NULL, NULL),
(837, 5, 2, '4501237968', '2017-01-24 15:44:23', NULL, 0, 'prueba prueba', '666222111', 'emilio@redess.es', 1, 0, 0, NULL, '{"3":{"id_cm":"2","prima_cm":85.81,"id_re":"3","prima_re":113.9},"35":{"id_cm":"48","prima_cm":78.16,"id_re":"49","prima_re":126.58},"39":{"id_cm":"54","prima_cm":45,"id_re":"55","prima_re":63.5},"40":{"id_cm":"56","prima_cm":45,"id_re":"57","prima_re":63.5},"41":{"id_cm":"36","prima_cm":63,"id_re":"58","prima_re":95.66},"45":{"id_cm":"62","prima_cm":48.95,"id_re":"63","prima_re":61.95},"51":{"id_cm":"73","prima_cm":45,"id_re":"74","prima_re":50.15}}', NULL, 1, NULL, NULL, 2, 1, NULL, NULL, NULL, NULL, NULL, NULL, NULL, NULL, NULL, NULL, 50, NULL, NULL, NULL, NULL, NULL, NULL, NULL, NULL, NULL, NULL, NULL, NULL, NULL, NULL, NULL, NULL, NULL, NULL, NULL, NULL, NULL, NULL, NULL, NULL, NULL, NULL, NULL, NULL, NULL, NULL, NULL, NULL, NULL, NULL, NULL, NULL, NULL, NULL, NULL, NULL, NULL),
(838, 5, 2, '5164307829', '2017-01-24 16:09:32', NULL, 0, 'prueba prueba', '666222111', 'emilio@redess.es', 1, 0, 0, NULL, '{"3":{"id_cm":"2","prima_cm":85.81,"id_re":"3","prima_re":113.9},"35":{"id_cm":"48","prima_cm":78.16,"id_re":"49","prima_re":126.58},"39":{"id_cm":"54","prima_cm":45,"id_re":"55","prima_re":63.5},"40":{"id_cm":"56","prima_cm":45,"id_re":"57","prima_re":63.5},"41":{"id_cm":"36","prima_cm":63,"id_re":"58","prima_re":95.66},"45":{"id_cm":"62","prima_cm":48.95,"id_re":"63","prima_re":61.95},"51":{"id_cm":"73","prima_cm":45,"id_re":"74","prima_re":50.15}}', NULL, 1, NULL, NULL, 2, 1, NULL, NULL, NULL, NULL, NULL, NULL, NULL, NULL, NULL, NULL, 50, NULL, NULL, NULL, NULL, NULL, NULL, NULL, NULL, NULL, NULL, NULL, NULL, NULL, NULL, NULL, NULL, NULL, NULL, NULL, NULL, NULL, NULL, NULL, NULL, NULL, NULL, NULL, NULL, NULL, NULL, NULL, NULL, NULL, NULL, NULL, NULL, NULL, NULL, NULL, NULL, NULL),
(839, 1, 6, '4596302187', '2017-01-25 06:51:54', NULL, 0, 'Iván gorrachategui', '607808656', 'gorracha2006@hotmail.com', 1, 0, 0, NULL, '{"Producto interesado":"Da\\u00f1os a la atracci\\u00f3n","Tipo de seguro":"Seguro para feriantes"}', NULL, NULL, NULL, NULL, NULL, NULL, NULL, NULL, NULL, NULL, NULL, NULL, NULL, NULL, NULL, NULL, NULL, NULL, NULL, NULL, NULL, NULL, NULL, NULL, NULL, NULL, NULL, NULL, NULL, NULL, NULL, NULL, NULL, NULL, NULL, NULL, NULL, NULL, NULL, NULL, NULL, NULL, NULL, NULL, NULL, NULL, NULL, NULL, NULL, NULL, NULL, NULL, NULL, NULL, NULL, NULL, NULL, NULL),
(840, 5, 2, '4109236857', '2017-01-25 12:13:45', NULL, 0, 'prueba prueba', '666222111', 'emilio@redess.es', 1, 0, 0, NULL, '{"3":{"id_cm":"2","prima_cm":171.62,"id_re":"3","prima_re":227.8},"35":{"id_cm":"48","prima_cm":156.32,"id_re":"49","prima_re":253.16},"36":{"id_cm":"37","prima_cm":94,"id_re":"50","prima_re":158},"37":{"id_cm":"51","prima_cm":64,"id_re":"50","prima_re":158},"41":{"id_cm":"36","prima_cm":126,"id_re":"58","prima_re":191.32},"42":{"id_cm":"59","prima_cm":94.6,"id_re":"60","prima_re":139.8},"43":{"id_cm":"39","prima_cm":113.8,"id_re":"60","prima_re":139.8}}', NULL, 2, NULL, NULL, 2, 4, NULL, NULL, NULL, NULL, NULL, NULL, NULL, NULL, NULL, NULL, 50, 50, NULL, NULL, NULL, NULL, NULL, NULL, NULL, NULL, NULL, NULL, NULL, NULL, NULL, NULL, NULL, NULL, NULL, NULL, NULL, NULL, NULL, NULL, NULL, NULL, NULL, NULL, NULL, NULL, NULL, NULL, NULL, NULL, NULL, NULL, NULL, NULL, NULL, NULL, NULL, NULL),
(841, 5, 2, '8172640539', '2017-01-25 15:10:50', NULL, 0, 'prueba prueba', '666222111', 'emilio@redess.es', 1, 0, 0, NULL, '{"3":{"id_cm":"2","prima_cm":171.62,"id_re":"3","prima_re":227.8},"35":{"id_cm":"48","prima_cm":156.32,"id_re":"49","prima_re":253.16},"36":{"id_cm":"37","prima_cm":94,"id_re":"50","prima_re":158},"37":{"id_cm":"51","prima_cm":64,"id_re":"50","prima_re":158},"41":{"id_cm":"36","prima_cm":126,"id_re":"58","prima_re":191.32},"42":{"id_cm":"59","prima_cm":94.6,"id_re":"60","prima_re":139.8},"43":{"id_cm":"39","prima_cm":113.8,"id_re":"60","prima_re":139.8}}', NULL, 2, NULL, NULL, 2, 4, NULL, NULL, NULL, NULL, NULL, NULL, NULL, NULL, NULL, NULL, 50, 50, NULL, NULL, NULL, NULL, NULL, NULL, NULL, NULL, NULL, NULL, NULL, NULL, NULL, NULL, NULL, NULL, NULL, NULL, NULL, NULL, NULL, NULL, NULL, NULL, NULL, NULL, NULL, NULL, NULL, NULL, NULL, NULL, NULL, NULL, NULL, NULL, NULL, NULL, NULL, NULL),
(843, 9, 5, '1893024576', '2017-01-25 15:54:54', 3, 0, 'prueba1', '666555444', 'emilio@redess.es', 0, 0, 0, '2017-05-05 11:28:58', '{"1":{"id":"15","prima":105},"4":{"id":"16","prima":190},"5":{"id":"47","prima":168}}', 20, NULL, NULL, NULL, NULL, NULL, NULL, NULL, NULL, NULL, NULL, NULL, NULL, NULL, NULL, NULL, NULL, NULL, NULL, NULL, NULL, NULL, NULL, NULL, NULL, NULL, NULL, NULL, NULL, NULL, NULL, NULL, NULL, NULL, NULL, NULL, NULL, NULL, NULL, NULL, NULL, NULL, NULL, NULL, NULL, NULL, NULL, NULL, NULL, NULL, NULL, NULL, NULL, NULL, NULL, NULL, NULL, 350),
(844, 9, 5, '9145872603', '2017-01-25 16:00:28', NULL, 0, 'prueba', '666555444', 'emilio@redess.es', 0, 0, 0, '2017-05-05 11:29:09', '{"1":{"id":"15","prima":105},"4":{"id":"16","prima":190},"5":{"id":"47","prima":168}}', 20, NULL, NULL, NULL, NULL, NULL, NULL, NULL, NULL, NULL, NULL, NULL, NULL, NULL, NULL, NULL, NULL, NULL, NULL, NULL, NULL, NULL, NULL, NULL, NULL, NULL, NULL, NULL, NULL, NULL, NULL, NULL, NULL, NULL, NULL, NULL, NULL, NULL, NULL, NULL, NULL, NULL, NULL, NULL, NULL, NULL, NULL, NULL, NULL, NULL, NULL, NULL, NULL, NULL, NULL, NULL, NULL, 350),
(845, 9, 5, '9074315826', '2017-01-25 16:09:01', NULL, 0, 'prueba', '666555444', 'emilio@redess.es', 0, 0, 0, '2017-05-05 11:29:19', '{"1":{"id":"15","prima":105},"4":{"id":"16","prima":190},"5":{"id":"47","prima":168}}', 20, NULL, NULL, NULL, NULL, NULL, NULL, NULL, NULL, NULL, NULL, NULL, NULL, NULL, NULL, NULL, NULL, NULL, NULL, NULL, NULL, NULL, NULL, NULL, NULL, NULL, NULL, NULL, NULL, NULL, NULL, NULL, NULL, NULL, NULL, NULL, NULL, NULL, NULL, NULL, NULL, NULL, NULL, NULL, NULL, NULL, NULL, NULL, NULL, NULL, NULL, NULL, NULL, NULL, NULL, NULL, NULL, 350),
(846, 9, 5, '2964107385', '2017-01-25 16:46:47', NULL, 0, 'prueba', '666555444', 'emilio@redess.es', 0, 0, 0, '2017-05-05 11:29:26', '{"1":{"id":"15","prima":105},"4":{"id":"16","prima":190},"5":{"id":"47","prima":168}}', 20, NULL, NULL, NULL, NULL, NULL, NULL, NULL, NULL, NULL, NULL, NULL, NULL, NULL, NULL, NULL, NULL, NULL, NULL, NULL, NULL, NULL, NULL, NULL, NULL, NULL, NULL, NULL, NULL, NULL, NULL, NULL, NULL, NULL, NULL, NULL, NULL, NULL, NULL, NULL, NULL, NULL, NULL, NULL, NULL, NULL, NULL, NULL, NULL, NULL, NULL, NULL, NULL, NULL, NULL, NULL, NULL, 350),
(847, 9, 5, '3420579186', '2017-01-25 16:53:03', NULL, 0, 'prueba', '666555444', 'emilio@redess.es', 0, 0, 0, '2017-05-05 11:29:38', '{"1":{"id":"15","prima":105},"4":{"id":"16","prima":190},"5":{"id":"47","prima":168}}', 20, NULL, NULL, NULL, NULL, NULL, NULL, NULL, NULL, NULL, NULL, NULL, NULL, NULL, NULL, NULL, NULL, NULL, NULL, NULL, NULL, NULL, NULL, NULL, NULL, NULL, NULL, NULL, NULL, NULL, NULL, NULL, NULL, NULL, NULL, NULL, NULL, NULL, NULL, NULL, NULL, NULL, NULL, NULL, NULL, NULL, NULL, NULL, NULL, NULL, NULL, NULL, NULL, NULL, NULL, NULL, NULL, 350),
(848, 9, 5, '7394025861', '2017-01-26 10:08:50', 3, 0, 'prueba', '666555444', 'emilio@redess.es', 0, 0, 0, '2017-05-05 11:29:48', '{"1":{"id":"15","prima":60},"4":{"id":"16","prima":109},"5":{"id":"47","prima":96}}', 20, NULL, NULL, NULL, NULL, NULL, NULL, NULL, NULL, NULL, NULL, NULL, NULL, NULL, NULL, NULL, NULL, NULL, NULL, NULL, NULL, NULL, NULL, NULL, NULL, NULL, NULL, NULL, NULL, NULL, NULL, NULL, NULL, NULL, NULL, NULL, NULL, NULL, NULL, NULL, NULL, NULL, NULL, NULL, NULL, NULL, NULL, NULL, NULL, NULL, NULL, NULL, NULL, NULL, NULL, NULL, NULL, 200),
(849, 9, 5, '2108957463', '2017-01-26 11:11:57', NULL, 0, 'prueba', '666555444', 'emilio@redess.es', 0, 0, 0, '2017-05-05 11:30:00', '{"1":{"id":"15","prima":105},"4":{"id":"16","prima":190},"5":{"id":"47","prima":168}}', 20, NULL, NULL, NULL, NULL, NULL, NULL, NULL, NULL, NULL, NULL, NULL, NULL, NULL, NULL, NULL, NULL, NULL, NULL, NULL, NULL, NULL, NULL, NULL, NULL, NULL, NULL, NULL, NULL, NULL, NULL, NULL, NULL, NULL, NULL, NULL, NULL, NULL, NULL, NULL, NULL, NULL, NULL, NULL, NULL, NULL, NULL, NULL, NULL, NULL, NULL, NULL, NULL, NULL, NULL, NULL, NULL, 350),
(850, 5, 2, '7014368529', '2017-01-26 11:56:51', NULL, 0, 'prueba prueba', '666222111', 'emilio@redess.es', 1, 0, 0, NULL, '{"3":{"id_cm":"2","prima_cm":171.62,"id_re":"3","prima_re":227.8},"35":{"id_cm":"48","prima_cm":156.32,"id_re":"49","prima_re":253.16},"36":{"id_cm":"37","prima_cm":94,"id_re":"50","prima_re":158},"37":{"id_cm":"51","prima_cm":64,"id_re":"50","prima_re":158},"41":{"id_cm":"36","prima_cm":126,"id_re":"58","prima_re":191.32},"42":{"id_cm":"59","prima_cm":94.6,"id_re":"60","prima_re":139.8},"43":{"id_cm":"39","prima_cm":113.8,"id_re":"60","prima_re":139.8}}', NULL, 2, NULL, NULL, 2, 4, NULL, NULL, NULL, NULL, NULL, NULL, NULL, NULL, NULL, NULL, 50, 50, NULL, NULL, NULL, NULL, NULL, NULL, NULL, NULL, NULL, NULL, NULL, NULL, NULL, NULL, NULL, NULL, NULL, NULL, NULL, NULL, NULL, NULL, NULL, NULL, NULL, NULL, NULL, NULL, NULL, NULL, NULL, NULL, NULL, NULL, NULL, NULL, NULL, NULL, NULL, NULL),
(851, 5, 2, '6543870192', '2017-01-26 16:36:52', NULL, 0, 'prueba prueba', '666222111', 'emilio@redess.es', 1, 0, 0, NULL, '{"3":{"id_cm":"2","prima_cm":171.62,"id_re":"3","prima_re":227.8},"35":{"id_cm":"48","prima_cm":156.32,"id_re":"49","prima_re":253.16},"36":{"id_cm":"37","prima_cm":94,"id_re":"50","prima_re":158},"37":{"id_cm":"51","prima_cm":64,"id_re":"50","prima_re":158},"41":{"id_cm":"36","prima_cm":126,"id_re":"58","prima_re":191.32},"42":{"id_cm":"59","prima_cm":94.6,"id_re":"60","prima_re":139.8},"43":{"id_cm":"39","prima_cm":113.8,"id_re":"60","prima_re":139.8}}', NULL, 2, NULL, NULL, 2, 4, NULL, NULL, NULL, NULL, NULL, NULL, NULL, NULL, NULL, NULL, 50, 50, NULL, NULL, NULL, NULL, NULL, NULL, NULL, NULL, NULL, NULL, NULL, NULL, NULL, NULL, NULL, NULL, NULL, NULL, NULL, NULL, NULL, NULL, NULL, NULL, NULL, NULL, NULL, NULL, NULL, NULL, NULL, NULL, NULL, NULL, NULL, NULL, NULL, NULL, NULL, NULL),
(852, 5, 2, '9386071524', '2017-01-26 16:38:22', NULL, 0, 'prueba prueba', '666222111', 'emilio@redess.es', 1, 0, 0, NULL, '{"3":{"id_cm":"2","prima_cm":171.62,"id_re":"3","prima_re":227.8},"35":{"id_cm":"48","prima_cm":156.32,"id_re":"49","prima_re":253.16},"36":{"id_cm":"37","prima_cm":94,"id_re":"50","prima_re":158},"37":{"id_cm":"51","prima_cm":64,"id_re":"50","prima_re":158},"41":{"id_cm":"36","prima_cm":126,"id_re":"58","prima_re":191.32},"42":{"id_cm":"59","prima_cm":94.6,"id_re":"60","prima_re":139.8},"43":{"id_cm":"39","prima_cm":113.8,"id_re":"60","prima_re":139.8}}', NULL, 2, NULL, NULL, 2, 4, NULL, NULL, NULL, NULL, NULL, NULL, NULL, NULL, NULL, NULL, 50, 50, NULL, NULL, NULL, NULL, NULL, NULL, NULL, NULL, NULL, NULL, NULL, NULL, NULL, NULL, NULL, NULL, NULL, NULL, NULL, NULL, NULL, NULL, NULL, NULL, NULL, NULL, NULL, NULL, NULL, NULL, NULL, NULL, NULL, NULL, NULL, NULL, NULL, NULL, NULL, NULL),
(853, 5, 2, '5462380791', '2017-01-26 16:40:26', NULL, 0, 'prueba prueba', '666222111', 'emilio@redess.es', 1, 0, 0, NULL, '{"3":{"id_cm":"2","prima_cm":171.62,"id_re":"3","prima_re":227.8},"35":{"id_cm":"48","prima_cm":156.32,"id_re":"49","prima_re":253.16},"36":{"id_cm":"37","prima_cm":94,"id_re":"50","prima_re":158},"37":{"id_cm":"51","prima_cm":64,"id_re":"50","prima_re":158},"41":{"id_cm":"36","prima_cm":126,"id_re":"58","prima_re":191.32},"42":{"id_cm":"59","prima_cm":94.6,"id_re":"60","prima_re":139.8},"43":{"id_cm":"39","prima_cm":113.8,"id_re":"60","prima_re":139.8}}', NULL, 2, NULL, NULL, 2, 4, NULL, NULL, NULL, NULL, NULL, NULL, NULL, NULL, NULL, NULL, 50, 50, NULL, NULL, NULL, NULL, NULL, NULL, NULL, NULL, NULL, NULL, NULL, NULL, NULL, NULL, NULL, NULL, NULL, NULL, NULL, NULL, NULL, NULL, NULL, NULL, NULL, NULL, NULL, NULL, NULL, NULL, NULL, NULL, NULL, NULL, NULL, NULL, NULL, NULL, NULL, NULL),
(854, 5, 2, '4615098237', '2017-01-26 16:41:25', NULL, 0, 'prueba prueba', '666222111', 'emilio@redess.es', 1, 0, 0, NULL, '{"3":{"id_cm":"2","prima_cm":171.62,"id_re":"3","prima_re":227.8},"35":{"id_cm":"48","prima_cm":156.32,"id_re":"49","prima_re":253.16},"36":{"id_cm":"37","prima_cm":94,"id_re":"50","prima_re":158},"37":{"id_cm":"51","prima_cm":64,"id_re":"50","prima_re":158},"41":{"id_cm":"36","prima_cm":126,"id_re":"58","prima_re":191.32},"42":{"id_cm":"59","prima_cm":94.6,"id_re":"60","prima_re":139.8},"43":{"id_cm":"39","prima_cm":113.8,"id_re":"60","prima_re":139.8}}', NULL, 2, NULL, NULL, 2, 4, NULL, NULL, NULL, NULL, NULL, NULL, NULL, NULL, NULL, NULL, 50, 50, NULL, NULL, NULL, NULL, NULL, NULL, NULL, NULL, NULL, NULL, NULL, NULL, NULL, NULL, NULL, NULL, NULL, NULL, NULL, NULL, NULL, NULL, NULL, NULL, NULL, NULL, NULL, NULL, NULL, NULL, NULL, NULL, NULL, NULL, NULL, NULL, NULL, NULL, NULL, NULL),
(855, 5, 2, '6487253901', '2017-01-26 16:42:19', NULL, 0, 'prueba prueba', '666222111', 'emilio@redess.es', 1, 0, 0, NULL, '{"3":{"id_cm":"2","prima_cm":171.62,"id_re":"3","prima_re":227.8},"35":{"id_cm":"48","prima_cm":156.32,"id_re":"49","prima_re":253.16},"36":{"id_cm":"37","prima_cm":94,"id_re":"50","prima_re":158},"37":{"id_cm":"51","prima_cm":64,"id_re":"50","prima_re":158},"41":{"id_cm":"36","prima_cm":126,"id_re":"58","prima_re":191.32},"42":{"id_cm":"59","prima_cm":94.6,"id_re":"60","prima_re":139.8},"43":{"id_cm":"39","prima_cm":113.8,"id_re":"60","prima_re":139.8}}', NULL, 2, NULL, NULL, 2, 4, NULL, NULL, NULL, NULL, NULL, NULL, NULL, NULL, NULL, NULL, 50, 50, NULL, NULL, NULL, NULL, NULL, NULL, NULL, NULL, NULL, NULL, NULL, NULL, NULL, NULL, NULL, NULL, NULL, NULL, NULL, NULL, NULL, NULL, NULL, NULL, NULL, NULL, NULL, NULL, NULL, NULL, NULL, NULL, NULL, NULL, NULL, NULL, NULL, NULL, NULL, NULL),
(856, 5, 2, '9732145608', '2017-01-26 16:55:49', NULL, 0, 'prueba prueba', '666222111', 'emilio@redess.es', 1, 0, 0, NULL, '{"3":{"id_cm":"2","prima_cm":85.81,"id_re":"3","prima_re":113.9},"35":{"id_cm":"48","prima_cm":78.16,"id_re":"49","prima_re":126.58},"36":{"id_cm":"37","prima_cm":47,"id_re":"50","prima_re":79},"37":{"id_cm":"51","prima_cm":32,"id_re":"50","prima_re":79},"41":{"id_cm":"36","prima_cm":63,"id_re":"58","prima_re":95.66},"42":{"id_cm":"59","prima_cm":47.3,"id_re":"60","prima_re":75.492},"43":{"id_cm":"39","prima_cm":61.452,"id_re":"60","prima_re":75.492}}', NULL, 1, NULL, NULL, 49, 4, NULL, NULL, NULL, NULL, NULL, NULL, NULL, NULL, NULL, NULL, 50, NULL, NULL, NULL, NULL, NULL, NULL, NULL, NULL, NULL, NULL, NULL, NULL, NULL, NULL, NULL, NULL, NULL, NULL, NULL, NULL, NULL, NULL, NULL, NULL, NULL, NULL, NULL, NULL, NULL, NULL, NULL, NULL, NULL, NULL, NULL, NULL, NULL, NULL, NULL, NULL, NULL),
(857, 5, 2, '8216409537', '2017-01-27 09:19:15', NULL, 0, 'prueba prueba', '666222111', 'emilio@redess.es', 1, 0, 0, NULL, '{"3":{"id_cm":"2","prima_cm":85.81,"id_re":"3","prima_re":113.9},"35":{"id_cm":"48","prima_cm":78.16,"id_re":"49","prima_re":126.58},"36":{"id_cm":"37","prima_cm":47,"id_re":"50","prima_re":79},"37":{"id_cm":"51","prima_cm":32,"id_re":"50","prima_re":79},"41":{"id_cm":"36","prima_cm":63,"id_re":"58","prima_re":95.66},"42":{"id_cm":"59","prima_cm":47.3,"id_re":"60","prima_re":75.492},"43":{"id_cm":"39","prima_cm":61.452,"id_re":"60","prima_re":75.492}}', NULL, 1, NULL, NULL, 49, 4, NULL, NULL, NULL, NULL, NULL, NULL, NULL, NULL, NULL, NULL, 50, NULL, NULL, NULL, NULL, NULL, NULL, NULL, NULL, NULL, NULL, NULL, NULL, NULL, NULL, NULL, NULL, NULL, NULL, NULL, NULL, NULL, NULL, NULL, NULL, NULL, NULL, NULL, NULL, NULL, NULL, NULL, NULL, NULL, NULL, NULL, NULL, NULL, NULL, NULL, NULL, NULL),
(858, 5, 2, '6374210598', '2017-01-27 09:19:41', NULL, 0, 'prueba prueba', '666222111', 'emilio@redess.es', 1, 0, 0, NULL, '{"3":{"id_cm":"2","prima_cm":85.81,"id_re":"3","prima_re":113.9},"35":{"id_cm":"48","prima_cm":78.16,"id_re":"49","prima_re":126.58},"36":{"id_cm":"37","prima_cm":47,"id_re":"50","prima_re":79},"37":{"id_cm":"51","prima_cm":32,"id_re":"50","prima_re":79},"41":{"id_cm":"36","prima_cm":63,"id_re":"58","prima_re":95.66},"42":{"id_cm":"59","prima_cm":47.3,"id_re":"60","prima_re":75.492},"43":{"id_cm":"39","prima_cm":61.452,"id_re":"60","prima_re":75.492}}', NULL, 1, NULL, NULL, 49, 4, NULL, NULL, NULL, NULL, NULL, NULL, NULL, NULL, NULL, NULL, 50, NULL, NULL, NULL, NULL, NULL, NULL, NULL, NULL, NULL, NULL, NULL, NULL, NULL, NULL, NULL, NULL, NULL, NULL, NULL, NULL, NULL, NULL, NULL, NULL, NULL, NULL, NULL, NULL, NULL, NULL, NULL, NULL, NULL, NULL, NULL, NULL, NULL, NULL, NULL, NULL, NULL),
(859, 1, 5, '4813725960', '2017-01-27 09:29:37', NULL, 0, 'prueba', '670060509', 'sftb@starazona.com', 1, 0, 0, NULL, '{"2":{"id":"16","prima":217}}', NULL, NULL, NULL, NULL, NULL, NULL, NULL, NULL, NULL, NULL, NULL, NULL, NULL, NULL, NULL, NULL, NULL, NULL, NULL, NULL, NULL, NULL, NULL, NULL, NULL, NULL, NULL, NULL, NULL, NULL, NULL, NULL, NULL, NULL, NULL, NULL, NULL, NULL, NULL, NULL, NULL, NULL, NULL, NULL, NULL, NULL, NULL, NULL, NULL, NULL, NULL, NULL, NULL, NULL, NULL, NULL, NULL, 500),
(860, 5, 2, '2439715806', '2017-01-27 14:19:37', NULL, 0, 'prueba prueba', '666222333', 'emilio@redess.es', 1, 0, 0, NULL, '{"3":{"id_cm":"2","prima_cm":85.81,"id_re":"3","prima_re":113.9},"35":{"id_cm":"48","prima_cm":78.16,"id_re":"49","prima_re":126.58},"38":{"id_cm":"52","prima_cm":51,"id_re":"53","prima_re":79},"41":{"id_cm":"36","prima_cm":63,"id_re":"58","prima_re":95.66},"44":{"id_cm":"41","prima_cm":32,"id_re":"61","prima_re":45}}', NULL, 1, NULL, NULL, 49, 2, NULL, NULL, NULL, NULL, NULL, NULL, NULL, NULL, NULL, NULL, 50, NULL, NULL, NULL, NULL, NULL, NULL, NULL, NULL, NULL, NULL, NULL, NULL, NULL, NULL, NULL, NULL, NULL, NULL, NULL, NULL, NULL, NULL, NULL, NULL, NULL, NULL, NULL, NULL, NULL, NULL, NULL, NULL, NULL, NULL, NULL, NULL, NULL, NULL, NULL, NULL, NULL),
(861, 5, 2, '5213870469', '2017-01-27 20:03:12', NULL, 0, 'xy zw', '0034654543214', 'mint400@lycos.de', 1, 0, 0, NULL, '{"3":{"id_cm":"2","prima_cm":182.61,"id_re":"3","prima_re":224.53},"35":{"id_cm":"48","prima_cm":183.28,"id_re":"49","prima_re":274.19},"36":{"id_cm":"37","prima_cm":141,"id_re":"50","prima_re":237},"37":{"id_cm":"51","prima_cm":96,"id_re":"50","prima_re":237},"41":{"id_cm":"36","prima_cm":161.35,"id_re":"58","prima_re":206.68},"42":{"id_cm":"59","prima_cm":85.33,"id_re":"60","prima_re":144.7},"43":{"id_cm":"39","prima_cm":105.7,"id_re":"60","prima_re":144.7},"46":{"id_cm":"64","prima_cm":104.22,"id_re":"65","prima_re":286.27},"47":{"id_cm":"66","prima_cm":129.5,"id_re":"67","prima_re":324.25},"49":{"id_cm":"70","prima_cm":186.27,"id_re":"69","prima_re":304.79}}', NULL, 3, NULL, NULL, 42, 4, NULL, NULL, NULL, NULL, NULL, NULL, NULL, NULL, NULL, NULL, 28, 34, 5, NULL, NULL, NULL, NULL, NULL, NULL, NULL, NULL, NULL, NULL, NULL, NULL, NULL, NULL, NULL, NULL, NULL, NULL, NULL, NULL, NULL, NULL, NULL, NULL, NULL, NULL, NULL, NULL, NULL, NULL, NULL, NULL, NULL, NULL, NULL, NULL, NULL, NULL, NULL),
(862, 1, 6, '4859103762', '2017-01-27 21:54:54', NULL, 0, 'Jaume flores', '696024969', 'jflores@prodelec.es', 1, 0, 0, NULL, '{"Tipo de seguro":"Seguro para correfocs"}', NULL, NULL, NULL, NULL, NULL, NULL, NULL, NULL, NULL, NULL, NULL, NULL, NULL, NULL, NULL, NULL, NULL, NULL, NULL, NULL, NULL, NULL, NULL, NULL, NULL, NULL, NULL, NULL, NULL, NULL, NULL, NULL, NULL, NULL, NULL, NULL, NULL, NULL, NULL, NULL, NULL, NULL, NULL, NULL, NULL, NULL, NULL, NULL, NULL, NULL, NULL, NULL, NULL, NULL, NULL, NULL, NULL, NULL),
(863, 5, 2, '1603925847', '2017-01-28 10:41:46', 3, 0, 'prueba casa', '666555444', 'evlattur@gmail.com', 1, 0, 0, NULL, '{"3":{"id_cm":"2","prima_cm":200.32,"id_re":"3","prima_re":268.71},"35":{"id_cm":"48","prima_cm":222.09,"id_re":"49","prima_re":344.84},"38":{"id_cm":"52","prima_cm":151,"id_re":"53","prima_re":217},"41":{"id_cm":"36","prima_cm":166,"id_re":"58","prima_re":70.6},"44":{"id_cm":"41","prima_cm":81.95,"id_re":"61","prima_re":107.95}}', NULL, 2, NULL, NULL, 2, 2, NULL, NULL, NULL, NULL, NULL, NULL, NULL, NULL, NULL, NULL, 30, 62, NULL, NULL, NULL, NULL, NULL, NULL, NULL, NULL, NULL, NULL, NULL, NULL, NULL, NULL, NULL, NULL, NULL, NULL, NULL, NULL, NULL, NULL, NULL, NULL, NULL, NULL, NULL, NULL, NULL, NULL, NULL, NULL, NULL, NULL, NULL, NULL, NULL, NULL, NULL, NULL),
(864, 1, 6, '2906741538', '2017-01-30 08:37:35', NULL, 0, 'prueba1', '666555444', 'emilio@redess.es', 1, 0, 0, NULL, '{"Tipo de seguro":"Seguro para correfocs"}', NULL, NULL, NULL, NULL, NULL, NULL, NULL, NULL, NULL, NULL, NULL, NULL, NULL, NULL, NULL, NULL, NULL, NULL, NULL, NULL, NULL, NULL, NULL, NULL, NULL, NULL, NULL, NULL, NULL, NULL, NULL, NULL, NULL, NULL, NULL, NULL, NULL, NULL, NULL, NULL, NULL, NULL, NULL, NULL, NULL, NULL, NULL, NULL, NULL, NULL, NULL, NULL, NULL, NULL, NULL, NULL, NULL, NULL),
(865, 1, 6, '1264387095', '2017-01-30 08:38:15', NULL, 0, 'prueba1', '666555444', 'emilio@redess.es', 1, 0, 0, NULL, '{"Tipo de seguro":"Seguro para correfocs"}', NULL, NULL, NULL, NULL, NULL, NULL, NULL, NULL, NULL, NULL, NULL, NULL, NULL, NULL, NULL, NULL, NULL, NULL, NULL, NULL, NULL, NULL, NULL, NULL, NULL, NULL, NULL, NULL, NULL, NULL, NULL, NULL, NULL, NULL, NULL, NULL, NULL, NULL, NULL, NULL, NULL, NULL, NULL, NULL, NULL, NULL, NULL, NULL, NULL, NULL, NULL, NULL, NULL, NULL, NULL, NULL, NULL, NULL),
(866, 1, 6, '8674051923', '2017-01-30 08:40:15', NULL, 0, 'prueba2', '666555444', 'emilio@redess.es', 1, 0, 0, NULL, '{"Tipo de seguro":"Seguro para correfocs"}', NULL, NULL, NULL, NULL, NULL, NULL, NULL, NULL, NULL, NULL, NULL, NULL, NULL, NULL, NULL, NULL, NULL, NULL, NULL, NULL, NULL, NULL, NULL, NULL, NULL, NULL, NULL, NULL, NULL, NULL, NULL, NULL, NULL, NULL, NULL, NULL, NULL, NULL, NULL, NULL, NULL, NULL, NULL, NULL, NULL, NULL, NULL, NULL, NULL, NULL, NULL, NULL, NULL, NULL, NULL, NULL, NULL, NULL),
(868, 1, 6, '1724360895', '2017-01-30 20:02:37', NULL, 0, 'Mario Catena Jiménez ', '615576883', 'mariocatenajimenez1965@yahoo.com', 1, 0, 0, NULL, '{"Producto interesado":"Seguro veh\\u00edculo","Tipo de seguro":"Seguro para feriantes"}', NULL, NULL, NULL, NULL, NULL, NULL, NULL, NULL, NULL, NULL, NULL, NULL, NULL, NULL, NULL, NULL, NULL, NULL, NULL, NULL, NULL, NULL, NULL, NULL, NULL, NULL, NULL, NULL, NULL, NULL, NULL, NULL, NULL, NULL, NULL, NULL, NULL, NULL, NULL, NULL, NULL, NULL, NULL, NULL, NULL, NULL, NULL, NULL, NULL, NULL, NULL, NULL, NULL, NULL, NULL, NULL, NULL, NULL),
(869, 9, 5, '0496731258', '2017-01-31 09:28:11', NULL, 0, 'Jesús', '123456789', 'jesus@grupotat.com', 0, 0, 0, '2017-05-05 11:30:12', '{"1":{"id":"15","prima":234},"4":{"id":"16","prima":422.2},"5":{"id":"47","prima":374.4}}', 20, NULL, NULL, NULL, NULL, NULL, NULL, NULL, NULL, NULL, NULL, NULL, NULL, NULL, NULL, NULL, NULL, NULL, NULL, NULL, NULL, NULL, NULL, NULL, NULL, NULL, NULL, NULL, NULL, NULL, NULL, NULL, NULL, NULL, NULL, NULL, NULL, NULL, NULL, NULL, NULL, NULL, NULL, NULL, NULL, NULL, NULL, NULL, NULL, NULL, NULL, NULL, NULL, NULL, NULL, NULL, NULL, 780),
(870, 9, 5, '8401293765', '2017-01-31 10:26:28', NULL, 0, 'Jesús', '123456789', 'jesus@grupotat.com', 0, 0, 0, '2017-05-05 11:30:20', '{"1":{"id":"15","prima":240},"4":{"id":"16","prima":433},"5":{"id":"47","prima":384}}', 20, NULL, NULL, NULL, NULL, NULL, NULL, NULL, NULL, NULL, NULL, NULL, NULL, NULL, NULL, NULL, NULL, NULL, NULL, NULL, NULL, NULL, NULL, NULL, NULL, NULL, NULL, NULL, NULL, NULL, NULL, NULL, NULL, NULL, NULL, NULL, NULL, NULL, NULL, NULL, NULL, NULL, NULL, NULL, NULL, NULL, NULL, NULL, NULL, NULL, NULL, NULL, NULL, NULL, NULL, NULL, NULL, 800),
(871, 5, 2, '3897246015', '2017-01-31 11:38:17', NULL, 0, 'Veronika Belogolova', '651719334', 'nika.bel@gmail.com', 1, 0, 0, NULL, '{"3":{"id_cm":"2","prima_cm":62.93,"id_re":"3","prima_re":74.85},"35":{"id_cm":"48","prima_cm":63.61,"id_re":"49","prima_re":98.43},"36":{"id_cm":"37","prima_cm":47,"id_re":"50","prima_re":79},"37":{"id_cm":"51","prima_cm":32,"id_re":"50","prima_re":79},"41":{"id_cm":"36","prima_cm":55.7,"id_re":"58","prima_re":70.6},"42":{"id_cm":"59","prima_cm":30.66,"id_re":"60","prima_re":56.052},"43":{"id_cm":"39","prima_cm":42.012,"id_re":"60","prima_re":56.052},"46":{"id_cm":"64","prima_cm":36.82,"id_re":"65","prima_re":99.09},"47":{"id_cm":"66","prima_cm":47.5,"id_re":"67","prima_re":111.91},"49":{"id_cm":"70","prima_cm":66,"id_re":"69","prima_re":106.2}}', NULL, 1, NULL, NULL, 38, 4, NULL, NULL, NULL, NULL, NULL, NULL, NULL, NULL, NULL, NULL, 27, NULL, NULL, NULL, NULL, NULL, NULL, NULL, NULL, NULL, NULL, NULL, NULL, NULL, NULL, NULL, NULL, NULL, NULL, NULL, NULL, NULL, NULL, NULL, NULL, NULL, NULL, NULL, NULL, NULL, NULL, NULL, NULL, NULL, NULL, NULL, NULL, NULL, NULL, NULL, NULL, NULL);
INSERT INTO `tarificaciones` (`id`, `correduria_id`, `ramo_id`, `codigo_tarificacion`, `fecha_creacion`, `creada_por`, `numMensajes`, `nombre_completo`, `telefono`, `email`, `activo`, `documentacionEnviada`, `contratada`, `fecha_borrado`, `data`, `deletedBy_id`, `numeroPersonas`, `vida_capital`, `vida_fechaNacimiento`, `salud_provincia_id`, `salud_contratante_id`, `salud_fechaNacimiento1`, `salud_fechaNacimiento2`, `salud_fechaNacimiento3`, `salud_fechaNacimiento4`, `salud_fechaNacimiento5`, `salud_fechaNacimiento6`, `salud_fechaNacimiento7`, `salud_fechaNacimiento8`, `salud_fechaNacimiento9`, `salud_fechaNacimiento10`, `salud_edad1`, `salud_edad2`, `salud_edad3`, `salud_edad4`, `salud_edad5`, `salud_edad6`, `salud_edad7`, `salud_edad8`, `salud_edad9`, `salud_edad10`, `decesos_provincia_id_1`, `decesos_provincia_id_2`, `decesos_provincia_id_3`, `decesos_provincia_id_4`, `decesos_provincia_id_5`, `decesos_provincia_id_6`, `decesos_provincia_id_7`, `decesos_provincia_id_8`, `decesos_provincia_id_9`, `decesos_provincia_id_10`, `decesos_fechaNacimiento1`, `decesos_fechaNacimiento2`, `decesos_fechaNacimiento3`, `decesos_fechaNacimiento4`, `decesos_fechaNacimiento5`, `decesos_fechaNacimiento6`, `decesos_fechaNacimiento7`, `decesos_fechaNacimiento8`, `decesos_fechaNacimiento9`, `decesos_fechaNacimiento10`, `decesos_edad1`, `decesos_edad2`, `decesos_edad3`, `decesos_edad4`, `decesos_edad5`, `decesos_edad6`, `decesos_edad7`, `decesos_edad8`, `decesos_edad9`, `decesos_edad10`, `alquiler_rentaMensual`, `alquiler_valorAlquiler`) VALUES
(872, 5, 2, '6570981423', '2017-01-31 14:16:42', NULL, 0, 'Prueba Delgado', '922296656', 'produccion@canarisk.es', 1, 0, 0, NULL, '{"3":{"id_cm":"2","prima_cm":61.81,"id_re":"3","prima_re":72.9},"35":{"id_cm":"48","prima_cm":63.61,"id_re":"49","prima_re":98.43},"36":{"id_cm":"37","prima_cm":47,"id_re":"50","prima_re":79},"37":{"id_cm":"51","prima_cm":32,"id_re":"50","prima_re":79},"41":{"id_cm":"36","prima_cm":55.7,"id_re":"58","prima_re":70.6},"42":{"id_cm":"59","prima_cm":30.5,"id_re":"60","prima_re":56.052},"43":{"id_cm":"39","prima_cm":42.012,"id_re":"60","prima_re":56.052},"46":{"id_cm":"64","prima_cm":35.83,"id_re":"65","prima_re":97.1},"47":{"id_cm":"66","prima_cm":47.5,"id_re":"67","prima_re":109.85},"49":{"id_cm":"70","prima_cm":64.1,"id_re":"69","prima_re":106.2}}', NULL, 1, NULL, NULL, 42, 4, NULL, NULL, NULL, NULL, NULL, NULL, NULL, NULL, NULL, NULL, 26, NULL, NULL, NULL, NULL, NULL, NULL, NULL, NULL, NULL, NULL, NULL, NULL, NULL, NULL, NULL, NULL, NULL, NULL, NULL, NULL, NULL, NULL, NULL, NULL, NULL, NULL, NULL, NULL, NULL, NULL, NULL, NULL, NULL, NULL, NULL, NULL, NULL, NULL, NULL, NULL, NULL),
(873, 5, 2, '8652173049', '2017-02-01 11:55:42', NULL, 0, 'Prueba autonomo Delgado', '922296656', 'produccion@canarisk.es', 1, 0, 0, NULL, '{"3":{"id_cm":"2","prima_cm":61.81,"id_re":"3","prima_re":72.9},"35":{"id_cm":"48","prima_cm":63.61,"id_re":"49","prima_re":98.43},"38":{"id_cm":"52","prima_cm":51,"id_re":"53","prima_re":79},"41":{"id_cm":"36","prima_cm":55.7,"id_re":"58","prima_re":70.6},"44":{"id_cm":"41","prima_cm":32,"id_re":"61","prima_re":45},"48":{"id_cm":"68","prima_cm":32.05,"id_re":"69","prima_re":106.2}}', NULL, 1, NULL, NULL, 42, 2, NULL, NULL, NULL, NULL, NULL, NULL, NULL, NULL, NULL, NULL, 26, NULL, NULL, NULL, NULL, NULL, NULL, NULL, NULL, NULL, NULL, NULL, NULL, NULL, NULL, NULL, NULL, NULL, NULL, NULL, NULL, NULL, NULL, NULL, NULL, NULL, NULL, NULL, NULL, NULL, NULL, NULL, NULL, NULL, NULL, NULL, NULL, NULL, NULL, NULL, NULL, NULL),
(874, 5, 2, '7308624951', '2017-02-01 12:24:39', NULL, 0, 'Jesus Prueba', '922296656', 'jcarballo@canarisk.es', 1, 0, 0, NULL, '{"3":{"id_cm":"2","prima_cm":85.81,"id_re":"3","prima_re":113.9},"35":{"id_cm":"48","prima_cm":78.16,"id_re":"49","prima_re":126.58},"36":{"id_cm":"37","prima_cm":47,"id_re":"50","prima_re":79},"37":{"id_cm":"51","prima_cm":32,"id_re":"50","prima_re":79},"41":{"id_cm":"36","prima_cm":63,"id_re":"58","prima_re":95.66},"42":{"id_cm":"59","prima_cm":47.3,"id_re":"60","prima_re":75.492},"43":{"id_cm":"39","prima_cm":61.452,"id_re":"60","prima_re":75.492},"46":{"id_cm":"64","prima_cm":46.58,"id_re":"65","prima_re":141.01},"47":{"id_cm":"66","prima_cm":67.25,"id_re":"67","prima_re":163.35},"49":{"id_cm":"70","prima_cm":85.5,"id_re":"69","prima_re":161.97}}', NULL, 1, NULL, NULL, 42, 4, NULL, NULL, NULL, NULL, NULL, NULL, NULL, NULL, NULL, NULL, 50, NULL, NULL, NULL, NULL, NULL, NULL, NULL, NULL, NULL, NULL, NULL, NULL, NULL, NULL, NULL, NULL, NULL, NULL, NULL, NULL, NULL, NULL, NULL, NULL, NULL, NULL, NULL, NULL, NULL, NULL, NULL, NULL, NULL, NULL, NULL, NULL, NULL, NULL, NULL, NULL, NULL),
(875, 5, 2, '0428136597', '2017-02-01 13:09:00', NULL, 0, 'Prueba autonomo Delgado', '922296656', 'produccion@canarisk.es', 1, 0, 0, NULL, '{"3":{"id_cm":"2","prima_cm":171.62,"id_re":"3","prima_re":227.8},"35":{"id_cm":"48","prima_cm":156.32,"id_re":"49","prima_re":253.16},"38":{"id_cm":"52","prima_cm":102,"id_re":"53","prima_re":158},"41":{"id_cm":"36","prima_cm":126,"id_re":"58","prima_re":191.32},"44":{"id_cm":"41","prima_cm":64,"id_re":"61","prima_re":90},"48":{"id_cm":"68","prima_cm":85.5,"id_re":"69","prima_re":323.94}}', NULL, 2, NULL, NULL, 42, 2, NULL, NULL, NULL, NULL, NULL, NULL, NULL, NULL, NULL, NULL, 50, 50, NULL, NULL, NULL, NULL, NULL, NULL, NULL, NULL, NULL, NULL, NULL, NULL, NULL, NULL, NULL, NULL, NULL, NULL, NULL, NULL, NULL, NULL, NULL, NULL, NULL, NULL, NULL, NULL, NULL, NULL, NULL, NULL, NULL, NULL, NULL, NULL, NULL, NULL, NULL, NULL),
(876, 5, 2, '5248976310', '2017-02-01 13:16:57', NULL, 0, 'Prueba autonomo con empleados Delgado', '922296656', 'produccion@canarisk.es', 1, 0, 0, NULL, '{"3":{"id_cm":"2","prima_cm":52.95,"id_re":"3","prima_re":60.69},"35":{"id_cm":"48","prima_cm":63.61,"id_re":"49","prima_re":98.43},"38":{"id_cm":"52","prima_cm":51,"id_re":"53","prima_re":79},"41":{"id_cm":"36","prima_cm":52.3,"id_re":"58","prima_re":65.48},"44":{"id_cm":"41","prima_cm":32,"id_re":"61","prima_re":45},"50":{"id_cm":"71","prima_cm":50.75,"id_re":"72","prima_re":83.21}}', NULL, 1, NULL, NULL, 42, 3, NULL, NULL, NULL, NULL, NULL, NULL, NULL, NULL, NULL, NULL, 20, NULL, NULL, NULL, NULL, NULL, NULL, NULL, NULL, NULL, NULL, NULL, NULL, NULL, NULL, NULL, NULL, NULL, NULL, NULL, NULL, NULL, NULL, NULL, NULL, NULL, NULL, NULL, NULL, NULL, NULL, NULL, NULL, NULL, NULL, NULL, NULL, NULL, NULL, NULL, NULL, NULL),
(877, 5, 2, '1583970264', '2017-02-01 13:20:57', NULL, 0, 'Prueba Empresas Delgado', '922296656', 'produccion@canarisk.es', 1, 0, 0, NULL, '{"3":{"id_cm":"2","prima_cm":149.79,"id_re":"3","prima_re":171.55},"35":{"id_cm":"48","prima_cm":175.73,"id_re":"49","prima_re":253.09},"39":{"id_cm":"54","prima_cm":135,"id_re":"55","prima_re":190.5},"40":{"id_cm":"56","prima_cm":135,"id_re":"57","prima_re":190.5},"41":{"id_cm":"36","prima_cm":154.55,"id_re":"58","prima_re":196.44},"45":{"id_cm":"62","prima_cm":146.85,"id_re":"63","prima_re":185.85},"50":{"id_cm":"71","prima_cm":133.95,"id_re":"72","prima_re":198.73},"51":{"id_cm":"73","prima_cm":135,"id_re":"74","prima_re":150.45}}', NULL, 3, NULL, NULL, 42, 1, NULL, NULL, NULL, NULL, NULL, NULL, NULL, NULL, NULL, NULL, 20, 8, 5, NULL, NULL, NULL, NULL, NULL, NULL, NULL, NULL, NULL, NULL, NULL, NULL, NULL, NULL, NULL, NULL, NULL, NULL, NULL, NULL, NULL, NULL, NULL, NULL, NULL, NULL, NULL, NULL, NULL, NULL, NULL, NULL, NULL, NULL, NULL, NULL, NULL, NULL, NULL),
(878, 5, 2, '8903472156', '2017-02-01 13:26:07', NULL, 0, 'Prueba Empresas Delgado', '922296656', 'produccion@canarisk.es', 1, 0, 0, NULL, '{"3":{"id_cm":"2","prima_cm":85.81,"id_re":"3","prima_re":113.9},"35":{"id_cm":"48","prima_cm":78.16,"id_re":"49","prima_re":126.58},"39":{"id_cm":"54","prima_cm":45,"id_re":"55","prima_re":63.5},"40":{"id_cm":"56","prima_cm":45,"id_re":"57","prima_re":63.5},"41":{"id_cm":"36","prima_cm":63,"id_re":"58","prima_re":95.66},"45":{"id_cm":"62","prima_cm":48.95,"id_re":"63","prima_re":61.95},"50":{"id_cm":"71","prima_cm":68.63,"id_re":"72","prima_re":112.85},"51":{"id_cm":"73","prima_cm":45,"id_re":"74","prima_re":50.15}}', NULL, 1, NULL, NULL, 42, 1, NULL, NULL, NULL, NULL, NULL, NULL, NULL, NULL, NULL, NULL, 50, NULL, NULL, NULL, NULL, NULL, NULL, NULL, NULL, NULL, NULL, NULL, NULL, NULL, NULL, NULL, NULL, NULL, NULL, NULL, NULL, NULL, NULL, NULL, NULL, NULL, NULL, NULL, NULL, NULL, NULL, NULL, NULL, NULL, NULL, NULL, NULL, NULL, NULL, NULL, NULL, NULL),
(879, 5, 2, '9756128430', '2017-02-01 13:26:32', NULL, 0, 'Prueba Empresas Delgado', '922296656', 'produccion@canarisk.es', 1, 0, 0, NULL, '{"3":{"id_cm":"2","prima_cm":85.81,"id_re":"3","prima_re":113.9},"35":{"id_cm":"48","prima_cm":78.16,"id_re":"49","prima_re":126.58},"39":{"id_cm":"54","prima_cm":45,"id_re":"55","prima_re":63.5},"40":{"id_cm":"56","prima_cm":45,"id_re":"57","prima_re":63.5},"41":{"id_cm":"36","prima_cm":63,"id_re":"58","prima_re":95.66},"45":{"id_cm":"62","prima_cm":48.95,"id_re":"63","prima_re":61.95},"50":{"id_cm":"71","prima_cm":68.63,"id_re":"72","prima_re":112.85},"51":{"id_cm":"73","prima_cm":45,"id_re":"74","prima_re":50.15}}', NULL, 1, NULL, NULL, 42, 1, NULL, NULL, NULL, NULL, NULL, NULL, NULL, NULL, NULL, NULL, 50, NULL, NULL, NULL, NULL, NULL, NULL, NULL, NULL, NULL, NULL, NULL, NULL, NULL, NULL, NULL, NULL, NULL, NULL, NULL, NULL, NULL, NULL, NULL, NULL, NULL, NULL, NULL, NULL, NULL, NULL, NULL, NULL, NULL, NULL, NULL, NULL, NULL, NULL, NULL, NULL, NULL),
(880, 5, 2, '8573296014', '2017-02-01 13:26:52', NULL, 0, 'Prueba Empresas Delgado', '922296656', 'produccion@canarisk.es', 1, 0, 0, NULL, '{"3":{"id_cm":"2","prima_cm":128.59,"id_re":"3","prima_re":179.05},"35":{"id_cm":"48","prima_cm":158.48,"id_re":"49","prima_re":246.41},"39":{"id_cm":"54","prima_cm":80.36,"id_re":"55","prima_re":110.92},"40":{"id_cm":"56","prima_cm":45,"id_re":"57","prima_re":63.5},"41":{"id_cm":"36","prima_cm":110.3,"id_re":"58","prima_re":0},"45":{"id_cm":"62","prima_cm":48.95,"id_re":"63","prima_re":61.95},"50":{"id_cm":"71","prima_cm":111.43,"id_re":"72","prima_re":175.73},"51":{"id_cm":"73","prima_cm":45,"id_re":"74","prima_re":50.15}}', NULL, 1, NULL, NULL, 42, 1, NULL, NULL, NULL, NULL, NULL, NULL, NULL, NULL, NULL, NULL, 61, NULL, NULL, NULL, NULL, NULL, NULL, NULL, NULL, NULL, NULL, NULL, NULL, NULL, NULL, NULL, NULL, NULL, NULL, NULL, NULL, NULL, NULL, NULL, NULL, NULL, NULL, NULL, NULL, NULL, NULL, NULL, NULL, NULL, NULL, NULL, NULL, NULL, NULL, NULL, NULL, NULL),
(881, 5, 2, '6784235190', '2017-02-01 13:36:30', NULL, 0, 'Prueba autonomo Delgado', '922296656', 'produccion@canarisk.es', 1, 0, 0, NULL, '{"3":{"id_cm":"2","prima_cm":171.62,"id_re":"3","prima_re":227.8},"35":{"id_cm":"48","prima_cm":156.32,"id_re":"49","prima_re":253.16},"38":{"id_cm":"52","prima_cm":102,"id_re":"53","prima_re":158},"41":{"id_cm":"36","prima_cm":126,"id_re":"58","prima_re":191.32},"44":{"id_cm":"41","prima_cm":64,"id_re":"61","prima_re":90},"48":{"id_cm":"68","prima_cm":85.5,"id_re":"69","prima_re":323.94}}', NULL, 2, NULL, NULL, 42, 2, NULL, NULL, NULL, NULL, NULL, NULL, NULL, NULL, NULL, NULL, 50, 50, NULL, NULL, NULL, NULL, NULL, NULL, NULL, NULL, NULL, NULL, NULL, NULL, NULL, NULL, NULL, NULL, NULL, NULL, NULL, NULL, NULL, NULL, NULL, NULL, NULL, NULL, NULL, NULL, NULL, NULL, NULL, NULL, NULL, NULL, NULL, NULL, NULL, NULL, NULL, NULL),
(882, 1, 5, '9643817250', '2017-02-05 11:49:37', NULL, 0, 'juan', '606993699', 'familiaconesa@gmail.com', 1, 0, 0, NULL, '{"2":{"id":"16","prima":217}}', NULL, NULL, NULL, NULL, NULL, NULL, NULL, NULL, NULL, NULL, NULL, NULL, NULL, NULL, NULL, NULL, NULL, NULL, NULL, NULL, NULL, NULL, NULL, NULL, NULL, NULL, NULL, NULL, NULL, NULL, NULL, NULL, NULL, NULL, NULL, NULL, NULL, NULL, NULL, NULL, NULL, NULL, NULL, NULL, NULL, NULL, NULL, NULL, NULL, NULL, NULL, NULL, NULL, NULL, NULL, NULL, NULL, 500),
(883, 5, 2, '5190367482', '2017-02-05 18:06:29', NULL, 0, 'Juan Suárez gil', '928464646', 'jhon@hotmail.com', 1, 0, 0, NULL, '{"3":{"id_cm":"2","prima_cm":122.2,"id_re":"3","prima_re":170.12},"35":{"id_cm":"48","prima_cm":158.48,"id_re":"49","prima_re":246.41},"36":{"id_cm":"37","prima_cm":85,"id_re":"50","prima_re":138},"37":{"id_cm":"51","prima_cm":79,"id_re":"50","prima_re":138},"41":{"id_cm":"36","prima_cm":88.9,"id_re":"58","prima_re":0},"42":{"id_cm":"59","prima_cm":57.97,"id_re":"60","prima_re":119.772},"43":{"id_cm":"39","prima_cm":105.732,"id_re":"60","prima_re":119.772},"46":{"id_cm":"64","prima_cm":60.06,"id_re":"65","prima_re":186.28},"47":{"id_cm":"66","prima_cm":87.5,"id_re":"67","prima_re":217.9},"49":{"id_cm":"70","prima_cm":111.73,"id_re":"69","prima_re":208.62}}', NULL, 1, NULL, NULL, 38, 4, NULL, NULL, NULL, NULL, NULL, NULL, NULL, NULL, NULL, NULL, 60, NULL, NULL, NULL, NULL, NULL, NULL, NULL, NULL, NULL, NULL, NULL, NULL, NULL, NULL, NULL, NULL, NULL, NULL, NULL, NULL, NULL, NULL, NULL, NULL, NULL, NULL, NULL, NULL, NULL, NULL, NULL, NULL, NULL, NULL, NULL, NULL, NULL, NULL, NULL, NULL, NULL),
(884, 5, 2, '2870451369', '2017-02-05 18:06:30', NULL, 0, 'Juan Suárez gil', '928464646', 'jhon@hotmail.com', 1, 0, 0, NULL, '{"3":{"id_cm":"2","prima_cm":122.2,"id_re":"3","prima_re":170.12},"35":{"id_cm":"48","prima_cm":158.48,"id_re":"49","prima_re":246.41},"36":{"id_cm":"37","prima_cm":85,"id_re":"50","prima_re":138},"37":{"id_cm":"51","prima_cm":79,"id_re":"50","prima_re":138},"41":{"id_cm":"36","prima_cm":88.9,"id_re":"58","prima_re":0},"42":{"id_cm":"59","prima_cm":57.97,"id_re":"60","prima_re":119.772},"43":{"id_cm":"39","prima_cm":105.732,"id_re":"60","prima_re":119.772},"46":{"id_cm":"64","prima_cm":60.06,"id_re":"65","prima_re":186.28},"47":{"id_cm":"66","prima_cm":87.5,"id_re":"67","prima_re":217.9},"49":{"id_cm":"70","prima_cm":111.73,"id_re":"69","prima_re":208.62}}', NULL, 1, NULL, NULL, 38, 4, NULL, NULL, NULL, NULL, NULL, NULL, NULL, NULL, NULL, NULL, 60, NULL, NULL, NULL, NULL, NULL, NULL, NULL, NULL, NULL, NULL, NULL, NULL, NULL, NULL, NULL, NULL, NULL, NULL, NULL, NULL, NULL, NULL, NULL, NULL, NULL, NULL, NULL, NULL, NULL, NULL, NULL, NULL, NULL, NULL, NULL, NULL, NULL, NULL, NULL, NULL, NULL),
(885, 1, 6, '8902453167', '2017-02-06 10:15:15', NULL, 0, 'Jesus Alonso gonzalec', '696802131', 'toroslocosjesusalonso@gmail.com', 1, 0, 0, NULL, '{"Producto interesado":"Da\\u00f1os a la atracci\\u00f3n","Tipo de seguro":"Seguro para feriantes"}', NULL, NULL, NULL, NULL, NULL, NULL, NULL, NULL, NULL, NULL, NULL, NULL, NULL, NULL, NULL, NULL, NULL, NULL, NULL, NULL, NULL, NULL, NULL, NULL, NULL, NULL, NULL, NULL, NULL, NULL, NULL, NULL, NULL, NULL, NULL, NULL, NULL, NULL, NULL, NULL, NULL, NULL, NULL, NULL, NULL, NULL, NULL, NULL, NULL, NULL, NULL, NULL, NULL, NULL, NULL, NULL, NULL, NULL),
(886, 1, 6, '7810364529', '2017-02-06 17:38:48', NULL, 0, 'Jimmy Nieto', '305300043', 'nieto.jimmy@gmail.com', 1, 0, 0, NULL, '{"Producto interesado":"Otros","Tipo de seguro":"Seguro para feriantes"}', NULL, NULL, NULL, NULL, NULL, NULL, NULL, NULL, NULL, NULL, NULL, NULL, NULL, NULL, NULL, NULL, NULL, NULL, NULL, NULL, NULL, NULL, NULL, NULL, NULL, NULL, NULL, NULL, NULL, NULL, NULL, NULL, NULL, NULL, NULL, NULL, NULL, NULL, NULL, NULL, NULL, NULL, NULL, NULL, NULL, NULL, NULL, NULL, NULL, NULL, NULL, NULL, NULL, NULL, NULL, NULL, NULL, NULL),
(887, 1, 6, '9514382067', '2017-02-07 11:01:32', NULL, 0, ' Carlos Alberto da Silvia freitas', '696845871', 'miafani2010@hotmail.com', 1, 0, 0, NULL, '{"Producto interesado":"Responsabilidad civil","Tipo de seguro":"Seguro para feriantes"}', NULL, NULL, NULL, NULL, NULL, NULL, NULL, NULL, NULL, NULL, NULL, NULL, NULL, NULL, NULL, NULL, NULL, NULL, NULL, NULL, NULL, NULL, NULL, NULL, NULL, NULL, NULL, NULL, NULL, NULL, NULL, NULL, NULL, NULL, NULL, NULL, NULL, NULL, NULL, NULL, NULL, NULL, NULL, NULL, NULL, NULL, NULL, NULL, NULL, NULL, NULL, NULL, NULL, NULL, NULL, NULL, NULL, NULL),
(888, 1, 6, '1946027583', '2017-02-08 09:30:09', NULL, 0, 'prueba1', '666555444', 'aaa@aaa.com', 1, 0, 0, NULL, '{"Clase de actos festivos":"Dragones de fuego","Tipo de seguro":"Seguro para fallas"}', NULL, NULL, NULL, NULL, NULL, NULL, NULL, NULL, NULL, NULL, NULL, NULL, NULL, NULL, NULL, NULL, NULL, NULL, NULL, NULL, NULL, NULL, NULL, NULL, NULL, NULL, NULL, NULL, NULL, NULL, NULL, NULL, NULL, NULL, NULL, NULL, NULL, NULL, NULL, NULL, NULL, NULL, NULL, NULL, NULL, NULL, NULL, NULL, NULL, NULL, NULL, NULL, NULL, NULL, NULL, NULL, NULL, NULL),
(889, 1, 6, '9672541083', '2017-02-08 09:35:24', NULL, 0, 'prueba1', '666555444', 'aaa@aaa.com', 1, 0, 0, NULL, '{"Clase de actos festivos":"Dragones de fuego","Tipo de seguro":"Seguro para fallas"}', NULL, NULL, NULL, NULL, NULL, NULL, NULL, NULL, NULL, NULL, NULL, NULL, NULL, NULL, NULL, NULL, NULL, NULL, NULL, NULL, NULL, NULL, NULL, NULL, NULL, NULL, NULL, NULL, NULL, NULL, NULL, NULL, NULL, NULL, NULL, NULL, NULL, NULL, NULL, NULL, NULL, NULL, NULL, NULL, NULL, NULL, NULL, NULL, NULL, NULL, NULL, NULL, NULL, NULL, NULL, NULL, NULL, NULL),
(890, 5, 2, '2758410639', '2017-02-08 10:12:52', 3, 0, 'p1', '666555444', 'emilio@redess.es', 1, 0, 0, NULL, '{"3":{"id_cm":"2","prima_cm":61.81,"id_re":"3","prima_re":72.9},"35":{"id_cm":"48","prima_cm":63.61,"id_re":"49","prima_re":98.43},"36":{"id_cm":"37","prima_cm":47,"id_re":"50","prima_re":79},"37":{"id_cm":"51","prima_cm":32,"id_re":"50","prima_re":79},"41":{"id_cm":"36","prima_cm":55.7,"id_re":"58","prima_re":70.6},"42":{"id_cm":"59","prima_cm":30.5,"id_re":"60","prima_re":56.052},"43":{"id_cm":"39","prima_cm":38.9,"id_re":"60","prima_re":51.9},"46":{"id_cm":"64","prima_cm":35.83,"id_re":"65","prima_re":97.1},"47":{"id_cm":"66","prima_cm":47.5,"id_re":"67","prima_re":109.85}}', NULL, 1, NULL, NULL, 42, 4, NULL, NULL, NULL, NULL, NULL, NULL, NULL, NULL, NULL, NULL, 26, NULL, NULL, NULL, NULL, NULL, NULL, NULL, NULL, NULL, NULL, NULL, NULL, NULL, NULL, NULL, NULL, NULL, NULL, NULL, NULL, NULL, NULL, NULL, NULL, NULL, NULL, NULL, NULL, NULL, NULL, NULL, NULL, NULL, NULL, NULL, NULL, NULL, NULL, NULL, NULL, NULL),
(891, 5, 2, '2953801764', '2017-02-08 10:26:51', NULL, 0, 'Prueba particular Delgado', '922296656', 'produccion@canarisk.es', 1, 0, 0, NULL, '{"3":{"id_cm":"2","prima_cm":514.86,"id_re":"3","prima_re":683.4},"35":{"id_cm":"48","prima_cm":468.96,"id_re":"49","prima_re":759.48},"36":{"id_cm":"37","prima_cm":253.8,"id_re":"50","prima_re":426.6},"37":{"id_cm":"51","prima_cm":172.8,"id_re":"50","prima_re":426.6},"41":{"id_cm":"36","prima_cm":378,"id_re":"58","prima_re":573.96},"42":{"id_cm":"59","prima_cm":283.8,"id_re":"60","prima_re":419.4},"43":{"id_cm":"39","prima_cm":341.4,"id_re":"60","prima_re":419.4},"46":{"id_cm":"64","prima_cm":245.9424,"id_re":"65","prima_re":744.5328},"47":{"id_cm":"66","prima_cm":403.5,"id_re":"67","prima_re":862.488}}', NULL, 6, NULL, NULL, 42, 4, NULL, NULL, NULL, NULL, NULL, NULL, NULL, NULL, NULL, NULL, 50, 50, 50, 50, 50, 50, NULL, NULL, NULL, NULL, NULL, NULL, NULL, NULL, NULL, NULL, NULL, NULL, NULL, NULL, NULL, NULL, NULL, NULL, NULL, NULL, NULL, NULL, NULL, NULL, NULL, NULL, NULL, NULL, NULL, NULL, NULL, NULL, NULL, NULL, NULL, NULL),
(892, 5, 2, '3508976241', '2017-02-08 10:33:09', NULL, 0, 'Prueba particular Delgado', '922296656', 'produccion@canarisk.es', 1, 0, 0, NULL, '{"3":{"id_cm":"2","prima_cm":343.24,"id_re":"3","prima_re":455.6},"35":{"id_cm":"48","prima_cm":312.64,"id_re":"49","prima_re":506.32},"36":{"id_cm":"37","prima_cm":169.2,"id_re":"50","prima_re":284.4},"37":{"id_cm":"51","prima_cm":115.2,"id_re":"50","prima_re":284.4},"41":{"id_cm":"36","prima_cm":252,"id_re":"58","prima_re":382.64},"42":{"id_cm":"59","prima_cm":189.2,"id_re":"60","prima_re":279.6},"43":{"id_cm":"39","prima_cm":227.6,"id_re":"60","prima_re":279.6},"46":{"id_cm":"64","prima_cm":173.2776,"id_re":"65","prima_re":524.5572},"47":{"id_cm":"66","prima_cm":269,"id_re":"67","prima_re":607.662}}', NULL, 4, NULL, NULL, 42, 4, NULL, NULL, NULL, NULL, NULL, NULL, NULL, NULL, NULL, NULL, 50, 50, 50, 50, NULL, NULL, NULL, NULL, NULL, NULL, NULL, NULL, NULL, NULL, NULL, NULL, NULL, NULL, NULL, NULL, NULL, NULL, NULL, NULL, NULL, NULL, NULL, NULL, NULL, NULL, NULL, NULL, NULL, NULL, NULL, NULL, NULL, NULL, NULL, NULL, NULL, NULL),
(893, 5, 2, '3854091276', '2017-02-08 10:34:12', NULL, 0, 'Prueba particular Delgado', '922296656', 'produccion@canarisk.es', 1, 0, 0, NULL, '{"3":{"id_cm":"2","prima_cm":85.81,"id_re":"3","prima_re":113.9},"35":{"id_cm":"48","prima_cm":78.16,"id_re":"49","prima_re":126.58},"36":{"id_cm":"37","prima_cm":47,"id_re":"50","prima_re":79},"37":{"id_cm":"51","prima_cm":32,"id_re":"50","prima_re":79},"41":{"id_cm":"36","prima_cm":63,"id_re":"58","prima_re":95.66},"42":{"id_cm":"59","prima_cm":47.3,"id_re":"60","prima_re":75.492},"43":{"id_cm":"39","prima_cm":56.9,"id_re":"60","prima_re":69.9},"46":{"id_cm":"64","prima_cm":46.58,"id_re":"65","prima_re":141.01},"47":{"id_cm":"66","prima_cm":67.25,"id_re":"67","prima_re":163.35}}', NULL, 1, NULL, NULL, 42, 4, NULL, NULL, NULL, NULL, NULL, NULL, NULL, NULL, NULL, NULL, 50, NULL, NULL, NULL, NULL, NULL, NULL, NULL, NULL, NULL, NULL, NULL, NULL, NULL, NULL, NULL, NULL, NULL, NULL, NULL, NULL, NULL, NULL, NULL, NULL, NULL, NULL, NULL, NULL, NULL, NULL, NULL, NULL, NULL, NULL, NULL, NULL, NULL, NULL, NULL, NULL, NULL),
(894, 5, 2, '2136950874', '2017-02-08 10:37:16', 3, 0, 'p2', '666555444', 'emilio@redess.es', 1, 0, 0, NULL, '{"3":{"id_cm":"2","prima_cm":61.81,"id_re":"3","prima_re":72.9},"35":{"id_cm":"48","prima_cm":63.61,"id_re":"49","prima_re":98.43},"36":{"id_cm":"37","prima_cm":47,"id_re":"50","prima_re":79},"37":{"id_cm":"51","prima_cm":32,"id_re":"50","prima_re":79},"41":{"id_cm":"36","prima_cm":55.7,"id_re":"58","prima_re":70.6},"42":{"id_cm":"59","prima_cm":30.5,"id_re":"60","prima_re":51.9},"43":{"id_cm":"39","prima_cm":38.9,"id_re":"60","prima_re":51.9},"46":{"id_cm":"64","prima_cm":35.83,"id_re":"65","prima_re":97.1},"47":{"id_cm":"66","prima_cm":47.5,"id_re":"67","prima_re":109.85}}', NULL, 1, NULL, NULL, 42, 4, NULL, NULL, NULL, NULL, NULL, NULL, NULL, NULL, NULL, NULL, 26, NULL, NULL, NULL, NULL, NULL, NULL, NULL, NULL, NULL, NULL, NULL, NULL, NULL, NULL, NULL, NULL, NULL, NULL, NULL, NULL, NULL, NULL, NULL, NULL, NULL, NULL, NULL, NULL, NULL, NULL, NULL, NULL, NULL, NULL, NULL, NULL, NULL, NULL, NULL, NULL, NULL),
(895, 5, 2, '3280591467', '2017-02-08 10:39:17', 3, 0, 'p3', '666555444', 'emilio@redess.es', 1, 0, 0, NULL, '{"3":{"id_cm":"2","prima_cm":62.93,"id_re":"3","prima_re":74.85},"35":{"id_cm":"48","prima_cm":63.61,"id_re":"49","prima_re":98.43},"36":{"id_cm":"37","prima_cm":47,"id_re":"50","prima_re":79},"37":{"id_cm":"51","prima_cm":32,"id_re":"50","prima_re":79},"41":{"id_cm":"36","prima_cm":55.7,"id_re":"58","prima_re":70.6},"42":{"id_cm":"59","prima_cm":30.66,"id_re":"60","prima_re":51.9},"43":{"id_cm":"39","prima_cm":38.9,"id_re":"60","prima_re":51.9},"46":{"id_cm":"64","prima_cm":36.82,"id_re":"65","prima_re":99.09},"47":{"id_cm":"66","prima_cm":47.5,"id_re":"67","prima_re":111.91}}', NULL, 1, NULL, NULL, 42, 4, NULL, NULL, NULL, NULL, NULL, NULL, NULL, NULL, NULL, NULL, 27, NULL, NULL, NULL, NULL, NULL, NULL, NULL, NULL, NULL, NULL, NULL, NULL, NULL, NULL, NULL, NULL, NULL, NULL, NULL, NULL, NULL, NULL, NULL, NULL, NULL, NULL, NULL, NULL, NULL, NULL, NULL, NULL, NULL, NULL, NULL, NULL, NULL, NULL, NULL, NULL, NULL),
(896, 5, 2, '3810694752', '2017-02-08 10:40:42', NULL, 0, 'Prueba particular Delgado', '922296656', 'produccion@canarisk.es', 1, 0, 0, NULL, '{"3":{"id_cm":"2","prima_cm":85.81,"id_re":"3","prima_re":113.9},"35":{"id_cm":"48","prima_cm":78.16,"id_re":"49","prima_re":126.58},"36":{"id_cm":"37","prima_cm":47,"id_re":"50","prima_re":79},"37":{"id_cm":"51","prima_cm":32,"id_re":"50","prima_re":79},"41":{"id_cm":"36","prima_cm":63,"id_re":"58","prima_re":95.66},"42":{"id_cm":"59","prima_cm":47.3,"id_re":"60","prima_re":69.9},"43":{"id_cm":"39","prima_cm":56.9,"id_re":"60","prima_re":69.9},"46":{"id_cm":"64","prima_cm":46.58,"id_re":"65","prima_re":141.01},"47":{"id_cm":"66","prima_cm":67.25,"id_re":"67","prima_re":163.35}}', NULL, 1, NULL, NULL, 42, 4, NULL, NULL, NULL, NULL, NULL, NULL, NULL, NULL, NULL, NULL, 50, NULL, NULL, NULL, NULL, NULL, NULL, NULL, NULL, NULL, NULL, NULL, NULL, NULL, NULL, NULL, NULL, NULL, NULL, NULL, NULL, NULL, NULL, NULL, NULL, NULL, NULL, NULL, NULL, NULL, NULL, NULL, NULL, NULL, NULL, NULL, NULL, NULL, NULL, NULL, NULL, NULL),
(897, 5, 2, '1809264735', '2017-02-08 10:41:09', NULL, 0, 'Prueba particular Delgado', '922296656', 'produccion@canarisk.es', 1, 0, 0, NULL, '{"3":{"id_cm":"2","prima_cm":44.2,"id_re":"3","prima_re":47.42},"35":{"id_cm":"48","prima_cm":56.06,"id_re":"49","prima_re":77.33},"36":{"id_cm":"37","prima_cm":47,"id_re":"50","prima_re":79},"37":{"id_cm":"51","prima_cm":32,"id_re":"50","prima_re":79},"41":{"id_cm":"36","prima_cm":52.3,"id_re":"58","prima_re":65.48},"42":{"id_cm":"59","prima_cm":16.63,"id_re":"60","prima_re":38.9},"43":{"id_cm":"39","prima_cm":25.9,"id_re":"60","prima_re":38.9},"46":{"id_cm":"64","prima_cm":23.63,"id_re":"65","prima_re":68.38},"47":{"id_cm":"66","prima_cm":34.5,"id_re":"67","prima_re":77.97}}', NULL, 1, NULL, NULL, 42, 4, NULL, NULL, NULL, NULL, NULL, NULL, NULL, NULL, NULL, NULL, 11, NULL, NULL, NULL, NULL, NULL, NULL, NULL, NULL, NULL, NULL, NULL, NULL, NULL, NULL, NULL, NULL, NULL, NULL, NULL, NULL, NULL, NULL, NULL, NULL, NULL, NULL, NULL, NULL, NULL, NULL, NULL, NULL, NULL, NULL, NULL, NULL, NULL, NULL, NULL, NULL, NULL),
(898, 5, 2, '6504891732', '2017-02-08 10:45:04', NULL, 0, 'Prueba particular Delgado', '922296656', 'produccion@canarisk.es', 1, 0, 0, NULL, '{"3":{"id_cm":"2","prima_cm":85.81,"id_re":"3","prima_re":113.9},"35":{"id_cm":"48","prima_cm":78.16,"id_re":"49","prima_re":126.58},"38":{"id_cm":"52","prima_cm":51,"id_re":"53","prima_re":79},"41":{"id_cm":"36","prima_cm":63,"id_re":"58","prima_re":95.66},"44":{"id_cm":"41","prima_cm":32,"id_re":"61","prima_re":45},"48":{"id_cm":"68","prima_cm":42.75,"id_re":"69","prima_re":161.97},"49":{"id_cm":"70","prima_cm":85.5,"id_re":"69","prima_re":161.97}}', NULL, 1, NULL, NULL, 42, 2, NULL, NULL, NULL, NULL, NULL, NULL, NULL, NULL, NULL, NULL, 50, NULL, NULL, NULL, NULL, NULL, NULL, NULL, NULL, NULL, NULL, NULL, NULL, NULL, NULL, NULL, NULL, NULL, NULL, NULL, NULL, NULL, NULL, NULL, NULL, NULL, NULL, NULL, NULL, NULL, NULL, NULL, NULL, NULL, NULL, NULL, NULL, NULL, NULL, NULL, NULL, NULL),
(899, 5, 2, '1483965720', '2017-02-08 10:45:05', NULL, 0, 'Prueba particular Delgado', '922296656', 'produccion@canarisk.es', 1, 0, 0, NULL, '{"3":{"id_cm":"2","prima_cm":85.81,"id_re":"3","prima_re":113.9},"35":{"id_cm":"48","prima_cm":78.16,"id_re":"49","prima_re":126.58},"38":{"id_cm":"52","prima_cm":51,"id_re":"53","prima_re":79},"41":{"id_cm":"36","prima_cm":63,"id_re":"58","prima_re":95.66},"44":{"id_cm":"41","prima_cm":32,"id_re":"61","prima_re":45},"48":{"id_cm":"68","prima_cm":42.75,"id_re":"69","prima_re":161.97},"49":{"id_cm":"70","prima_cm":85.5,"id_re":"69","prima_re":161.97}}', NULL, 1, NULL, NULL, 42, 2, NULL, NULL, NULL, NULL, NULL, NULL, NULL, NULL, NULL, NULL, 50, NULL, NULL, NULL, NULL, NULL, NULL, NULL, NULL, NULL, NULL, NULL, NULL, NULL, NULL, NULL, NULL, NULL, NULL, NULL, NULL, NULL, NULL, NULL, NULL, NULL, NULL, NULL, NULL, NULL, NULL, NULL, NULL, NULL, NULL, NULL, NULL, NULL, NULL, NULL, NULL, NULL),
(900, 5, 2, '8062491357', '2017-02-08 10:45:28', NULL, 0, 'Prueba particular Delgado', '922296656', 'produccion@canarisk.es', 1, 0, 0, NULL, '{"3":{"id_cm":"2","prima_cm":52.43,"id_re":"3","prima_re":62.43},"35":{"id_cm":"48","prima_cm":56.06,"id_re":"49","prima_re":77.33},"38":{"id_cm":"52","prima_cm":51,"id_re":"53","prima_re":79},"41":{"id_cm":"36","prima_cm":49.95,"id_re":"58","prima_re":65.48},"44":{"id_cm":"41","prima_cm":32,"id_re":"61","prima_re":45},"48":{"id_cm":"68","prima_cm":23.24,"id_re":"69","prima_re":80},"49":{"id_cm":"70","prima_cm":46.47,"id_re":"69","prima_re":80}}', NULL, 1, NULL, NULL, 42, 2, NULL, NULL, NULL, NULL, NULL, NULL, NULL, NULL, NULL, NULL, 5, NULL, NULL, NULL, NULL, NULL, NULL, NULL, NULL, NULL, NULL, NULL, NULL, NULL, NULL, NULL, NULL, NULL, NULL, NULL, NULL, NULL, NULL, NULL, NULL, NULL, NULL, NULL, NULL, NULL, NULL, NULL, NULL, NULL, NULL, NULL, NULL, NULL, NULL, NULL, NULL, NULL),
(901, 5, 2, '2976138540', '2017-02-08 10:47:56', NULL, 0, 'Prueba particular Delgado', '922296656', 'produccion@canarisk.es', 1, 0, 0, NULL, '{"3":{"id_cm":"2","prima_cm":67.11,"id_re":"3","prima_re":84.35},"35":{"id_cm":"48","prima_cm":74.93,"id_re":"49","prima_re":102.66},"36":{"id_cm":"37","prima_cm":47,"id_re":"50","prima_re":79},"37":{"id_cm":"51","prima_cm":32,"id_re":"50","prima_re":79},"41":{"id_cm":"36","prima_cm":49.95,"id_re":"58","prima_re":65.48},"42":{"id_cm":"59","prima_cm":29.54,"id_re":"60","prima_re":53.9},"43":{"id_cm":"39","prima_cm":25.9,"id_re":"60","prima_re":53.9},"46":{"id_cm":"64","prima_cm":35.35,"id_re":"65","prima_re":97.15},"47":{"id_cm":"66","prima_cm":34.5,"id_re":"67","prima_re":110.27}}', NULL, 1, NULL, NULL, 42, 4, NULL, NULL, NULL, NULL, NULL, NULL, NULL, NULL, NULL, NULL, 2, NULL, NULL, NULL, NULL, NULL, NULL, NULL, NULL, NULL, NULL, NULL, NULL, NULL, NULL, NULL, NULL, NULL, NULL, NULL, NULL, NULL, NULL, NULL, NULL, NULL, NULL, NULL, NULL, NULL, NULL, NULL, NULL, NULL, NULL, NULL, NULL, NULL, NULL, NULL, NULL, NULL),
(902, 5, 2, '7149563802', '2017-02-08 10:47:56', NULL, 0, 'Prueba particular Delgado', '922296656', 'produccion@canarisk.es', 1, 0, 0, NULL, '{"3":{"id_cm":"2","prima_cm":67.11,"id_re":"3","prima_re":84.35},"35":{"id_cm":"48","prima_cm":74.93,"id_re":"49","prima_re":102.66},"36":{"id_cm":"37","prima_cm":47,"id_re":"50","prima_re":79},"37":{"id_cm":"51","prima_cm":32,"id_re":"50","prima_re":79},"41":{"id_cm":"36","prima_cm":49.95,"id_re":"58","prima_re":65.48},"42":{"id_cm":"59","prima_cm":29.54,"id_re":"60","prima_re":53.9},"43":{"id_cm":"39","prima_cm":25.9,"id_re":"60","prima_re":53.9},"46":{"id_cm":"64","prima_cm":35.35,"id_re":"65","prima_re":97.15},"47":{"id_cm":"66","prima_cm":34.5,"id_re":"67","prima_re":110.27}}', NULL, 1, NULL, NULL, 42, 4, NULL, NULL, NULL, NULL, NULL, NULL, NULL, NULL, NULL, NULL, 2, NULL, NULL, NULL, NULL, NULL, NULL, NULL, NULL, NULL, NULL, NULL, NULL, NULL, NULL, NULL, NULL, NULL, NULL, NULL, NULL, NULL, NULL, NULL, NULL, NULL, NULL, NULL, NULL, NULL, NULL, NULL, NULL, NULL, NULL, NULL, NULL, NULL, NULL, NULL, NULL, NULL),
(903, 5, 2, '7150836294', '2017-02-08 10:47:57', NULL, 0, 'Prueba particular Delgado', '922296656', 'produccion@canarisk.es', 1, 0, 0, NULL, '{"3":{"id_cm":"2","prima_cm":67.11,"id_re":"3","prima_re":84.35},"35":{"id_cm":"48","prima_cm":74.93,"id_re":"49","prima_re":102.66},"36":{"id_cm":"37","prima_cm":47,"id_re":"50","prima_re":79},"37":{"id_cm":"51","prima_cm":32,"id_re":"50","prima_re":79},"41":{"id_cm":"36","prima_cm":49.95,"id_re":"58","prima_re":65.48},"42":{"id_cm":"59","prima_cm":29.54,"id_re":"60","prima_re":53.9},"43":{"id_cm":"39","prima_cm":25.9,"id_re":"60","prima_re":53.9},"46":{"id_cm":"64","prima_cm":35.35,"id_re":"65","prima_re":97.15},"47":{"id_cm":"66","prima_cm":34.5,"id_re":"67","prima_re":110.27}}', NULL, 1, NULL, NULL, 42, 4, NULL, NULL, NULL, NULL, NULL, NULL, NULL, NULL, NULL, NULL, 2, NULL, NULL, NULL, NULL, NULL, NULL, NULL, NULL, NULL, NULL, NULL, NULL, NULL, NULL, NULL, NULL, NULL, NULL, NULL, NULL, NULL, NULL, NULL, NULL, NULL, NULL, NULL, NULL, NULL, NULL, NULL, NULL, NULL, NULL, NULL, NULL, NULL, NULL, NULL, NULL, NULL),
(904, 5, 2, '0754823196', '2017-02-08 10:50:25', NULL, 0, 'Prueba particular Delgado', '922296656', 'produccion@canarisk.es', 1, 0, 0, NULL, '{"3":{"id_cm":"2","prima_cm":85.81,"id_re":"3","prima_re":113.9},"35":{"id_cm":"48","prima_cm":78.16,"id_re":"49","prima_re":126.58},"36":{"id_cm":"37","prima_cm":47,"id_re":"50","prima_re":79},"37":{"id_cm":"51","prima_cm":32,"id_re":"50","prima_re":79},"41":{"id_cm":"36","prima_cm":63,"id_re":"58","prima_re":95.66},"42":{"id_cm":"59","prima_cm":47.3,"id_re":"60","prima_re":69.9},"43":{"id_cm":"39","prima_cm":56.9,"id_re":"60","prima_re":69.9},"46":{"id_cm":"64","prima_cm":46.58,"id_re":"65","prima_re":141.01},"47":{"id_cm":"66","prima_cm":67.25,"id_re":"67","prima_re":163.35}}', NULL, 1, NULL, NULL, 42, 4, NULL, NULL, NULL, NULL, NULL, NULL, NULL, NULL, NULL, NULL, 50, NULL, NULL, NULL, NULL, NULL, NULL, NULL, NULL, NULL, NULL, NULL, NULL, NULL, NULL, NULL, NULL, NULL, NULL, NULL, NULL, NULL, NULL, NULL, NULL, NULL, NULL, NULL, NULL, NULL, NULL, NULL, NULL, NULL, NULL, NULL, NULL, NULL, NULL, NULL, NULL, NULL),
(905, 5, 2, '8179352604', '2017-02-08 10:50:43', NULL, 0, 'Prueba particular Delgado', '922296656', 'produccion@canarisk.es', 1, 0, 0, NULL, '{"3":{"id_cm":"2","prima_cm":71.87,"id_re":"3","prima_re":89.67},"35":{"id_cm":"48","prima_cm":74.93,"id_re":"49","prima_re":102.66},"36":{"id_cm":"37","prima_cm":47,"id_re":"50","prima_re":79},"37":{"id_cm":"51","prima_cm":32,"id_re":"50","prima_re":79},"41":{"id_cm":"36","prima_cm":49.95,"id_re":"58","prima_re":65.48},"42":{"id_cm":"59","prima_cm":34.7,"id_re":"60","prima_re":53.9},"43":{"id_cm":"39","prima_cm":25.9,"id_re":"60","prima_re":53.9},"46":{"id_cm":"64","prima_cm":39.12,"id_re":"65","prima_re":108.66},"47":{"id_cm":"66","prima_cm":34.5,"id_re":"67","prima_re":120.35}}', NULL, 1, NULL, NULL, 42, 4, NULL, NULL, NULL, NULL, NULL, NULL, NULL, NULL, NULL, NULL, 1, NULL, NULL, NULL, NULL, NULL, NULL, NULL, NULL, NULL, NULL, NULL, NULL, NULL, NULL, NULL, NULL, NULL, NULL, NULL, NULL, NULL, NULL, NULL, NULL, NULL, NULL, NULL, NULL, NULL, NULL, NULL, NULL, NULL, NULL, NULL, NULL, NULL, NULL, NULL, NULL, NULL),
(906, 5, 2, '7961034528', '2017-02-08 10:53:24', NULL, 0, 'Prueba particular Delgado', '922296656', 'produccion@canarisk.es', 1, 0, 0, NULL, '{"3":{"id_cm":"2","prima_cm":71.87,"id_re":"3","prima_re":89.67},"35":{"id_cm":"48","prima_cm":74.93,"id_re":"49","prima_re":102.66},"38":{"id_cm":"52","prima_cm":51,"id_re":"53","prima_re":79},"41":{"id_cm":"36","prima_cm":49.95,"id_re":"58","prima_re":65.48},"44":{"id_cm":"41","prima_cm":32,"id_re":"61","prima_re":45},"48":{"id_cm":"68","prima_cm":35.4,"id_re":"69","prima_re":103.38},"49":{"id_cm":"70","prima_cm":70.79,"id_re":"69","prima_re":103.38}}', NULL, 1, NULL, NULL, 42, 2, NULL, NULL, NULL, NULL, NULL, NULL, NULL, NULL, NULL, NULL, 1, NULL, NULL, NULL, NULL, NULL, NULL, NULL, NULL, NULL, NULL, NULL, NULL, NULL, NULL, NULL, NULL, NULL, NULL, NULL, NULL, NULL, NULL, NULL, NULL, NULL, NULL, NULL, NULL, NULL, NULL, NULL, NULL, NULL, NULL, NULL, NULL, NULL, NULL, NULL, NULL, NULL),
(907, 5, 2, '4578023916', '2017-02-08 10:55:06', NULL, 0, 'Prueba particular Delgado', '922296656', 'produccion@canarisk.es', 1, 0, 0, NULL, '{"3":{"id_cm":"2","prima_cm":78.59,"id_re":"3","prima_re":93.24},"36":{"id_cm":"37","prima_cm":47,"id_re":"50","prima_re":79},"37":{"id_cm":"51","prima_cm":32,"id_re":"50","prima_re":79},"41":{"id_cm":"36","prima_cm":49.95,"id_re":"58","prima_re":65.48},"42":{"id_cm":"59","prima_cm":38.33,"id_re":"60","prima_re":53.9},"43":{"id_cm":"39","prima_cm":40.9,"id_re":"60","prima_re":53.9},"46":{"id_cm":"64","prima_cm":40.21,"id_re":"65","prima_re":109.49},"47":{"id_cm":"66","prima_cm":34.5,"id_re":"67","prima_re":123.57}}', NULL, 1, NULL, NULL, 42, 4, NULL, NULL, NULL, NULL, NULL, NULL, NULL, NULL, NULL, NULL, 0, NULL, NULL, NULL, NULL, NULL, NULL, NULL, NULL, NULL, NULL, NULL, NULL, NULL, NULL, NULL, NULL, NULL, NULL, NULL, NULL, NULL, NULL, NULL, NULL, NULL, NULL, NULL, NULL, NULL, NULL, NULL, NULL, NULL, NULL, NULL, NULL, NULL, NULL, NULL, NULL, NULL),
(908, 5, 2, '6370584912', '2017-02-08 10:58:51', NULL, 0, 'Prueba particular Delgado', '922296656', 'produccion@canarisk.es', 1, 0, 0, NULL, '{"3":{"id_cm":"2","prima_cm":71.87,"id_re":"3","prima_re":89.67},"35":{"id_cm":"48","prima_cm":74.93,"id_re":"49","prima_re":102.66},"36":{"id_cm":"37","prima_cm":47,"id_re":"50","prima_re":79},"37":{"id_cm":"51","prima_cm":32,"id_re":"50","prima_re":79},"41":{"id_cm":"36","prima_cm":49.95,"id_re":"58","prima_re":65.48},"42":{"id_cm":"59","prima_cm":34.7,"id_re":"60","prima_re":53.9},"43":{"id_cm":"39","prima_cm":25.9,"id_re":"60","prima_re":53.9},"46":{"id_cm":"64","prima_cm":39.12,"id_re":"65","prima_re":108.66},"47":{"id_cm":"66","prima_cm":34.5,"id_re":"67","prima_re":120.35}}', NULL, 1, NULL, NULL, 42, 4, NULL, NULL, NULL, NULL, NULL, NULL, NULL, NULL, NULL, NULL, 1, NULL, NULL, NULL, NULL, NULL, NULL, NULL, NULL, NULL, NULL, NULL, NULL, NULL, NULL, NULL, NULL, NULL, NULL, NULL, NULL, NULL, NULL, NULL, NULL, NULL, NULL, NULL, NULL, NULL, NULL, NULL, NULL, NULL, NULL, NULL, NULL, NULL, NULL, NULL, NULL, NULL),
(909, 5, 2, '5419026387', '2017-02-08 11:00:33', NULL, 0, 'Prueba particular Delgado', '922296656', 'produccion@canarisk.es', 1, 0, 0, NULL, '{"3":{"id_cm":"2","prima_cm":67.11,"id_re":"3","prima_re":84.35},"35":{"id_cm":"48","prima_cm":74.93,"id_re":"49","prima_re":102.66},"36":{"id_cm":"37","prima_cm":47,"id_re":"50","prima_re":79},"37":{"id_cm":"51","prima_cm":32,"id_re":"50","prima_re":79},"41":{"id_cm":"36","prima_cm":49.95,"id_re":"58","prima_re":65.48},"42":{"id_cm":"59","prima_cm":29.54,"id_re":"60","prima_re":53.9},"43":{"id_cm":"39","prima_cm":25.9,"id_re":"60","prima_re":53.9},"46":{"id_cm":"64","prima_cm":35.35,"id_re":"65","prima_re":97.15},"47":{"id_cm":"66","prima_cm":34.5,"id_re":"67","prima_re":110.27}}', NULL, 1, NULL, NULL, 42, 4, NULL, NULL, NULL, NULL, NULL, NULL, NULL, NULL, NULL, NULL, 2, NULL, NULL, NULL, NULL, NULL, NULL, NULL, NULL, NULL, NULL, NULL, NULL, NULL, NULL, NULL, NULL, NULL, NULL, NULL, NULL, NULL, NULL, NULL, NULL, NULL, NULL, NULL, NULL, NULL, NULL, NULL, NULL, NULL, NULL, NULL, NULL, NULL, NULL, NULL, NULL, NULL),
(910, 5, 2, '9451872603', '2017-02-08 11:02:00', NULL, 0, 'Prueba particular Delgado', '922296656', 'produccion@canarisk.es', 1, 0, 0, NULL, '{"3":{"id_cm":"2","prima_cm":57.04,"id_re":"3","prima_re":69.93},"35":{"id_cm":"48","prima_cm":74.93,"id_re":"49","prima_re":102.66},"36":{"id_cm":"37","prima_cm":47,"id_re":"50","prima_re":79},"37":{"id_cm":"51","prima_cm":32,"id_re":"50","prima_re":79},"41":{"id_cm":"36","prima_cm":49.95,"id_re":"58","prima_re":65.48},"42":{"id_cm":"59","prima_cm":20.84,"id_re":"60","prima_re":38.9},"43":{"id_cm":"39","prima_cm":25.9,"id_re":"60","prima_re":38.9},"46":{"id_cm":"64","prima_cm":30.6,"id_re":"65","prima_re":85.34},"47":{"id_cm":"66","prima_cm":34.5,"id_re":"67","prima_re":96.5}}', NULL, 1, NULL, NULL, 42, 4, NULL, NULL, NULL, NULL, NULL, NULL, NULL, NULL, NULL, NULL, 4, NULL, NULL, NULL, NULL, NULL, NULL, NULL, NULL, NULL, NULL, NULL, NULL, NULL, NULL, NULL, NULL, NULL, NULL, NULL, NULL, NULL, NULL, NULL, NULL, NULL, NULL, NULL, NULL, NULL, NULL, NULL, NULL, NULL, NULL, NULL, NULL, NULL, NULL, NULL, NULL, NULL),
(911, 5, 2, '1067849523', '2017-02-08 16:24:12', NULL, 0, 'prueba prueba', '666222333', 'emilio@redess.es', 1, 0, 0, NULL, '{"3":{"id_cm":"2","prima_cm":85.81,"id_re":"3","prima_re":113.9},"35":{"id_cm":"48","prima_cm":78.16,"id_re":"49","prima_re":126.58},"36":{"id_cm":"37","prima_cm":47,"id_re":"50","prima_re":79},"37":{"id_cm":"51","prima_cm":32,"id_re":"50","prima_re":79},"41":{"id_cm":"36","prima_cm":63,"id_re":"58","prima_re":95.66},"42":{"id_cm":"59","prima_cm":47.3,"id_re":"60","prima_re":75.492},"43":{"id_cm":"39","prima_cm":61.452,"id_re":"60","prima_re":75.492},"46":{"id_cm":"64","prima_cm":46.58,"id_re":"65","prima_re":141.01},"47":{"id_cm":"66","prima_cm":67.25,"id_re":"67","prima_re":163.35}}', NULL, 1, NULL, NULL, 42, 4, NULL, NULL, NULL, NULL, NULL, NULL, NULL, NULL, NULL, NULL, 50, NULL, NULL, NULL, NULL, NULL, NULL, NULL, NULL, NULL, NULL, NULL, NULL, NULL, NULL, NULL, NULL, NULL, NULL, NULL, NULL, NULL, NULL, NULL, NULL, NULL, NULL, NULL, NULL, NULL, NULL, NULL, NULL, NULL, NULL, NULL, NULL, NULL, NULL, NULL, NULL, NULL),
(912, 5, 2, '4157309862', '2017-02-08 17:30:08', NULL, 0, 'juan prueba', '922966566', 'produccion@canarisk.es', 1, 0, 0, NULL, '{"3":{"id_cm":"2","prima_cm":55.72,"id_re":"3","prima_re":64.71},"35":{"id_cm":"48","prima_cm":63.61,"id_re":"49","prima_re":98.43},"36":{"id_cm":"37","prima_cm":47,"id_re":"50","prima_re":79},"37":{"id_cm":"51","prima_cm":32,"id_re":"50","prima_re":79},"41":{"id_cm":"36","prima_cm":52.3,"id_re":"58","prima_re":65.48},"42":{"id_cm":"59","prima_cm":26.9,"id_re":"60","prima_re":53.892},"43":{"id_cm":"39","prima_cm":39.852,"id_re":"60","prima_re":53.892},"46":{"id_cm":"64","prima_cm":31.61,"id_re":"65","prima_re":90.62},"47":{"id_cm":"66","prima_cm":47.5,"id_re":"67","prima_re":103.72}}', NULL, 1, NULL, NULL, 42, 4, NULL, NULL, NULL, NULL, NULL, NULL, NULL, NULL, NULL, NULL, 22, NULL, NULL, NULL, NULL, NULL, NULL, NULL, NULL, NULL, NULL, NULL, NULL, NULL, NULL, NULL, NULL, NULL, NULL, NULL, NULL, NULL, NULL, NULL, NULL, NULL, NULL, NULL, NULL, NULL, NULL, NULL, NULL, NULL, NULL, NULL, NULL, NULL, NULL, NULL, NULL, NULL),
(913, 9, 5, '7685901234', '2017-02-09 08:38:03', NULL, 0, 'sdfsdf', '123132123', 'adas@asda.com', 0, 0, 0, '2017-05-05 11:30:41', '{"1":{"id":"15","prima":103.5},"4":{"id":"16","prima":187.3},"5":{"id":"47","prima":165.6}}', 20, NULL, NULL, NULL, NULL, NULL, NULL, NULL, NULL, NULL, NULL, NULL, NULL, NULL, NULL, NULL, NULL, NULL, NULL, NULL, NULL, NULL, NULL, NULL, NULL, NULL, NULL, NULL, NULL, NULL, NULL, NULL, NULL, NULL, NULL, NULL, NULL, NULL, NULL, NULL, NULL, NULL, NULL, NULL, NULL, NULL, NULL, NULL, NULL, NULL, NULL, NULL, NULL, NULL, NULL, NULL, NULL, 345),
(914, 9, 5, '5239617804', '2017-02-09 08:38:06', NULL, 0, 'sdfsdf', '123132123', 'adas@asda.com', 0, 0, 0, '2017-05-05 11:30:46', '{"1":{"id":"15","prima":103.5},"4":{"id":"16","prima":187.3},"5":{"id":"47","prima":165.6}}', 20, NULL, NULL, NULL, NULL, NULL, NULL, NULL, NULL, NULL, NULL, NULL, NULL, NULL, NULL, NULL, NULL, NULL, NULL, NULL, NULL, NULL, NULL, NULL, NULL, NULL, NULL, NULL, NULL, NULL, NULL, NULL, NULL, NULL, NULL, NULL, NULL, NULL, NULL, NULL, NULL, NULL, NULL, NULL, NULL, NULL, NULL, NULL, NULL, NULL, NULL, NULL, NULL, NULL, NULL, NULL, NULL, 345),
(915, 5, 2, '9084357126', '2017-02-09 09:02:20', NULL, 0, 'Prueba de PrUEBA Delgado', '922296656', 'juan38003@gmail.com', 1, 0, 0, NULL, '{"3":{"id_cm":"2","prima_cm":85.81,"id_re":"3","prima_re":113.9},"35":{"id_cm":"48","prima_cm":78.16,"id_re":"49","prima_re":126.58},"39":{"id_cm":"54","prima_cm":45,"id_re":"55","prima_re":63.5},"40":{"id_cm":"56","prima_cm":45,"id_re":"57","prima_re":63.5},"41":{"id_cm":"36","prima_cm":63,"id_re":"58","prima_re":95.66},"45":{"id_cm":"62","prima_cm":48.95,"id_re":"63","prima_re":61.95},"50":{"id_cm":"71","prima_cm":68.63,"id_re":"72","prima_re":112.85},"51":{"id_cm":"73","prima_cm":45,"id_re":"74","prima_re":50.15}}', NULL, 1, NULL, NULL, 42, 1, NULL, NULL, NULL, NULL, NULL, NULL, NULL, NULL, NULL, NULL, 50, NULL, NULL, NULL, NULL, NULL, NULL, NULL, NULL, NULL, NULL, NULL, NULL, NULL, NULL, NULL, NULL, NULL, NULL, NULL, NULL, NULL, NULL, NULL, NULL, NULL, NULL, NULL, NULL, NULL, NULL, NULL, NULL, NULL, NULL, NULL, NULL, NULL, NULL, NULL, NULL, NULL),
(916, 5, 2, '4809356712', '2017-02-09 09:02:49', NULL, 0, 'Prueba de PrUEBA Delgado', '922296656', 'juan38003@gmail.com', 1, 0, 0, NULL, '{"3":{"id_cm":"2","prima_cm":85.81,"id_re":"3","prima_re":113.9},"35":{"id_cm":"48","prima_cm":78.16,"id_re":"49","prima_re":126.58},"36":{"id_cm":"37","prima_cm":47,"id_re":"50","prima_re":79},"37":{"id_cm":"51","prima_cm":32,"id_re":"50","prima_re":79},"41":{"id_cm":"36","prima_cm":63,"id_re":"58","prima_re":95.66},"42":{"id_cm":"59","prima_cm":47.3,"id_re":"60","prima_re":75.492},"43":{"id_cm":"39","prima_cm":61.452,"id_re":"60","prima_re":75.492},"46":{"id_cm":"64","prima_cm":46.58,"id_re":"65","prima_re":141.01},"47":{"id_cm":"66","prima_cm":67.25,"id_re":"67","prima_re":163.35}}', NULL, 1, NULL, NULL, 42, 4, NULL, NULL, NULL, NULL, NULL, NULL, NULL, NULL, NULL, NULL, 50, NULL, NULL, NULL, NULL, NULL, NULL, NULL, NULL, NULL, NULL, NULL, NULL, NULL, NULL, NULL, NULL, NULL, NULL, NULL, NULL, NULL, NULL, NULL, NULL, NULL, NULL, NULL, NULL, NULL, NULL, NULL, NULL, NULL, NULL, NULL, NULL, NULL, NULL, NULL, NULL, NULL),
(917, 9, 5, '9603821754', '2017-02-09 10:43:13', NULL, 0, 'prueba', '666555444', 'emilio@redess.es', 0, 0, 0, '2017-05-05 11:30:56', '{"1":{"id":"15","prima":105},"4":{"id":"16","prima":190},"5":{"id":"47","prima":168}}', 20, NULL, NULL, NULL, NULL, NULL, NULL, NULL, NULL, NULL, NULL, NULL, NULL, NULL, NULL, NULL, NULL, NULL, NULL, NULL, NULL, NULL, NULL, NULL, NULL, NULL, NULL, NULL, NULL, NULL, NULL, NULL, NULL, NULL, NULL, NULL, NULL, NULL, NULL, NULL, NULL, NULL, NULL, NULL, NULL, NULL, NULL, NULL, NULL, NULL, NULL, NULL, NULL, NULL, NULL, NULL, NULL, 350),
(918, 9, 5, '7945610283', '2017-02-09 11:05:09', NULL, 0, 'prueba', '666555444', 'emilio@redess.es', 0, 0, 0, '2017-05-05 11:31:03', '{"1":{"id":"15","prima":105},"4":{"id":"16","prima":190},"5":{"id":"47","prima":168}}', 20, NULL, NULL, NULL, NULL, NULL, NULL, NULL, NULL, NULL, NULL, NULL, NULL, NULL, NULL, NULL, NULL, NULL, NULL, NULL, NULL, NULL, NULL, NULL, NULL, NULL, NULL, NULL, NULL, NULL, NULL, NULL, NULL, NULL, NULL, NULL, NULL, NULL, NULL, NULL, NULL, NULL, NULL, NULL, NULL, NULL, NULL, NULL, NULL, NULL, NULL, NULL, NULL, NULL, NULL, NULL, NULL, 350),
(919, 9, 5, '8174296503', '2017-02-09 11:08:17', NULL, 0, 'prueba', '666555444', 'emilio@redess.es', 0, 0, 0, '2017-05-05 11:31:15', '{"1":{"id":"15","prima":105},"4":{"id":"16","prima":190},"5":{"id":"47","prima":168}}', 20, NULL, NULL, NULL, NULL, NULL, NULL, NULL, NULL, NULL, NULL, NULL, NULL, NULL, NULL, NULL, NULL, NULL, NULL, NULL, NULL, NULL, NULL, NULL, NULL, NULL, NULL, NULL, NULL, NULL, NULL, NULL, NULL, NULL, NULL, NULL, NULL, NULL, NULL, NULL, NULL, NULL, NULL, NULL, NULL, NULL, NULL, NULL, NULL, NULL, NULL, NULL, NULL, NULL, NULL, NULL, NULL, 350),
(920, 9, 5, '4028973516', '2017-02-09 11:13:21', NULL, 0, 'prueba', '666555444', 'emilio@redess.es', 0, 0, 0, '2017-05-05 11:31:28', '{"1":{"id":"15","prima":105},"4":{"id":"16","prima":190},"5":{"id":"47","prima":168}}', 20, NULL, NULL, NULL, NULL, NULL, NULL, NULL, NULL, NULL, NULL, NULL, NULL, NULL, NULL, NULL, NULL, NULL, NULL, NULL, NULL, NULL, NULL, NULL, NULL, NULL, NULL, NULL, NULL, NULL, NULL, NULL, NULL, NULL, NULL, NULL, NULL, NULL, NULL, NULL, NULL, NULL, NULL, NULL, NULL, NULL, NULL, NULL, NULL, NULL, NULL, NULL, NULL, NULL, NULL, NULL, NULL, 350),
(921, 9, 5, '1359462780', '2017-02-09 11:16:04', NULL, 0, 'prueba', '666555444', 'emilio@redess.es', 0, 0, 0, '2017-05-05 11:31:34', '{"1":{"id":"15","prima":105},"4":{"id":"16","prima":190},"5":{"id":"47","prima":168}}', 20, NULL, NULL, NULL, NULL, NULL, NULL, NULL, NULL, NULL, NULL, NULL, NULL, NULL, NULL, NULL, NULL, NULL, NULL, NULL, NULL, NULL, NULL, NULL, NULL, NULL, NULL, NULL, NULL, NULL, NULL, NULL, NULL, NULL, NULL, NULL, NULL, NULL, NULL, NULL, NULL, NULL, NULL, NULL, NULL, NULL, NULL, NULL, NULL, NULL, NULL, NULL, NULL, NULL, NULL, NULL, NULL, 350),
(922, 9, 5, '5261074398', '2017-02-09 11:17:08', NULL, 0, 'prueba', '666555444', 'emilio@redess.es', 0, 0, 0, '2017-05-05 11:31:41', '{"1":{"id":"15","prima":105},"4":{"id":"16","prima":190},"5":{"id":"47","prima":168}}', 20, NULL, NULL, NULL, NULL, NULL, NULL, NULL, NULL, NULL, NULL, NULL, NULL, NULL, NULL, NULL, NULL, NULL, NULL, NULL, NULL, NULL, NULL, NULL, NULL, NULL, NULL, NULL, NULL, NULL, NULL, NULL, NULL, NULL, NULL, NULL, NULL, NULL, NULL, NULL, NULL, NULL, NULL, NULL, NULL, NULL, NULL, NULL, NULL, NULL, NULL, NULL, NULL, NULL, NULL, NULL, NULL, 350),
(923, 9, 5, '5413982076', '2017-02-09 11:19:12', NULL, 0, 'prueba', '666555444', 'emilio@redess.es', 0, 0, 0, '2017-05-05 11:31:47', '{"1":{"id":"15","prima":105},"4":{"id":"16","prima":190},"5":{"id":"47","prima":168}}', 20, NULL, NULL, NULL, NULL, NULL, NULL, NULL, NULL, NULL, NULL, NULL, NULL, NULL, NULL, NULL, NULL, NULL, NULL, NULL, NULL, NULL, NULL, NULL, NULL, NULL, NULL, NULL, NULL, NULL, NULL, NULL, NULL, NULL, NULL, NULL, NULL, NULL, NULL, NULL, NULL, NULL, NULL, NULL, NULL, NULL, NULL, NULL, NULL, NULL, NULL, NULL, NULL, NULL, NULL, NULL, NULL, 350),
(924, 9, 5, '8176954320', '2017-02-09 11:19:32', NULL, 0, 'prueba', '666555444', 'emilio@redess.es', 0, 0, 0, '2017-05-05 11:31:53', '{"1":{"id":"15","prima":105},"4":{"id":"16","prima":190},"5":{"id":"47","prima":168}}', 20, NULL, NULL, NULL, NULL, NULL, NULL, NULL, NULL, NULL, NULL, NULL, NULL, NULL, NULL, NULL, NULL, NULL, NULL, NULL, NULL, NULL, NULL, NULL, NULL, NULL, NULL, NULL, NULL, NULL, NULL, NULL, NULL, NULL, NULL, NULL, NULL, NULL, NULL, NULL, NULL, NULL, NULL, NULL, NULL, NULL, NULL, NULL, NULL, NULL, NULL, NULL, NULL, NULL, NULL, NULL, NULL, 350),
(925, 9, 5, '8630975421', '2017-02-09 11:35:51', NULL, 0, 'prueba', '666555444', 'emilio@redess.es', 0, 0, 0, '2017-05-05 11:31:59', '{"1":{"id":"15","prima":105},"4":{"id":"16","prima":189},"5":{"id":"47","prima":168}}', 20, NULL, NULL, NULL, NULL, NULL, NULL, NULL, NULL, NULL, NULL, NULL, NULL, NULL, NULL, NULL, NULL, NULL, NULL, NULL, NULL, NULL, NULL, NULL, NULL, NULL, NULL, NULL, NULL, NULL, NULL, NULL, NULL, NULL, NULL, NULL, NULL, NULL, NULL, NULL, NULL, NULL, NULL, NULL, NULL, NULL, NULL, NULL, NULL, NULL, NULL, NULL, NULL, NULL, NULL, NULL, NULL, 350),
(926, 9, 5, '9417563802', '2017-02-09 11:50:32', NULL, 0, 'prueba', '666555444', 'emilio@redess.es', 0, 0, 0, '2017-05-05 11:32:05', '{"1":{"id":"15","prima":105},"4":{"id":"16","prima":189},"5":{"id":"47","prima":168}}', 20, NULL, NULL, NULL, NULL, NULL, NULL, NULL, NULL, NULL, NULL, NULL, NULL, NULL, NULL, NULL, NULL, NULL, NULL, NULL, NULL, NULL, NULL, NULL, NULL, NULL, NULL, NULL, NULL, NULL, NULL, NULL, NULL, NULL, NULL, NULL, NULL, NULL, NULL, NULL, NULL, NULL, NULL, NULL, NULL, NULL, NULL, NULL, NULL, NULL, NULL, NULL, NULL, NULL, NULL, NULL, NULL, 350);
INSERT INTO `tarificaciones` (`id`, `correduria_id`, `ramo_id`, `codigo_tarificacion`, `fecha_creacion`, `creada_por`, `numMensajes`, `nombre_completo`, `telefono`, `email`, `activo`, `documentacionEnviada`, `contratada`, `fecha_borrado`, `data`, `deletedBy_id`, `numeroPersonas`, `vida_capital`, `vida_fechaNacimiento`, `salud_provincia_id`, `salud_contratante_id`, `salud_fechaNacimiento1`, `salud_fechaNacimiento2`, `salud_fechaNacimiento3`, `salud_fechaNacimiento4`, `salud_fechaNacimiento5`, `salud_fechaNacimiento6`, `salud_fechaNacimiento7`, `salud_fechaNacimiento8`, `salud_fechaNacimiento9`, `salud_fechaNacimiento10`, `salud_edad1`, `salud_edad2`, `salud_edad3`, `salud_edad4`, `salud_edad5`, `salud_edad6`, `salud_edad7`, `salud_edad8`, `salud_edad9`, `salud_edad10`, `decesos_provincia_id_1`, `decesos_provincia_id_2`, `decesos_provincia_id_3`, `decesos_provincia_id_4`, `decesos_provincia_id_5`, `decesos_provincia_id_6`, `decesos_provincia_id_7`, `decesos_provincia_id_8`, `decesos_provincia_id_9`, `decesos_provincia_id_10`, `decesos_fechaNacimiento1`, `decesos_fechaNacimiento2`, `decesos_fechaNacimiento3`, `decesos_fechaNacimiento4`, `decesos_fechaNacimiento5`, `decesos_fechaNacimiento6`, `decesos_fechaNacimiento7`, `decesos_fechaNacimiento8`, `decesos_fechaNacimiento9`, `decesos_fechaNacimiento10`, `decesos_edad1`, `decesos_edad2`, `decesos_edad3`, `decesos_edad4`, `decesos_edad5`, `decesos_edad6`, `decesos_edad7`, `decesos_edad8`, `decesos_edad9`, `decesos_edad10`, `alquiler_rentaMensual`, `alquiler_valorAlquiler`) VALUES
(927, 9, 5, '6750492318', '2017-02-09 11:54:36', NULL, 0, 'prueba', '666555444', 'emilio@redess.es', 0, 0, 0, '2017-05-05 11:32:10', '{"1":{"id":"15","prima":105},"4":{"id":"16","prima":189},"5":{"id":"47","prima":168}}', 20, NULL, NULL, NULL, NULL, NULL, NULL, NULL, NULL, NULL, NULL, NULL, NULL, NULL, NULL, NULL, NULL, NULL, NULL, NULL, NULL, NULL, NULL, NULL, NULL, NULL, NULL, NULL, NULL, NULL, NULL, NULL, NULL, NULL, NULL, NULL, NULL, NULL, NULL, NULL, NULL, NULL, NULL, NULL, NULL, NULL, NULL, NULL, NULL, NULL, NULL, NULL, NULL, NULL, NULL, NULL, NULL, 350),
(928, 5, 2, '9286053471', '2017-02-09 11:56:16', NULL, 0, 'Prueba de PrUEBA Delgado', '922296656', 'juan38003@gmail.com', 1, 0, 0, NULL, '{"3":{"id_cm":"2","prima_cm":85.81,"id_re":"3","prima_re":113.9},"35":{"id_cm":"48","prima_cm":78.16,"id_re":"49","prima_re":126.58},"36":{"id_cm":"37","prima_cm":47,"id_re":"50","prima_re":79},"37":{"id_cm":"51","prima_cm":32,"id_re":"50","prima_re":79},"41":{"id_cm":"36","prima_cm":63,"id_re":"58","prima_re":95.66},"42":{"id_cm":"59","prima_cm":47.3,"id_re":"60","prima_re":75.492},"43":{"id_cm":"39","prima_cm":61.452,"id_re":"60","prima_re":75.492},"46":{"id_cm":"64","prima_cm":46.58,"id_re":"65","prima_re":141.01},"47":{"id_cm":"66","prima_cm":67.25,"id_re":"67","prima_re":163.35}}', NULL, 1, NULL, NULL, 42, 4, NULL, NULL, NULL, NULL, NULL, NULL, NULL, NULL, NULL, NULL, 50, NULL, NULL, NULL, NULL, NULL, NULL, NULL, NULL, NULL, NULL, NULL, NULL, NULL, NULL, NULL, NULL, NULL, NULL, NULL, NULL, NULL, NULL, NULL, NULL, NULL, NULL, NULL, NULL, NULL, NULL, NULL, NULL, NULL, NULL, NULL, NULL, NULL, NULL, NULL, NULL, NULL),
(929, 9, 5, '7681430925', '2017-02-09 11:58:37', NULL, 0, 'prueba', '666555444', 'emilio@redess.es', 0, 0, 0, '2017-05-05 11:32:18', '{"1":{"id":"15","prima":105},"4":{"id":"16","prima":189},"5":{"id":"47","prima":168}}', 20, NULL, NULL, NULL, NULL, NULL, NULL, NULL, NULL, NULL, NULL, NULL, NULL, NULL, NULL, NULL, NULL, NULL, NULL, NULL, NULL, NULL, NULL, NULL, NULL, NULL, NULL, NULL, NULL, NULL, NULL, NULL, NULL, NULL, NULL, NULL, NULL, NULL, NULL, NULL, NULL, NULL, NULL, NULL, NULL, NULL, NULL, NULL, NULL, NULL, NULL, NULL, NULL, NULL, NULL, NULL, NULL, 350),
(930, 9, 5, '7183942056', '2017-02-09 11:59:58', NULL, 0, 'prueba', '666555444', 'emilio@redess.es', 0, 0, 0, '2017-05-05 11:32:23', '{"1":{"id":"15","prima":105},"4":{"id":"16","prima":189},"5":{"id":"47","prima":168}}', 20, NULL, NULL, NULL, NULL, NULL, NULL, NULL, NULL, NULL, NULL, NULL, NULL, NULL, NULL, NULL, NULL, NULL, NULL, NULL, NULL, NULL, NULL, NULL, NULL, NULL, NULL, NULL, NULL, NULL, NULL, NULL, NULL, NULL, NULL, NULL, NULL, NULL, NULL, NULL, NULL, NULL, NULL, NULL, NULL, NULL, NULL, NULL, NULL, NULL, NULL, NULL, NULL, NULL, NULL, NULL, NULL, 350),
(931, 9, 5, '0527316894', '2017-02-09 12:09:31', NULL, 0, 'prueba', '666555444', 'emilio@redess.es', 0, 0, 0, '2017-05-05 11:32:30', '{"1":{"id":"15","prima":105},"4":{"id":"16","prima":189},"5":{"id":"47","prima":168}}', 20, NULL, NULL, NULL, NULL, NULL, NULL, NULL, NULL, NULL, NULL, NULL, NULL, NULL, NULL, NULL, NULL, NULL, NULL, NULL, NULL, NULL, NULL, NULL, NULL, NULL, NULL, NULL, NULL, NULL, NULL, NULL, NULL, NULL, NULL, NULL, NULL, NULL, NULL, NULL, NULL, NULL, NULL, NULL, NULL, NULL, NULL, NULL, NULL, NULL, NULL, NULL, NULL, NULL, NULL, NULL, NULL, 350),
(932, 9, 5, '4318029756', '2017-02-09 12:35:07', NULL, 0, 'prueba', '666555444', 'emilio@redess.es', 0, 0, 0, '2017-05-05 11:32:38', '{"1":{"id":"15","prima":105},"4":{"id":"16","prima":189},"5":{"id":"47","prima":168}}', 20, NULL, NULL, NULL, NULL, NULL, NULL, NULL, NULL, NULL, NULL, NULL, NULL, NULL, NULL, NULL, NULL, NULL, NULL, NULL, NULL, NULL, NULL, NULL, NULL, NULL, NULL, NULL, NULL, NULL, NULL, NULL, NULL, NULL, NULL, NULL, NULL, NULL, NULL, NULL, NULL, NULL, NULL, NULL, NULL, NULL, NULL, NULL, NULL, NULL, NULL, NULL, NULL, NULL, NULL, NULL, NULL, 350),
(933, 9, 5, '7136085924', '2017-02-09 12:39:20', NULL, 0, 'prueba', '666555444', 'emilio@redess.es', 0, 0, 0, '2017-05-05 11:32:46', '{"1":{"id":"15","prima":105},"4":{"id":"16","prima":189},"5":{"id":"47","prima":168}}', 20, NULL, NULL, NULL, NULL, NULL, NULL, NULL, NULL, NULL, NULL, NULL, NULL, NULL, NULL, NULL, NULL, NULL, NULL, NULL, NULL, NULL, NULL, NULL, NULL, NULL, NULL, NULL, NULL, NULL, NULL, NULL, NULL, NULL, NULL, NULL, NULL, NULL, NULL, NULL, NULL, NULL, NULL, NULL, NULL, NULL, NULL, NULL, NULL, NULL, NULL, NULL, NULL, NULL, NULL, NULL, NULL, 350),
(934, 9, 5, '1748903526', '2017-02-09 12:41:43', NULL, 0, 'prueba', '666555444', 'emilio@redess.es', 0, 0, 0, '2017-05-05 11:32:52', '{"1":{"id":"15","prima":105},"4":{"id":"16","prima":189},"5":{"id":"47","prima":168}}', 20, NULL, NULL, NULL, NULL, NULL, NULL, NULL, NULL, NULL, NULL, NULL, NULL, NULL, NULL, NULL, NULL, NULL, NULL, NULL, NULL, NULL, NULL, NULL, NULL, NULL, NULL, NULL, NULL, NULL, NULL, NULL, NULL, NULL, NULL, NULL, NULL, NULL, NULL, NULL, NULL, NULL, NULL, NULL, NULL, NULL, NULL, NULL, NULL, NULL, NULL, NULL, NULL, NULL, NULL, NULL, NULL, 350),
(935, 9, 5, '7240189365', '2017-02-09 12:46:12', NULL, 0, 'prueba', '666555444', 'emilio@redess.es', 0, 0, 0, '2017-05-05 11:33:28', '{"1":{"id":"15","prima":105},"4":{"id":"16","prima":189},"5":{"id":"47","prima":168}}', 20, NULL, NULL, NULL, NULL, NULL, NULL, NULL, NULL, NULL, NULL, NULL, NULL, NULL, NULL, NULL, NULL, NULL, NULL, NULL, NULL, NULL, NULL, NULL, NULL, NULL, NULL, NULL, NULL, NULL, NULL, NULL, NULL, NULL, NULL, NULL, NULL, NULL, NULL, NULL, NULL, NULL, NULL, NULL, NULL, NULL, NULL, NULL, NULL, NULL, NULL, NULL, NULL, NULL, NULL, NULL, NULL, 350),
(936, 9, 5, '0219546783', '2017-02-09 14:46:25', NULL, 0, 'prueba', '666555444', 'emilio@redess.es', 0, 0, 0, '2017-05-05 11:33:07', '{"1":{"id":"15","prima":105},"4":{"id":"16","prima":189},"5":{"id":"47","prima":168}}', 20, NULL, NULL, NULL, NULL, NULL, NULL, NULL, NULL, NULL, NULL, NULL, NULL, NULL, NULL, NULL, NULL, NULL, NULL, NULL, NULL, NULL, NULL, NULL, NULL, NULL, NULL, NULL, NULL, NULL, NULL, NULL, NULL, NULL, NULL, NULL, NULL, NULL, NULL, NULL, NULL, NULL, NULL, NULL, NULL, NULL, NULL, NULL, NULL, NULL, NULL, NULL, NULL, NULL, NULL, NULL, NULL, 350),
(937, 9, 5, '8671304295', '2017-02-09 15:49:47', NULL, 0, 'prueba', '666555444', 'emilio@redess.es', 0, 0, 0, '2017-05-05 11:33:00', '{"1":{"id":"15","prima":105},"4":{"id":"16","prima":189},"5":{"id":"47","prima":168}}', 20, NULL, NULL, NULL, NULL, NULL, NULL, NULL, NULL, NULL, NULL, NULL, NULL, NULL, NULL, NULL, NULL, NULL, NULL, NULL, NULL, NULL, NULL, NULL, NULL, NULL, NULL, NULL, NULL, NULL, NULL, NULL, NULL, NULL, NULL, NULL, NULL, NULL, NULL, NULL, NULL, NULL, NULL, NULL, NULL, NULL, NULL, NULL, NULL, NULL, NULL, NULL, NULL, NULL, NULL, NULL, NULL, 350),
(938, 9, 5, '3046912785', '2017-02-09 15:50:41', NULL, 0, 'prueba', '666555444', 'emilio@redess.es', 0, 0, 0, '2017-05-05 11:33:35', '{"1":{"id":"15","prima":105},"4":{"id":"16","prima":189},"5":{"id":"47","prima":168}}', 20, NULL, NULL, NULL, NULL, NULL, NULL, NULL, NULL, NULL, NULL, NULL, NULL, NULL, NULL, NULL, NULL, NULL, NULL, NULL, NULL, NULL, NULL, NULL, NULL, NULL, NULL, NULL, NULL, NULL, NULL, NULL, NULL, NULL, NULL, NULL, NULL, NULL, NULL, NULL, NULL, NULL, NULL, NULL, NULL, NULL, NULL, NULL, NULL, NULL, NULL, NULL, NULL, NULL, NULL, NULL, NULL, 350),
(939, 9, 5, '9723510846', '2017-02-09 15:57:09', NULL, 0, 'prueba', '666555444', 'emilio@redess.es', 0, 0, 0, '2017-05-05 11:33:41', '{"1":{"id":"15","prima":105},"4":{"id":"16","prima":189},"5":{"id":"47","prima":168}}', 20, NULL, NULL, NULL, NULL, NULL, NULL, NULL, NULL, NULL, NULL, NULL, NULL, NULL, NULL, NULL, NULL, NULL, NULL, NULL, NULL, NULL, NULL, NULL, NULL, NULL, NULL, NULL, NULL, NULL, NULL, NULL, NULL, NULL, NULL, NULL, NULL, NULL, NULL, NULL, NULL, NULL, NULL, NULL, NULL, NULL, NULL, NULL, NULL, NULL, NULL, NULL, NULL, NULL, NULL, NULL, NULL, 350),
(940, 9, 5, '4813092567', '2017-02-09 15:59:32', NULL, 0, 'prueba', '666555444', 'emilio@redess.es', 0, 0, 0, '2017-05-05 11:33:50', '{"1":{"id":"15","prima":105},"4":{"id":"16","prima":189},"5":{"id":"47","prima":168}}', 20, NULL, NULL, NULL, NULL, NULL, NULL, NULL, NULL, NULL, NULL, NULL, NULL, NULL, NULL, NULL, NULL, NULL, NULL, NULL, NULL, NULL, NULL, NULL, NULL, NULL, NULL, NULL, NULL, NULL, NULL, NULL, NULL, NULL, NULL, NULL, NULL, NULL, NULL, NULL, NULL, NULL, NULL, NULL, NULL, NULL, NULL, NULL, NULL, NULL, NULL, NULL, NULL, NULL, NULL, NULL, NULL, 350),
(941, 9, 5, '7382596410', '2017-02-09 15:59:49', NULL, 0, 'prueba', '666555444', 'emilio@redess.es', 0, 0, 0, '2017-05-05 11:33:54', '{"1":{"id":"15","prima":105},"4":{"id":"16","prima":189},"5":{"id":"47","prima":168}}', 20, NULL, NULL, NULL, NULL, NULL, NULL, NULL, NULL, NULL, NULL, NULL, NULL, NULL, NULL, NULL, NULL, NULL, NULL, NULL, NULL, NULL, NULL, NULL, NULL, NULL, NULL, NULL, NULL, NULL, NULL, NULL, NULL, NULL, NULL, NULL, NULL, NULL, NULL, NULL, NULL, NULL, NULL, NULL, NULL, NULL, NULL, NULL, NULL, NULL, NULL, NULL, NULL, NULL, NULL, NULL, NULL, 350),
(942, 9, 5, '4852690173', '2017-02-09 16:05:32', NULL, 0, 'prueba', '666555444', 'emilio@redess.es', 0, 0, 0, '2017-05-05 11:34:07', '{"1":{"id":"15","prima":105},"4":{"id":"16","prima":189},"5":{"id":"47","prima":168}}', 20, NULL, NULL, NULL, NULL, NULL, NULL, NULL, NULL, NULL, NULL, NULL, NULL, NULL, NULL, NULL, NULL, NULL, NULL, NULL, NULL, NULL, NULL, NULL, NULL, NULL, NULL, NULL, NULL, NULL, NULL, NULL, NULL, NULL, NULL, NULL, NULL, NULL, NULL, NULL, NULL, NULL, NULL, NULL, NULL, NULL, NULL, NULL, NULL, NULL, NULL, NULL, NULL, NULL, NULL, NULL, NULL, 350),
(943, 9, 5, '2138576904', '2017-02-09 16:07:49', NULL, 0, 'prueba', '666555444', 'emilio@redess.es', 0, 0, 0, '2017-05-05 11:34:13', '{"1":{"id":"15","prima":105},"4":{"id":"16","prima":189},"5":{"id":"47","prima":168}}', 20, NULL, NULL, NULL, NULL, NULL, NULL, NULL, NULL, NULL, NULL, NULL, NULL, NULL, NULL, NULL, NULL, NULL, NULL, NULL, NULL, NULL, NULL, NULL, NULL, NULL, NULL, NULL, NULL, NULL, NULL, NULL, NULL, NULL, NULL, NULL, NULL, NULL, NULL, NULL, NULL, NULL, NULL, NULL, NULL, NULL, NULL, NULL, NULL, NULL, NULL, NULL, NULL, NULL, NULL, NULL, NULL, 350),
(944, 9, 5, '3901624578', '2017-02-09 16:09:07', NULL, 0, 'prueba', '666555444', 'emilio@redess.es', 0, 0, 0, '2017-05-05 11:34:21', '{"1":{"id":"15","prima":105},"4":{"id":"16","prima":189},"5":{"id":"47","prima":168}}', 20, NULL, NULL, NULL, NULL, NULL, NULL, NULL, NULL, NULL, NULL, NULL, NULL, NULL, NULL, NULL, NULL, NULL, NULL, NULL, NULL, NULL, NULL, NULL, NULL, NULL, NULL, NULL, NULL, NULL, NULL, NULL, NULL, NULL, NULL, NULL, NULL, NULL, NULL, NULL, NULL, NULL, NULL, NULL, NULL, NULL, NULL, NULL, NULL, NULL, NULL, NULL, NULL, NULL, NULL, NULL, NULL, 350),
(945, 9, 5, '6859104723', '2017-02-09 16:09:37', NULL, 0, 'prueba', '666555444', 'emilio@redess.es', 0, 0, 0, '2017-05-05 11:34:28', '{"1":{"id":"15","prima":105},"4":{"id":"16","prima":189},"5":{"id":"47","prima":168}}', 20, NULL, NULL, NULL, NULL, NULL, NULL, NULL, NULL, NULL, NULL, NULL, NULL, NULL, NULL, NULL, NULL, NULL, NULL, NULL, NULL, NULL, NULL, NULL, NULL, NULL, NULL, NULL, NULL, NULL, NULL, NULL, NULL, NULL, NULL, NULL, NULL, NULL, NULL, NULL, NULL, NULL, NULL, NULL, NULL, NULL, NULL, NULL, NULL, NULL, NULL, NULL, NULL, NULL, NULL, NULL, NULL, 350),
(946, 9, 5, '2348019765', '2017-02-09 16:10:31', NULL, 0, 'prueba', '666555444', 'emilio@redess.es', 0, 0, 0, '2017-05-05 11:34:32', '{"1":{"id":"15","prima":105},"4":{"id":"16","prima":189},"5":{"id":"47","prima":168}}', 20, NULL, NULL, NULL, NULL, NULL, NULL, NULL, NULL, NULL, NULL, NULL, NULL, NULL, NULL, NULL, NULL, NULL, NULL, NULL, NULL, NULL, NULL, NULL, NULL, NULL, NULL, NULL, NULL, NULL, NULL, NULL, NULL, NULL, NULL, NULL, NULL, NULL, NULL, NULL, NULL, NULL, NULL, NULL, NULL, NULL, NULL, NULL, NULL, NULL, NULL, NULL, NULL, NULL, NULL, NULL, NULL, 350),
(947, 9, 5, '2736149580', '2017-02-09 16:12:25', NULL, 0, 'prueba', '666555444', 'emilio@redess.es', 0, 0, 0, '2017-05-05 11:34:40', '{"1":{"id":"15","prima":105},"4":{"id":"16","prima":189},"5":{"id":"47","prima":168}}', 20, NULL, NULL, NULL, NULL, NULL, NULL, NULL, NULL, NULL, NULL, NULL, NULL, NULL, NULL, NULL, NULL, NULL, NULL, NULL, NULL, NULL, NULL, NULL, NULL, NULL, NULL, NULL, NULL, NULL, NULL, NULL, NULL, NULL, NULL, NULL, NULL, NULL, NULL, NULL, NULL, NULL, NULL, NULL, NULL, NULL, NULL, NULL, NULL, NULL, NULL, NULL, NULL, NULL, NULL, NULL, NULL, 350),
(948, 9, 5, '0239856741', '2017-02-10 12:44:08', NULL, 0, 'Jesús', '123456789', 'jesus@grupotat.com', 0, 0, 0, '2017-05-05 11:34:55', '{"1":{"id":"15","prima":236.4},"4":{"id":"16","prima":425.52},"5":{"id":"47","prima":378.24}}', 20, NULL, NULL, NULL, NULL, NULL, NULL, NULL, NULL, NULL, NULL, NULL, NULL, NULL, NULL, NULL, NULL, NULL, NULL, NULL, NULL, NULL, NULL, NULL, NULL, NULL, NULL, NULL, NULL, NULL, NULL, NULL, NULL, NULL, NULL, NULL, NULL, NULL, NULL, NULL, NULL, NULL, NULL, NULL, NULL, NULL, NULL, NULL, NULL, NULL, NULL, NULL, NULL, NULL, NULL, NULL, NULL, 788),
(949, 5, 2, '6703954812', '2017-02-11 14:34:12', NULL, 0, 'Iñigo Caravaca', '664334294', 'inigo.caravaca@icloud.com', 1, 0, 0, NULL, '{"3":{"id_cm":"2","prima_cm":66.06,"id_re":"3","prima_re":84.25},"35":{"id_cm":"48","prima_cm":63.61,"id_re":"49","prima_re":98.43},"36":{"id_cm":"37","prima_cm":47,"id_re":"50","prima_re":79},"37":{"id_cm":"51","prima_cm":32,"id_re":"50","prima_re":79},"41":{"id_cm":"36","prima_cm":55.7,"id_re":"58","prima_re":70.6},"42":{"id_cm":"59","prima_cm":33.76,"id_re":"60","prima_re":58.212},"43":{"id_cm":"39","prima_cm":44.172,"id_re":"60","prima_re":58.212}}', NULL, 1, NULL, NULL, 31, 4, NULL, NULL, NULL, NULL, NULL, NULL, NULL, NULL, NULL, NULL, 33, NULL, NULL, NULL, NULL, NULL, NULL, NULL, NULL, NULL, NULL, NULL, NULL, NULL, NULL, NULL, NULL, NULL, NULL, NULL, NULL, NULL, NULL, NULL, NULL, NULL, NULL, NULL, NULL, NULL, NULL, NULL, NULL, NULL, NULL, NULL, NULL, NULL, NULL, NULL, NULL, NULL),
(950, 5, 2, '3568927401', '2017-02-11 14:34:15', NULL, 0, 'Iñigo Caravaca', '664334294', 'inigo.caravaca@icloud.com', 1, 0, 0, NULL, '{"3":{"id_cm":"2","prima_cm":66.06,"id_re":"3","prima_re":84.25},"35":{"id_cm":"48","prima_cm":63.61,"id_re":"49","prima_re":98.43},"36":{"id_cm":"37","prima_cm":47,"id_re":"50","prima_re":79},"37":{"id_cm":"51","prima_cm":32,"id_re":"50","prima_re":79},"41":{"id_cm":"36","prima_cm":55.7,"id_re":"58","prima_re":70.6},"42":{"id_cm":"59","prima_cm":33.76,"id_re":"60","prima_re":58.212},"43":{"id_cm":"39","prima_cm":44.172,"id_re":"60","prima_re":58.212}}', NULL, 1, NULL, NULL, 31, 4, NULL, NULL, NULL, NULL, NULL, NULL, NULL, NULL, NULL, NULL, 33, NULL, NULL, NULL, NULL, NULL, NULL, NULL, NULL, NULL, NULL, NULL, NULL, NULL, NULL, NULL, NULL, NULL, NULL, NULL, NULL, NULL, NULL, NULL, NULL, NULL, NULL, NULL, NULL, NULL, NULL, NULL, NULL, NULL, NULL, NULL, NULL, NULL, NULL, NULL, NULL, NULL),
(951, 9, 5, '0674589132', '2017-02-11 17:00:20', NULL, 0, 'Jesús Bravo', '615325759', 'jbravo@redess.es', 0, 0, 0, '2017-05-05 11:35:04', '{"1":{"id":"15","prima":135},"4":{"id":"16","prima":243},"5":{"id":"47","prima":216}}', 20, NULL, NULL, NULL, NULL, NULL, NULL, NULL, NULL, NULL, NULL, NULL, NULL, NULL, NULL, NULL, NULL, NULL, NULL, NULL, NULL, NULL, NULL, NULL, NULL, NULL, NULL, NULL, NULL, NULL, NULL, NULL, NULL, NULL, NULL, NULL, NULL, NULL, NULL, NULL, NULL, NULL, NULL, NULL, NULL, NULL, NULL, NULL, NULL, NULL, NULL, NULL, NULL, NULL, NULL, NULL, NULL, 450),
(952, 9, 5, '8273146095', '2017-02-13 10:21:26', NULL, 0, 'Jesús Jábega', '123456789', 'jesus@grupotat.com', 0, 0, 0, '2017-05-05 11:35:10', '{"1":{"id":"15","prima":234},"4":{"id":"16","prima":421.2},"5":{"id":"47","prima":374.4}}', 20, NULL, NULL, NULL, NULL, NULL, NULL, NULL, NULL, NULL, NULL, NULL, NULL, NULL, NULL, NULL, NULL, NULL, NULL, NULL, NULL, NULL, NULL, NULL, NULL, NULL, NULL, NULL, NULL, NULL, NULL, NULL, NULL, NULL, NULL, NULL, NULL, NULL, NULL, NULL, NULL, NULL, NULL, NULL, NULL, NULL, NULL, NULL, NULL, NULL, NULL, NULL, NULL, NULL, NULL, NULL, NULL, 780),
(953, 1, 6, '9410372865', '2017-02-16 19:27:06', NULL, 0, 'Sergio salazar', '651486600', 'serxy_885@hotmail.com', 1, 0, 0, NULL, '{"Producto interesado":"Responsabilidad civil","Tipo de seguro":"Seguro para feriantes"}', NULL, NULL, NULL, NULL, NULL, NULL, NULL, NULL, NULL, NULL, NULL, NULL, NULL, NULL, NULL, NULL, NULL, NULL, NULL, NULL, NULL, NULL, NULL, NULL, NULL, NULL, NULL, NULL, NULL, NULL, NULL, NULL, NULL, NULL, NULL, NULL, NULL, NULL, NULL, NULL, NULL, NULL, NULL, NULL, NULL, NULL, NULL, NULL, NULL, NULL, NULL, NULL, NULL, NULL, NULL, NULL, NULL, NULL),
(954, 9, 5, '6528031749', '2017-02-20 02:43:18', NULL, 0, 'Julián Garcia', '654789765', 'rascatron@gmail.com', 0, 0, 0, '2017-05-05 11:35:32', '{"1":{"id":"15","prima":150},"4":{"id":"16","prima":270},"5":{"id":"47","prima":240}}', 20, NULL, NULL, NULL, NULL, NULL, NULL, NULL, NULL, NULL, NULL, NULL, NULL, NULL, NULL, NULL, NULL, NULL, NULL, NULL, NULL, NULL, NULL, NULL, NULL, NULL, NULL, NULL, NULL, NULL, NULL, NULL, NULL, NULL, NULL, NULL, NULL, NULL, NULL, NULL, NULL, NULL, NULL, NULL, NULL, NULL, NULL, NULL, NULL, NULL, NULL, NULL, NULL, NULL, NULL, NULL, NULL, 500),
(955, 5, 7, '8960275143', '2017-02-20 11:22:51', NULL, 0, 'prueba', '666555444', 'emilio@redess.es', 1, 0, 0, NULL, '{"ramo_especial":"1","primas":{"45":98.19}}', NULL, NULL, NULL, NULL, NULL, NULL, NULL, NULL, NULL, NULL, NULL, NULL, NULL, NULL, NULL, NULL, NULL, NULL, NULL, NULL, NULL, NULL, NULL, NULL, NULL, NULL, NULL, NULL, NULL, NULL, NULL, NULL, NULL, NULL, NULL, NULL, NULL, NULL, NULL, NULL, NULL, NULL, NULL, NULL, NULL, NULL, NULL, NULL, NULL, NULL, NULL, NULL, NULL, NULL, NULL, NULL, NULL, NULL),
(956, 5, 7, '4195230678', '2017-02-20 11:35:54', NULL, 0, 'prueba', '666555444', 'emilio@redess.es', 1, 0, 0, NULL, '{"ramo_especial":"1","primas":{"45":98.19},"params":{"duracion":"7","residente":"2","zona de cobertura":"2","numero de asegurados":"1"}}', NULL, NULL, NULL, NULL, NULL, NULL, NULL, NULL, NULL, NULL, NULL, NULL, NULL, NULL, NULL, NULL, NULL, NULL, NULL, NULL, NULL, NULL, NULL, NULL, NULL, NULL, NULL, NULL, NULL, NULL, NULL, NULL, NULL, NULL, NULL, NULL, NULL, NULL, NULL, NULL, NULL, NULL, NULL, NULL, NULL, NULL, NULL, NULL, NULL, NULL, NULL, NULL, NULL, NULL, NULL, NULL, NULL, NULL),
(957, 5, 7, '6412378905', '2017-02-20 11:38:51', NULL, 0, 'prueba', '666555444', 'emilio@redess.es', 1, 0, 0, NULL, '{"ramo_especial":"1","primas":{"45":98.19},"params":{"Duraci\\u00f3n":"7","Residente":"2","Zona de cobertura":"2","N\\u00famero de asegurados":"1"}}', NULL, NULL, NULL, NULL, NULL, NULL, NULL, NULL, NULL, NULL, NULL, NULL, NULL, NULL, NULL, NULL, NULL, NULL, NULL, NULL, NULL, NULL, NULL, NULL, NULL, NULL, NULL, NULL, NULL, NULL, NULL, NULL, NULL, NULL, NULL, NULL, NULL, NULL, NULL, NULL, NULL, NULL, NULL, NULL, NULL, NULL, NULL, NULL, NULL, NULL, NULL, NULL, NULL, NULL, NULL, NULL, NULL, NULL),
(958, 5, 7, '5830941267', '2017-02-20 12:07:56', NULL, 0, 'prueba', '666555444', 'emilio@redess.es', 1, 0, 0, NULL, '{"ramo_especial":"1","primas":{"45":98.19},"params":{"Duraci\\u00f3n":"Hasta 2 meses","Residente":"2","Zona de cobertura":"2","N\\u00famero de asegurados":"1"}}', NULL, NULL, NULL, NULL, NULL, NULL, NULL, NULL, NULL, NULL, NULL, NULL, NULL, NULL, NULL, NULL, NULL, NULL, NULL, NULL, NULL, NULL, NULL, NULL, NULL, NULL, NULL, NULL, NULL, NULL, NULL, NULL, NULL, NULL, NULL, NULL, NULL, NULL, NULL, NULL, NULL, NULL, NULL, NULL, NULL, NULL, NULL, NULL, NULL, NULL, NULL, NULL, NULL, NULL, NULL, NULL, NULL, NULL),
(959, 5, 7, '1249837560', '2017-02-20 12:20:13', NULL, 0, 'prueba', '666555444', 'emilio@redess.es', 1, 0, 0, NULL, '{"ramo_especial":"1","primas":{"45":98.19},"params":{"Duraci\\u00f3n":"Hasta 2 meses","Residente":"Europa","Zona de cobertura":"Europa","N\\u00famero de asegurados":"1"}}', NULL, NULL, NULL, NULL, NULL, NULL, NULL, NULL, NULL, NULL, NULL, NULL, NULL, NULL, NULL, NULL, NULL, NULL, NULL, NULL, NULL, NULL, NULL, NULL, NULL, NULL, NULL, NULL, NULL, NULL, NULL, NULL, NULL, NULL, NULL, NULL, NULL, NULL, NULL, NULL, NULL, NULL, NULL, NULL, NULL, NULL, NULL, NULL, NULL, NULL, NULL, NULL, NULL, NULL, NULL, NULL, NULL, NULL),
(960, 5, 7, '7130598246', '2017-02-20 12:20:40', NULL, 0, 'prueba', '666555444', 'emilio@redess.es', 1, 0, 0, NULL, '{"ramo_especial":"1","primas":{"45":108.38},"params":{"Duraci\\u00f3n":"Hasta 4 meses","Residente":"Espa\\u00f1a","Zona de cobertura":"Mundo","N\\u00famero de asegurados":"1"}}', NULL, NULL, NULL, NULL, NULL, NULL, NULL, NULL, NULL, NULL, NULL, NULL, NULL, NULL, NULL, NULL, NULL, NULL, NULL, NULL, NULL, NULL, NULL, NULL, NULL, NULL, NULL, NULL, NULL, NULL, NULL, NULL, NULL, NULL, NULL, NULL, NULL, NULL, NULL, NULL, NULL, NULL, NULL, NULL, NULL, NULL, NULL, NULL, NULL, NULL, NULL, NULL, NULL, NULL, NULL, NULL, NULL, NULL),
(961, 5, 2, '6258190374', '2017-02-20 15:19:27', NULL, 0, 'Francisco José González Alonso', '922296656', 'produccion2@canarisk.es', 1, 0, 0, NULL, '{"3":{"id_cm":"2","prima_cm":70.56,"id_re":"3","prima_re":92.82},"35":{"id_cm":"48","prima_cm":63.61,"id_re":"49","prima_re":98.43},"38":{"id_cm":"52","prima_cm":51,"id_re":"53","prima_re":79},"41":{"id_cm":"36","prima_cm":55.7,"id_re":"58","prima_re":83.39},"44":{"id_cm":"41","prima_cm":32,"id_re":"61","prima_re":45},"48":{"id_cm":"68","prima_cm":35.23,"id_re":"69","prima_re":130.28},"49":{"id_cm":"70","prima_cm":70.46,"id_re":"69","prima_re":130.28}}', NULL, 1, NULL, NULL, 42, 2, NULL, NULL, NULL, NULL, NULL, NULL, NULL, NULL, NULL, NULL, 41, NULL, NULL, NULL, NULL, NULL, NULL, NULL, NULL, NULL, NULL, NULL, NULL, NULL, NULL, NULL, NULL, NULL, NULL, NULL, NULL, NULL, NULL, NULL, NULL, NULL, NULL, NULL, NULL, NULL, NULL, NULL, NULL, NULL, NULL, NULL, NULL, NULL, NULL, NULL, NULL, NULL),
(962, 5, 7, '9716423580', '2017-02-21 12:44:34', NULL, 0, 'prueba', '666555444', 'emilio@redess.es', 1, 0, 0, NULL, '{"ramo_especial":"1","primas":{"45":170.85},"params":{"Duraci\\u00f3n":"Hasta 5 meses","Residente":"Europa","Zona de cobertura":"Mundo","N\\u00famero de asegurados":"1"}}', NULL, NULL, NULL, NULL, NULL, NULL, NULL, NULL, NULL, NULL, NULL, NULL, NULL, NULL, NULL, NULL, NULL, NULL, NULL, NULL, NULL, NULL, NULL, NULL, NULL, NULL, NULL, NULL, NULL, NULL, NULL, NULL, NULL, NULL, NULL, NULL, NULL, NULL, NULL, NULL, NULL, NULL, NULL, NULL, NULL, NULL, NULL, NULL, NULL, NULL, NULL, NULL, NULL, NULL, NULL, NULL, NULL, NULL),
(963, 5, 7, '5613402879', '2017-02-21 12:47:32', NULL, 0, 'prueba', '666555444', 'emilio@redess.es', 1, 0, 0, NULL, '{"ramo_especial":"1","primas":{"45":170.85},"params":{"Duraci\\u00f3n":"Hasta 5 meses","Residente":"Europa","Zona de cobertura":"Mundo","N\\u00famero de asegurados":"1"}}', NULL, NULL, NULL, NULL, NULL, NULL, NULL, NULL, NULL, NULL, NULL, NULL, NULL, NULL, NULL, NULL, NULL, NULL, NULL, NULL, NULL, NULL, NULL, NULL, NULL, NULL, NULL, NULL, NULL, NULL, NULL, NULL, NULL, NULL, NULL, NULL, NULL, NULL, NULL, NULL, NULL, NULL, NULL, NULL, NULL, NULL, NULL, NULL, NULL, NULL, NULL, NULL, NULL, NULL, NULL, NULL, NULL, NULL),
(964, 5, 7, '4790163285', '2017-02-21 12:52:01', NULL, 0, 'prueba', '666555444', 'emilio@redess.es', 1, 0, 0, NULL, '{"ramo_especial":"1","primas":{"45":170.85},"params":{"Duraci\\u00f3n":"Hasta 5 meses","Residente":"Europa","Zona de cobertura":"Mundo","N\\u00famero de asegurados":"1"}}', NULL, NULL, NULL, NULL, NULL, NULL, NULL, NULL, NULL, NULL, NULL, NULL, NULL, NULL, NULL, NULL, NULL, NULL, NULL, NULL, NULL, NULL, NULL, NULL, NULL, NULL, NULL, NULL, NULL, NULL, NULL, NULL, NULL, NULL, NULL, NULL, NULL, NULL, NULL, NULL, NULL, NULL, NULL, NULL, NULL, NULL, NULL, NULL, NULL, NULL, NULL, NULL, NULL, NULL, NULL, NULL, NULL, NULL),
(965, 5, 7, '9864310572', '2017-02-21 12:53:01', NULL, 0, 'prueba', '666555444', 'emilio@redess.es', 1, 0, 0, NULL, '{"ramo_especial":"1","primas":{"45":170.85},"params":{"Duraci\\u00f3n":"Hasta 5 meses","Residente":"Europa","Zona de cobertura":"Mundo","N\\u00famero de asegurados":"1"}}', NULL, NULL, NULL, NULL, NULL, NULL, NULL, NULL, NULL, NULL, NULL, NULL, NULL, NULL, NULL, NULL, NULL, NULL, NULL, NULL, NULL, NULL, NULL, NULL, NULL, NULL, NULL, NULL, NULL, NULL, NULL, NULL, NULL, NULL, NULL, NULL, NULL, NULL, NULL, NULL, NULL, NULL, NULL, NULL, NULL, NULL, NULL, NULL, NULL, NULL, NULL, NULL, NULL, NULL, NULL, NULL, NULL, NULL),
(966, 9, 5, '3976850142', '2017-02-21 15:59:48', NULL, 0, 'MARIAN MUÑOZ BAÑOS', '649630445', 'marian@grupotat.com', 0, 0, 0, '2017-05-05 11:35:39', '{"1":{"id":"15","prima":150},"4":{"id":"16","prima":270},"5":{"id":"47","prima":240}}', 20, NULL, NULL, NULL, NULL, NULL, NULL, NULL, NULL, NULL, NULL, NULL, NULL, NULL, NULL, NULL, NULL, NULL, NULL, NULL, NULL, NULL, NULL, NULL, NULL, NULL, NULL, NULL, NULL, NULL, NULL, NULL, NULL, NULL, NULL, NULL, NULL, NULL, NULL, NULL, NULL, NULL, NULL, NULL, NULL, NULL, NULL, NULL, NULL, NULL, NULL, NULL, NULL, NULL, NULL, NULL, NULL, 500),
(967, 5, 7, '3594718206', '2017-02-22 08:52:35', NULL, 0, 'prueba', '666555444', 'emilio@redess.es', 1, 0, 0, NULL, '{"ramo_especial":"1","primas":{"45":170.85},"params":{"Duraci\\u00f3n":"Hasta 5 meses","Residente":"Europa","Zona de cobertura":"Mundo","N\\u00famero de asegurados":"1"}}', NULL, NULL, NULL, NULL, NULL, NULL, NULL, NULL, NULL, NULL, NULL, NULL, NULL, NULL, NULL, NULL, NULL, NULL, NULL, NULL, NULL, NULL, NULL, NULL, NULL, NULL, NULL, NULL, NULL, NULL, NULL, NULL, NULL, NULL, NULL, NULL, NULL, NULL, NULL, NULL, NULL, NULL, NULL, NULL, NULL, NULL, NULL, NULL, NULL, NULL, NULL, NULL, NULL, NULL, NULL, NULL, NULL, NULL),
(968, 5, 7, '1876305294', '2017-02-22 09:04:24', NULL, 0, 'prueba', '666555444', 'emilio@redess.es', 1, 0, 0, NULL, '{"ramo_especial":"1","primas":{"45":170.85},"params":{"Duraci\\u00f3n":"Hasta 5 meses","Residente":"Europa","Zona de cobertura":"Mundo","N\\u00famero de asegurados":"1"}}', NULL, NULL, NULL, NULL, NULL, NULL, NULL, NULL, NULL, NULL, NULL, NULL, NULL, NULL, NULL, NULL, NULL, NULL, NULL, NULL, NULL, NULL, NULL, NULL, NULL, NULL, NULL, NULL, NULL, NULL, NULL, NULL, NULL, NULL, NULL, NULL, NULL, NULL, NULL, NULL, NULL, NULL, NULL, NULL, NULL, NULL, NULL, NULL, NULL, NULL, NULL, NULL, NULL, NULL, NULL, NULL, NULL, NULL),
(969, 5, 7, '4179623580', '2017-02-23 12:41:27', NULL, 0, 'Juan Prueba', '922296656', 'produccion@canarisk.es', 1, 0, 0, NULL, '{"ramo_especial":"1","primas":{"45":11.9},"params":{"Duraci\\u00f3n":"Hasta 3 d\\u00edas","Residente":"Espa\\u00f1a","Zona de cobertura":"Mundo","N\\u00famero de asegurados":"1"}}', NULL, NULL, NULL, NULL, NULL, NULL, NULL, NULL, NULL, NULL, NULL, NULL, NULL, NULL, NULL, NULL, NULL, NULL, NULL, NULL, NULL, NULL, NULL, NULL, NULL, NULL, NULL, NULL, NULL, NULL, NULL, NULL, NULL, NULL, NULL, NULL, NULL, NULL, NULL, NULL, NULL, NULL, NULL, NULL, NULL, NULL, NULL, NULL, NULL, NULL, NULL, NULL, NULL, NULL, NULL, NULL, NULL, NULL),
(970, 5, 7, '7683450921', '2017-02-23 12:44:41', NULL, 0, 'Juan Prueba', '922296656', 'produccion@canarisk.es', 1, 0, 0, NULL, '{"ramo_especial":"1","primas":{"45":11.9},"params":{"Duraci\\u00f3n":"Hasta 3 d\\u00edas","Residente":"Espa\\u00f1a","Zona de cobertura":"Espa\\u00f1a","N\\u00famero de asegurados":"2"}}', NULL, NULL, NULL, NULL, NULL, NULL, NULL, NULL, NULL, NULL, NULL, NULL, NULL, NULL, NULL, NULL, NULL, NULL, NULL, NULL, NULL, NULL, NULL, NULL, NULL, NULL, NULL, NULL, NULL, NULL, NULL, NULL, NULL, NULL, NULL, NULL, NULL, NULL, NULL, NULL, NULL, NULL, NULL, NULL, NULL, NULL, NULL, NULL, NULL, NULL, NULL, NULL, NULL, NULL, NULL, NULL, NULL, NULL),
(971, 9, 5, '8621597430', '2017-02-23 14:26:33', NULL, 0, 'RASCATRON', '654432535', 'rascatron@gmail.com', 0, 0, 0, '2017-05-05 11:35:45', '{"1":{"id":"15","prima":150},"4":{"id":"16","prima":270},"5":{"id":"47","prima":240}}', 20, NULL, NULL, NULL, NULL, NULL, NULL, NULL, NULL, NULL, NULL, NULL, NULL, NULL, NULL, NULL, NULL, NULL, NULL, NULL, NULL, NULL, NULL, NULL, NULL, NULL, NULL, NULL, NULL, NULL, NULL, NULL, NULL, NULL, NULL, NULL, NULL, NULL, NULL, NULL, NULL, NULL, NULL, NULL, NULL, NULL, NULL, NULL, NULL, NULL, NULL, NULL, NULL, NULL, NULL, NULL, NULL, 500),
(972, 1, 6, '2564789301', '2017-02-24 11:53:20', NULL, 0, 'David Galiano Baquero ', '606553180', 'davidgalianobaquero@gmail.com', 1, 0, 0, NULL, '{"Producto interesado":"Da\\u00f1os a la atracci\\u00f3n","Tipo de seguro":"Seguro para feriantes"}', NULL, NULL, NULL, NULL, NULL, NULL, NULL, NULL, NULL, NULL, NULL, NULL, NULL, NULL, NULL, NULL, NULL, NULL, NULL, NULL, NULL, NULL, NULL, NULL, NULL, NULL, NULL, NULL, NULL, NULL, NULL, NULL, NULL, NULL, NULL, NULL, NULL, NULL, NULL, NULL, NULL, NULL, NULL, NULL, NULL, NULL, NULL, NULL, NULL, NULL, NULL, NULL, NULL, NULL, NULL, NULL, NULL, NULL),
(973, 5, 7, '4759016283', '2017-02-24 14:58:57', NULL, 0, 'PRUEBA', '922296656', 'juanluis38003@hotmail.com', 1, 0, 0, NULL, '{"ramo_especial":"1","primas":{"45":11.9},"params":{"Duraci\\u00f3n":"Hasta 3 d\\u00edas","Residente":"Espa\\u00f1a","Zona de cobertura":"Espa\\u00f1a","N\\u00famero de asegurados":"1"}}', NULL, NULL, NULL, NULL, NULL, NULL, NULL, NULL, NULL, NULL, NULL, NULL, NULL, NULL, NULL, NULL, NULL, NULL, NULL, NULL, NULL, NULL, NULL, NULL, NULL, NULL, NULL, NULL, NULL, NULL, NULL, NULL, NULL, NULL, NULL, NULL, NULL, NULL, NULL, NULL, NULL, NULL, NULL, NULL, NULL, NULL, NULL, NULL, NULL, NULL, NULL, NULL, NULL, NULL, NULL, NULL, NULL, NULL),
(974, 5, 7, '2983017564', '2017-02-24 14:59:16', NULL, 0, 'PRUEBA', '922296656', 'juanluis38003@hotmail.com', 1, 0, 0, NULL, '{"ramo_especial":"1","primas":{"45":11.9},"params":{"Duraci\\u00f3n":"Hasta 3 d\\u00edas","Residente":"Espa\\u00f1a","Zona de cobertura":"Europa","N\\u00famero de asegurados":"1"}}', NULL, NULL, NULL, NULL, NULL, NULL, NULL, NULL, NULL, NULL, NULL, NULL, NULL, NULL, NULL, NULL, NULL, NULL, NULL, NULL, NULL, NULL, NULL, NULL, NULL, NULL, NULL, NULL, NULL, NULL, NULL, NULL, NULL, NULL, NULL, NULL, NULL, NULL, NULL, NULL, NULL, NULL, NULL, NULL, NULL, NULL, NULL, NULL, NULL, NULL, NULL, NULL, NULL, NULL, NULL, NULL, NULL, NULL),
(975, 5, 7, '3825496710', '2017-02-24 15:00:14', NULL, 0, 'Juan Delgado', '922296656', 'produccion@canarisk.es', 1, 0, 0, NULL, '{"ramo_especial":"1","primas":{"45":16.23},"params":{"Duraci\\u00f3n":"Hasta 8 d\\u00edas","Residente":"Espa\\u00f1a","Zona de cobertura":"Europa","N\\u00famero de asegurados":"1"}}', NULL, NULL, NULL, NULL, NULL, NULL, NULL, NULL, NULL, NULL, NULL, NULL, NULL, NULL, NULL, NULL, NULL, NULL, NULL, NULL, NULL, NULL, NULL, NULL, NULL, NULL, NULL, NULL, NULL, NULL, NULL, NULL, NULL, NULL, NULL, NULL, NULL, NULL, NULL, NULL, NULL, NULL, NULL, NULL, NULL, NULL, NULL, NULL, NULL, NULL, NULL, NULL, NULL, NULL, NULL, NULL, NULL, NULL),
(976, 5, 7, '2536407189', '2017-02-24 15:00:30', NULL, 0, 'Juan Delgado', '922296656', 'produccion@canarisk.es', 1, 0, 0, NULL, '{"ramo_especial":"1","primas":{"45":11.9},"params":{"Duraci\\u00f3n":"Hasta 3 d\\u00edas","Residente":"Espa\\u00f1a","Zona de cobertura":"Mundo","N\\u00famero de asegurados":"1"}}', NULL, NULL, NULL, NULL, NULL, NULL, NULL, NULL, NULL, NULL, NULL, NULL, NULL, NULL, NULL, NULL, NULL, NULL, NULL, NULL, NULL, NULL, NULL, NULL, NULL, NULL, NULL, NULL, NULL, NULL, NULL, NULL, NULL, NULL, NULL, NULL, NULL, NULL, NULL, NULL, NULL, NULL, NULL, NULL, NULL, NULL, NULL, NULL, NULL, NULL, NULL, NULL, NULL, NULL, NULL, NULL, NULL, NULL),
(977, 1, 6, '3769821540', '2017-02-24 23:05:25', NULL, 0, 'Oscar Lopez Lizana ', '605848357', 'eventoselmarquesito@hotmail.com', 1, 0, 0, NULL, '{"Producto interesado":"Responsabilidad civil","Tipo de seguro":"Seguro para feriantes"}', NULL, NULL, NULL, NULL, NULL, NULL, NULL, NULL, NULL, NULL, NULL, NULL, NULL, NULL, NULL, NULL, NULL, NULL, NULL, NULL, NULL, NULL, NULL, NULL, NULL, NULL, NULL, NULL, NULL, NULL, NULL, NULL, NULL, NULL, NULL, NULL, NULL, NULL, NULL, NULL, NULL, NULL, NULL, NULL, NULL, NULL, NULL, NULL, NULL, NULL, NULL, NULL, NULL, NULL, NULL, NULL, NULL, NULL),
(978, 1, 6, '2710658394', '2017-02-26 16:32:11', NULL, 0, 'Ruben santo', '631494272', 'palankasoul@gmail.com', 1, 0, 0, NULL, '{"Producto interesado":"Responsabilidad civil","Tipo de seguro":"Seguro para feriantes"}', NULL, NULL, NULL, NULL, NULL, NULL, NULL, NULL, NULL, NULL, NULL, NULL, NULL, NULL, NULL, NULL, NULL, NULL, NULL, NULL, NULL, NULL, NULL, NULL, NULL, NULL, NULL, NULL, NULL, NULL, NULL, NULL, NULL, NULL, NULL, NULL, NULL, NULL, NULL, NULL, NULL, NULL, NULL, NULL, NULL, NULL, NULL, NULL, NULL, NULL, NULL, NULL, NULL, NULL, NULL, NULL, NULL, NULL),
(979, 9, 5, '2613548709', '2017-02-27 08:31:06', NULL, 0, 'prueba4', '666777555', 'emilio@redess.es', 0, 0, 0, '2017-05-05 11:35:50', '{"1":{"id":"15","prima":120},"4":{"id":"16","prima":216},"5":{"id":"47","prima":192}}', 20, NULL, NULL, NULL, NULL, NULL, NULL, NULL, NULL, NULL, NULL, NULL, NULL, NULL, NULL, NULL, NULL, NULL, NULL, NULL, NULL, NULL, NULL, NULL, NULL, NULL, NULL, NULL, NULL, NULL, NULL, NULL, NULL, NULL, NULL, NULL, NULL, NULL, NULL, NULL, NULL, NULL, NULL, NULL, NULL, NULL, NULL, NULL, NULL, NULL, NULL, NULL, NULL, NULL, NULL, NULL, NULL, 400),
(980, 9, 5, '1239745086', '2017-02-27 08:31:46', NULL, 0, 'prueba4', '666777555', 'emilio@redess.es', 0, 0, 0, '2017-05-05 11:35:55', '{"1":{"id":"15","prima":120},"4":{"id":"16","prima":216},"5":{"id":"47","prima":192}}', 20, NULL, NULL, NULL, NULL, NULL, NULL, NULL, NULL, NULL, NULL, NULL, NULL, NULL, NULL, NULL, NULL, NULL, NULL, NULL, NULL, NULL, NULL, NULL, NULL, NULL, NULL, NULL, NULL, NULL, NULL, NULL, NULL, NULL, NULL, NULL, NULL, NULL, NULL, NULL, NULL, NULL, NULL, NULL, NULL, NULL, NULL, NULL, NULL, NULL, NULL, NULL, NULL, NULL, NULL, NULL, NULL, 400),
(981, 9, 5, '6402179853', '2017-02-27 08:51:47', NULL, 0, 'prueba4', '666777555', 'emilio@redess.es', 0, 0, 0, '2017-05-05 11:36:04', '{"1":{"id":"15","prima":120},"4":{"id":"16","prima":216},"5":{"id":"47","prima":192}}', 20, NULL, NULL, NULL, NULL, NULL, NULL, NULL, NULL, NULL, NULL, NULL, NULL, NULL, NULL, NULL, NULL, NULL, NULL, NULL, NULL, NULL, NULL, NULL, NULL, NULL, NULL, NULL, NULL, NULL, NULL, NULL, NULL, NULL, NULL, NULL, NULL, NULL, NULL, NULL, NULL, NULL, NULL, NULL, NULL, NULL, NULL, NULL, NULL, NULL, NULL, NULL, NULL, NULL, NULL, NULL, NULL, 400),
(982, 9, 5, '2986430517', '2017-02-27 08:58:51', NULL, 0, 'prueba4', '666777555', 'emilio@redess.es', 0, 0, 0, '2017-05-05 11:36:10', '{"1":{"id":"15","prima":120},"4":{"id":"16","prima":216},"5":{"id":"47","prima":192}}', 20, NULL, NULL, NULL, NULL, NULL, NULL, NULL, NULL, NULL, NULL, NULL, NULL, NULL, NULL, NULL, NULL, NULL, NULL, NULL, NULL, NULL, NULL, NULL, NULL, NULL, NULL, NULL, NULL, NULL, NULL, NULL, NULL, NULL, NULL, NULL, NULL, NULL, NULL, NULL, NULL, NULL, NULL, NULL, NULL, NULL, NULL, NULL, NULL, NULL, NULL, NULL, NULL, NULL, NULL, NULL, NULL, 400),
(983, 9, 5, '2097846513', '2017-02-27 09:06:33', NULL, 0, 'prueba4', '666777555', 'emilio@redess.es', 0, 0, 0, '2017-05-05 11:38:18', '{"1":{"id":"15","prima":120},"4":{"id":"16","prima":216},"5":{"id":"47","prima":192}}', 20, NULL, NULL, NULL, NULL, NULL, NULL, NULL, NULL, NULL, NULL, NULL, NULL, NULL, NULL, NULL, NULL, NULL, NULL, NULL, NULL, NULL, NULL, NULL, NULL, NULL, NULL, NULL, NULL, NULL, NULL, NULL, NULL, NULL, NULL, NULL, NULL, NULL, NULL, NULL, NULL, NULL, NULL, NULL, NULL, NULL, NULL, NULL, NULL, NULL, NULL, NULL, NULL, NULL, NULL, NULL, NULL, 400),
(984, 1, 6, '4762805319', '2017-02-27 09:28:10', NULL, 0, 'Alfonso Carlos Trinidad Diaz', '686184761', 'alfonso.trinidad.diaz@gmail.com', 1, 0, 0, NULL, '{"Producto interesado":"Responsabilidad civil","Tipo de seguro":"Seguro para feriantes"}', NULL, NULL, NULL, NULL, NULL, NULL, NULL, NULL, NULL, NULL, NULL, NULL, NULL, NULL, NULL, NULL, NULL, NULL, NULL, NULL, NULL, NULL, NULL, NULL, NULL, NULL, NULL, NULL, NULL, NULL, NULL, NULL, NULL, NULL, NULL, NULL, NULL, NULL, NULL, NULL, NULL, NULL, NULL, NULL, NULL, NULL, NULL, NULL, NULL, NULL, NULL, NULL, NULL, NULL, NULL, NULL, NULL, NULL),
(985, 9, 5, '8730561249', '2017-02-27 09:59:28', NULL, 0, 'prueba4', '666777555', 'emilio@redess.es', 0, 0, 0, '2017-05-05 11:38:24', '{"1":{"id":"15","prima":120},"4":{"id":"16","prima":216},"5":{"id":"47","prima":192}}', 20, NULL, NULL, NULL, NULL, NULL, NULL, NULL, NULL, NULL, NULL, NULL, NULL, NULL, NULL, NULL, NULL, NULL, NULL, NULL, NULL, NULL, NULL, NULL, NULL, NULL, NULL, NULL, NULL, NULL, NULL, NULL, NULL, NULL, NULL, NULL, NULL, NULL, NULL, NULL, NULL, NULL, NULL, NULL, NULL, NULL, NULL, NULL, NULL, NULL, NULL, NULL, NULL, NULL, NULL, NULL, NULL, 400),
(986, 9, 5, '6520871943', '2017-02-27 10:00:36', NULL, 0, 'prueba4', '666777555', 'emilio@redess.es', 0, 0, 0, '2017-05-05 11:38:31', '{"1":{"id":"15","prima":120},"4":{"id":"16","prima":216},"5":{"id":"47","prima":192}}', 20, NULL, NULL, NULL, NULL, NULL, NULL, NULL, NULL, NULL, NULL, NULL, NULL, NULL, NULL, NULL, NULL, NULL, NULL, NULL, NULL, NULL, NULL, NULL, NULL, NULL, NULL, NULL, NULL, NULL, NULL, NULL, NULL, NULL, NULL, NULL, NULL, NULL, NULL, NULL, NULL, NULL, NULL, NULL, NULL, NULL, NULL, NULL, NULL, NULL, NULL, NULL, NULL, NULL, NULL, NULL, NULL, 400),
(987, 9, 5, '4192836057', '2017-02-27 10:02:30', NULL, 0, 'prueba4', '666777555', 'emilio@redess.es', 0, 0, 0, '2017-05-05 11:38:37', '{"1":{"id":"15","prima":120},"4":{"id":"16","prima":216},"5":{"id":"47","prima":192}}', 20, NULL, NULL, NULL, NULL, NULL, NULL, NULL, NULL, NULL, NULL, NULL, NULL, NULL, NULL, NULL, NULL, NULL, NULL, NULL, NULL, NULL, NULL, NULL, NULL, NULL, NULL, NULL, NULL, NULL, NULL, NULL, NULL, NULL, NULL, NULL, NULL, NULL, NULL, NULL, NULL, NULL, NULL, NULL, NULL, NULL, NULL, NULL, NULL, NULL, NULL, NULL, NULL, NULL, NULL, NULL, NULL, 400),
(988, 9, 5, '4703159628', '2017-02-27 10:08:07', NULL, 0, 'prueba4', '666777555', 'emilio@redess.es', 0, 0, 0, '2017-05-05 11:38:43', '{"1":{"id":"15","prima":120},"4":{"id":"16","prima":216},"5":{"id":"47","prima":192}}', 20, NULL, NULL, NULL, NULL, NULL, NULL, NULL, NULL, NULL, NULL, NULL, NULL, NULL, NULL, NULL, NULL, NULL, NULL, NULL, NULL, NULL, NULL, NULL, NULL, NULL, NULL, NULL, NULL, NULL, NULL, NULL, NULL, NULL, NULL, NULL, NULL, NULL, NULL, NULL, NULL, NULL, NULL, NULL, NULL, NULL, NULL, NULL, NULL, NULL, NULL, NULL, NULL, NULL, NULL, NULL, NULL, 400),
(989, 9, 5, '8349106752', '2017-02-27 10:11:16', NULL, 0, 'prueba4', '666777555', 'emilio@redess.es', 0, 0, 0, '2017-05-05 11:38:51', '{"1":{"id":"15","prima":120},"4":{"id":"16","prima":216},"5":{"id":"47","prima":192}}', 20, NULL, NULL, NULL, NULL, NULL, NULL, NULL, NULL, NULL, NULL, NULL, NULL, NULL, NULL, NULL, NULL, NULL, NULL, NULL, NULL, NULL, NULL, NULL, NULL, NULL, NULL, NULL, NULL, NULL, NULL, NULL, NULL, NULL, NULL, NULL, NULL, NULL, NULL, NULL, NULL, NULL, NULL, NULL, NULL, NULL, NULL, NULL, NULL, NULL, NULL, NULL, NULL, NULL, NULL, NULL, NULL, 400),
(990, 9, 5, '9324078561', '2017-02-27 10:16:44', NULL, 0, 'prueba4', '666777555', 'emilio@redess.es', 0, 0, 0, '2017-05-05 11:38:57', '{"1":{"id":"15","prima":120},"4":{"id":"16","prima":216},"5":{"id":"47","prima":192}}', 20, NULL, NULL, NULL, NULL, NULL, NULL, NULL, NULL, NULL, NULL, NULL, NULL, NULL, NULL, NULL, NULL, NULL, NULL, NULL, NULL, NULL, NULL, NULL, NULL, NULL, NULL, NULL, NULL, NULL, NULL, NULL, NULL, NULL, NULL, NULL, NULL, NULL, NULL, NULL, NULL, NULL, NULL, NULL, NULL, NULL, NULL, NULL, NULL, NULL, NULL, NULL, NULL, NULL, NULL, NULL, NULL, 400),
(991, 9, 5, '1326504798', '2017-02-27 10:17:16', NULL, 0, 'prueba4', '666777555', 'emilio@redess.es', 0, 0, 0, '2017-05-05 11:39:01', '{"1":{"id":"15","prima":120},"4":{"id":"16","prima":216},"5":{"id":"47","prima":192}}', 20, NULL, NULL, NULL, NULL, NULL, NULL, NULL, NULL, NULL, NULL, NULL, NULL, NULL, NULL, NULL, NULL, NULL, NULL, NULL, NULL, NULL, NULL, NULL, NULL, NULL, NULL, NULL, NULL, NULL, NULL, NULL, NULL, NULL, NULL, NULL, NULL, NULL, NULL, NULL, NULL, NULL, NULL, NULL, NULL, NULL, NULL, NULL, NULL, NULL, NULL, NULL, NULL, NULL, NULL, NULL, NULL, 400),
(992, 9, 5, '6174308529', '2017-02-27 10:18:25', NULL, 0, 'prueba4', '666777555', 'emilio@redess.es', 0, 0, 0, '2017-05-05 11:39:06', '{"1":{"id":"15","prima":120},"4":{"id":"16","prima":216},"5":{"id":"47","prima":192}}', 20, NULL, NULL, NULL, NULL, NULL, NULL, NULL, NULL, NULL, NULL, NULL, NULL, NULL, NULL, NULL, NULL, NULL, NULL, NULL, NULL, NULL, NULL, NULL, NULL, NULL, NULL, NULL, NULL, NULL, NULL, NULL, NULL, NULL, NULL, NULL, NULL, NULL, NULL, NULL, NULL, NULL, NULL, NULL, NULL, NULL, NULL, NULL, NULL, NULL, NULL, NULL, NULL, NULL, NULL, NULL, NULL, 400),
(993, 9, 5, '2794568301', '2017-02-27 10:19:19', NULL, 0, 'prueba4', '666777555', 'emilio@redess.es', 0, 0, 0, '2017-05-05 11:39:13', '{"1":{"id":"15","prima":120},"4":{"id":"16","prima":216},"5":{"id":"47","prima":192}}', 20, NULL, NULL, NULL, NULL, NULL, NULL, NULL, NULL, NULL, NULL, NULL, NULL, NULL, NULL, NULL, NULL, NULL, NULL, NULL, NULL, NULL, NULL, NULL, NULL, NULL, NULL, NULL, NULL, NULL, NULL, NULL, NULL, NULL, NULL, NULL, NULL, NULL, NULL, NULL, NULL, NULL, NULL, NULL, NULL, NULL, NULL, NULL, NULL, NULL, NULL, NULL, NULL, NULL, NULL, NULL, NULL, 400),
(994, 9, 5, '2649753108', '2017-02-27 10:22:49', NULL, 0, 'prueba4', '666777555', 'emilio@redess.es', 0, 0, 0, '2017-05-05 11:39:29', '{"1":{"id":"15","prima":120},"4":{"id":"16","prima":216},"5":{"id":"47","prima":192}}', 20, NULL, NULL, NULL, NULL, NULL, NULL, NULL, NULL, NULL, NULL, NULL, NULL, NULL, NULL, NULL, NULL, NULL, NULL, NULL, NULL, NULL, NULL, NULL, NULL, NULL, NULL, NULL, NULL, NULL, NULL, NULL, NULL, NULL, NULL, NULL, NULL, NULL, NULL, NULL, NULL, NULL, NULL, NULL, NULL, NULL, NULL, NULL, NULL, NULL, NULL, NULL, NULL, NULL, NULL, NULL, NULL, 400),
(995, 9, 5, '9804765312', '2017-02-27 11:37:44', NULL, 0, 'Jesús Jábega', '123456789', 'jesus@grupotat.com', 0, 0, 0, '2017-05-05 11:39:34', '{"1":{"id":"15","prima":233.1},"4":{"id":"16","prima":419.58},"5":{"id":"47","prima":372.96}}', 20, NULL, NULL, NULL, NULL, NULL, NULL, NULL, NULL, NULL, NULL, NULL, NULL, NULL, NULL, NULL, NULL, NULL, NULL, NULL, NULL, NULL, NULL, NULL, NULL, NULL, NULL, NULL, NULL, NULL, NULL, NULL, NULL, NULL, NULL, NULL, NULL, NULL, NULL, NULL, NULL, NULL, NULL, NULL, NULL, NULL, NULL, NULL, NULL, NULL, NULL, NULL, NULL, NULL, NULL, NULL, NULL, 777),
(996, 9, 5, '9142857603', '2017-02-27 11:58:28', NULL, 0, 'prueba4', '666777555', 'emilio@redess.es', 0, 0, 0, '2017-05-05 11:39:38', '{"1":{"id":"15","prima":120},"4":{"id":"16","prima":216},"5":{"id":"47","prima":192}}', 20, NULL, NULL, NULL, NULL, NULL, NULL, NULL, NULL, NULL, NULL, NULL, NULL, NULL, NULL, NULL, NULL, NULL, NULL, NULL, NULL, NULL, NULL, NULL, NULL, NULL, NULL, NULL, NULL, NULL, NULL, NULL, NULL, NULL, NULL, NULL, NULL, NULL, NULL, NULL, NULL, NULL, NULL, NULL, NULL, NULL, NULL, NULL, NULL, NULL, NULL, NULL, NULL, NULL, NULL, NULL, NULL, 400),
(997, 9, 5, '3106784592', '2017-02-27 12:06:11', NULL, 0, 'prueba4', '666777555', 'emilio@redess.es', 0, 0, 0, '2017-05-05 11:39:44', '{"1":{"id":"15","prima":120},"4":{"id":"16","prima":216},"5":{"id":"47","prima":192}}', 20, NULL, NULL, NULL, NULL, NULL, NULL, NULL, NULL, NULL, NULL, NULL, NULL, NULL, NULL, NULL, NULL, NULL, NULL, NULL, NULL, NULL, NULL, NULL, NULL, NULL, NULL, NULL, NULL, NULL, NULL, NULL, NULL, NULL, NULL, NULL, NULL, NULL, NULL, NULL, NULL, NULL, NULL, NULL, NULL, NULL, NULL, NULL, NULL, NULL, NULL, NULL, NULL, NULL, NULL, NULL, NULL, 400),
(998, 9, 5, '2194578306', '2017-02-27 12:09:08', NULL, 0, 'prueba4', '666777555', 'emilio@redess.es', 0, 0, 0, '2017-05-05 11:39:49', '{"1":{"id":"15","prima":120},"4":{"id":"16","prima":216},"5":{"id":"47","prima":192}}', 20, NULL, NULL, NULL, NULL, NULL, NULL, NULL, NULL, NULL, NULL, NULL, NULL, NULL, NULL, NULL, NULL, NULL, NULL, NULL, NULL, NULL, NULL, NULL, NULL, NULL, NULL, NULL, NULL, NULL, NULL, NULL, NULL, NULL, NULL, NULL, NULL, NULL, NULL, NULL, NULL, NULL, NULL, NULL, NULL, NULL, NULL, NULL, NULL, NULL, NULL, NULL, NULL, NULL, NULL, NULL, NULL, 400),
(999, 9, 5, '0987214635', '2017-02-27 12:09:44', NULL, 0, 'prueba4', '666777555', 'emilio@redess.es', 0, 0, 0, '2017-05-05 11:39:53', '{"1":{"id":"15","prima":120},"4":{"id":"16","prima":216},"5":{"id":"47","prima":192}}', 20, NULL, NULL, NULL, NULL, NULL, NULL, NULL, NULL, NULL, NULL, NULL, NULL, NULL, NULL, NULL, NULL, NULL, NULL, NULL, NULL, NULL, NULL, NULL, NULL, NULL, NULL, NULL, NULL, NULL, NULL, NULL, NULL, NULL, NULL, NULL, NULL, NULL, NULL, NULL, NULL, NULL, NULL, NULL, NULL, NULL, NULL, NULL, NULL, NULL, NULL, NULL, NULL, NULL, NULL, NULL, NULL, 400),
(1000, 9, 5, '2619375048', '2017-02-27 12:11:33', NULL, 0, 'prueba4', '666777555', 'emilio@redess.es', 0, 0, 0, '2017-05-05 11:39:58', '{"1":{"id":"15","prima":120},"4":{"id":"16","prima":216},"5":{"id":"47","prima":192}}', 20, NULL, NULL, NULL, NULL, NULL, NULL, NULL, NULL, NULL, NULL, NULL, NULL, NULL, NULL, NULL, NULL, NULL, NULL, NULL, NULL, NULL, NULL, NULL, NULL, NULL, NULL, NULL, NULL, NULL, NULL, NULL, NULL, NULL, NULL, NULL, NULL, NULL, NULL, NULL, NULL, NULL, NULL, NULL, NULL, NULL, NULL, NULL, NULL, NULL, NULL, NULL, NULL, NULL, NULL, NULL, NULL, 400),
(1001, 9, 5, '1463072958', '2017-02-27 12:13:02', NULL, 0, 'prueba4', '666777555', 'emilio@redess.es', 0, 0, 0, '2017-05-05 11:40:03', '{"1":{"id":"15","prima":120},"4":{"id":"16","prima":216},"5":{"id":"47","prima":192}}', 20, NULL, NULL, NULL, NULL, NULL, NULL, NULL, NULL, NULL, NULL, NULL, NULL, NULL, NULL, NULL, NULL, NULL, NULL, NULL, NULL, NULL, NULL, NULL, NULL, NULL, NULL, NULL, NULL, NULL, NULL, NULL, NULL, NULL, NULL, NULL, NULL, NULL, NULL, NULL, NULL, NULL, NULL, NULL, NULL, NULL, NULL, NULL, NULL, NULL, NULL, NULL, NULL, NULL, NULL, NULL, NULL, 400),
(1002, 9, 5, '3079452186', '2017-02-27 12:13:54', NULL, 0, 'prueba4', '666777555', 'emilio@redess.es', 0, 0, 0, '2017-05-05 11:40:09', '{"1":{"id":"15","prima":120},"4":{"id":"16","prima":216},"5":{"id":"47","prima":192}}', 20, NULL, NULL, NULL, NULL, NULL, NULL, NULL, NULL, NULL, NULL, NULL, NULL, NULL, NULL, NULL, NULL, NULL, NULL, NULL, NULL, NULL, NULL, NULL, NULL, NULL, NULL, NULL, NULL, NULL, NULL, NULL, NULL, NULL, NULL, NULL, NULL, NULL, NULL, NULL, NULL, NULL, NULL, NULL, NULL, NULL, NULL, NULL, NULL, NULL, NULL, NULL, NULL, NULL, NULL, NULL, NULL, 400),
(1003, 9, 5, '1809256347', '2017-02-27 16:19:00', NULL, 0, 'Jesús', '123456789', 'jesus@grupotat.com', 0, 0, 0, '2017-05-05 11:40:16', '{"1":{"id":"15","prima":360},"4":{"id":"16","prima":648},"5":{"id":"47","prima":576}}', 20, NULL, NULL, NULL, NULL, NULL, NULL, NULL, NULL, NULL, NULL, NULL, NULL, NULL, NULL, NULL, NULL, NULL, NULL, NULL, NULL, NULL, NULL, NULL, NULL, NULL, NULL, NULL, NULL, NULL, NULL, NULL, NULL, NULL, NULL, NULL, NULL, NULL, NULL, NULL, NULL, NULL, NULL, NULL, NULL, NULL, NULL, NULL, NULL, NULL, NULL, NULL, NULL, NULL, NULL, NULL, NULL, 1200),
(1004, 5, 7, '6491705823', '2017-02-28 08:21:51', NULL, 0, 'prueba', '666555444', 'emilio@redess.es', 1, 0, 0, NULL, '{"ramo_especial":"1","primas":{"45":18.64},"params":{"Duraci\\u00f3n":"Hasta 13 d\\u00edas","Residente":"Espa\\u00f1a","Zona de cobertura":"Espa\\u00f1a","N\\u00famero de asegurados":"1"}}', NULL, NULL, NULL, NULL, NULL, NULL, NULL, NULL, NULL, NULL, NULL, NULL, NULL, NULL, NULL, NULL, NULL, NULL, NULL, NULL, NULL, NULL, NULL, NULL, NULL, NULL, NULL, NULL, NULL, NULL, NULL, NULL, NULL, NULL, NULL, NULL, NULL, NULL, NULL, NULL, NULL, NULL, NULL, NULL, NULL, NULL, NULL, NULL, NULL, NULL, NULL, NULL, NULL, NULL, NULL, NULL, NULL, NULL),
(1005, 5, 7, '8397562140', '2017-02-28 08:55:02', NULL, 0, 'prueba', '666555444', 'emilio@redess.es', 1, 0, 0, NULL, '{"ramo_especial":"1","primas":{"45":18.64},"params":{"Duraci\\u00f3n":"Hasta 13 d\\u00edas","Residente":"Espa\\u00f1a","Zona de cobertura":"Espa\\u00f1a","N\\u00famero de asegurados":"1"}}', NULL, NULL, NULL, NULL, NULL, NULL, NULL, NULL, NULL, NULL, NULL, NULL, NULL, NULL, NULL, NULL, NULL, NULL, NULL, NULL, NULL, NULL, NULL, NULL, NULL, NULL, NULL, NULL, NULL, NULL, NULL, NULL, NULL, NULL, NULL, NULL, NULL, NULL, NULL, NULL, NULL, NULL, NULL, NULL, NULL, NULL, NULL, NULL, NULL, NULL, NULL, NULL, NULL, NULL, NULL, NULL, NULL, NULL);
INSERT INTO `tarificaciones` (`id`, `correduria_id`, `ramo_id`, `codigo_tarificacion`, `fecha_creacion`, `creada_por`, `numMensajes`, `nombre_completo`, `telefono`, `email`, `activo`, `documentacionEnviada`, `contratada`, `fecha_borrado`, `data`, `deletedBy_id`, `numeroPersonas`, `vida_capital`, `vida_fechaNacimiento`, `salud_provincia_id`, `salud_contratante_id`, `salud_fechaNacimiento1`, `salud_fechaNacimiento2`, `salud_fechaNacimiento3`, `salud_fechaNacimiento4`, `salud_fechaNacimiento5`, `salud_fechaNacimiento6`, `salud_fechaNacimiento7`, `salud_fechaNacimiento8`, `salud_fechaNacimiento9`, `salud_fechaNacimiento10`, `salud_edad1`, `salud_edad2`, `salud_edad3`, `salud_edad4`, `salud_edad5`, `salud_edad6`, `salud_edad7`, `salud_edad8`, `salud_edad9`, `salud_edad10`, `decesos_provincia_id_1`, `decesos_provincia_id_2`, `decesos_provincia_id_3`, `decesos_provincia_id_4`, `decesos_provincia_id_5`, `decesos_provincia_id_6`, `decesos_provincia_id_7`, `decesos_provincia_id_8`, `decesos_provincia_id_9`, `decesos_provincia_id_10`, `decesos_fechaNacimiento1`, `decesos_fechaNacimiento2`, `decesos_fechaNacimiento3`, `decesos_fechaNacimiento4`, `decesos_fechaNacimiento5`, `decesos_fechaNacimiento6`, `decesos_fechaNacimiento7`, `decesos_fechaNacimiento8`, `decesos_fechaNacimiento9`, `decesos_fechaNacimiento10`, `decesos_edad1`, `decesos_edad2`, `decesos_edad3`, `decesos_edad4`, `decesos_edad5`, `decesos_edad6`, `decesos_edad7`, `decesos_edad8`, `decesos_edad9`, `decesos_edad10`, `alquiler_rentaMensual`, `alquiler_valorAlquiler`) VALUES
(1006, 1, 6, '6845713092', '2017-02-28 14:10:09', NULL, 0, 'Raquel camara', '603797406', 'raquelco14@gmail.com', 1, 0, 0, NULL, '{"Producto interesado":"Responsabilidad civil","Tipo de seguro":"Seguro para feriantes"}', NULL, NULL, NULL, NULL, NULL, NULL, NULL, NULL, NULL, NULL, NULL, NULL, NULL, NULL, NULL, NULL, NULL, NULL, NULL, NULL, NULL, NULL, NULL, NULL, NULL, NULL, NULL, NULL, NULL, NULL, NULL, NULL, NULL, NULL, NULL, NULL, NULL, NULL, NULL, NULL, NULL, NULL, NULL, NULL, NULL, NULL, NULL, NULL, NULL, NULL, NULL, NULL, NULL, NULL, NULL, NULL, NULL, NULL),
(1007, 1, 6, '4381257609', '2017-02-28 14:15:08', NULL, 0, 'Raquel camara', '603797406', 'raquelco14@gmail.com', 1, 0, 0, NULL, '{"Producto interesado":"Responsabilidad civil","Tipo de seguro":"Seguro para feriantes"}', NULL, NULL, NULL, NULL, NULL, NULL, NULL, NULL, NULL, NULL, NULL, NULL, NULL, NULL, NULL, NULL, NULL, NULL, NULL, NULL, NULL, NULL, NULL, NULL, NULL, NULL, NULL, NULL, NULL, NULL, NULL, NULL, NULL, NULL, NULL, NULL, NULL, NULL, NULL, NULL, NULL, NULL, NULL, NULL, NULL, NULL, NULL, NULL, NULL, NULL, NULL, NULL, NULL, NULL, NULL, NULL, NULL, NULL),
(1008, 1, 6, '0479125638', '2017-02-28 19:36:02', NULL, 0, 'calixto garcía camara', '603797406', 'camaraolmedoraquel@gmail.com', 1, 0, 0, NULL, '{"Producto interesado":"Responsabilidad civil","Tipo de seguro":"Seguro para feriantes"}', NULL, NULL, NULL, NULL, NULL, NULL, NULL, NULL, NULL, NULL, NULL, NULL, NULL, NULL, NULL, NULL, NULL, NULL, NULL, NULL, NULL, NULL, NULL, NULL, NULL, NULL, NULL, NULL, NULL, NULL, NULL, NULL, NULL, NULL, NULL, NULL, NULL, NULL, NULL, NULL, NULL, NULL, NULL, NULL, NULL, NULL, NULL, NULL, NULL, NULL, NULL, NULL, NULL, NULL, NULL, NULL, NULL, NULL),
(1009, 1, 6, '5230897146', '2017-03-01 00:13:30', NULL, 0, 'Candido Fernández Román', '645492799', 'candido.capel@hotmail.com', 1, 0, 0, NULL, '{"Producto interesado":"Responsabilidad civil","Tipo de seguro":"Seguro para feriantes"}', NULL, NULL, NULL, NULL, NULL, NULL, NULL, NULL, NULL, NULL, NULL, NULL, NULL, NULL, NULL, NULL, NULL, NULL, NULL, NULL, NULL, NULL, NULL, NULL, NULL, NULL, NULL, NULL, NULL, NULL, NULL, NULL, NULL, NULL, NULL, NULL, NULL, NULL, NULL, NULL, NULL, NULL, NULL, NULL, NULL, NULL, NULL, NULL, NULL, NULL, NULL, NULL, NULL, NULL, NULL, NULL, NULL, NULL),
(1010, 1, 6, '0869251734', '2017-03-01 00:14:19', NULL, 0, 'Candido Fernández Román', '645492799', 'candido.capel@hotmail.com', 1, 0, 0, NULL, '{"Producto interesado":"Seguro veh\\u00edculo","Tipo de seguro":"Seguro para feriantes"}', NULL, NULL, NULL, NULL, NULL, NULL, NULL, NULL, NULL, NULL, NULL, NULL, NULL, NULL, NULL, NULL, NULL, NULL, NULL, NULL, NULL, NULL, NULL, NULL, NULL, NULL, NULL, NULL, NULL, NULL, NULL, NULL, NULL, NULL, NULL, NULL, NULL, NULL, NULL, NULL, NULL, NULL, NULL, NULL, NULL, NULL, NULL, NULL, NULL, NULL, NULL, NULL, NULL, NULL, NULL, NULL, NULL, NULL),
(1011, 1, 6, '8104572936', '2017-03-01 00:14:28', NULL, 0, 'Candido Fernández Román', '645492799', 'candido.capel@hotmail.com', 1, 0, 0, NULL, '{"Producto interesado":"Da\\u00f1os a la atracci\\u00f3n","Tipo de seguro":"Seguro para feriantes"}', NULL, NULL, NULL, NULL, NULL, NULL, NULL, NULL, NULL, NULL, NULL, NULL, NULL, NULL, NULL, NULL, NULL, NULL, NULL, NULL, NULL, NULL, NULL, NULL, NULL, NULL, NULL, NULL, NULL, NULL, NULL, NULL, NULL, NULL, NULL, NULL, NULL, NULL, NULL, NULL, NULL, NULL, NULL, NULL, NULL, NULL, NULL, NULL, NULL, NULL, NULL, NULL, NULL, NULL, NULL, NULL, NULL, NULL),
(1012, 1, 6, '7059814362', '2017-03-01 20:21:12', NULL, 0, 'M. José Gandia Ribelles', '653960093', 'mjosegan77@hotmail.es', 1, 0, 0, NULL, '{"Clase de actos festivos":"Fallas","Tipo de seguro":"Seguro para fallas"}', NULL, NULL, NULL, NULL, NULL, NULL, NULL, NULL, NULL, NULL, NULL, NULL, NULL, NULL, NULL, NULL, NULL, NULL, NULL, NULL, NULL, NULL, NULL, NULL, NULL, NULL, NULL, NULL, NULL, NULL, NULL, NULL, NULL, NULL, NULL, NULL, NULL, NULL, NULL, NULL, NULL, NULL, NULL, NULL, NULL, NULL, NULL, NULL, NULL, NULL, NULL, NULL, NULL, NULL, NULL, NULL, NULL, NULL),
(1013, 5, 7, '7639512084', '2017-03-02 09:27:46', NULL, 0, 'prueba', '666555444', 'emilio@redess.es', 1, 0, 0, NULL, '{"ramo_especial":"1","primas":{"45":20.99},"params":{"Duraci\\u00f3n":"Hasta 19 d\\u00edas","Residente":"Espa\\u00f1a","Zona de cobertura":"Espa\\u00f1a","N\\u00famero de asegurados":"2"}}', NULL, NULL, NULL, NULL, NULL, NULL, NULL, NULL, NULL, NULL, NULL, NULL, NULL, NULL, NULL, NULL, NULL, NULL, NULL, NULL, NULL, NULL, NULL, NULL, NULL, NULL, NULL, NULL, NULL, NULL, NULL, NULL, NULL, NULL, NULL, NULL, NULL, NULL, NULL, NULL, NULL, NULL, NULL, NULL, NULL, NULL, NULL, NULL, NULL, NULL, NULL, NULL, NULL, NULL, NULL, NULL, NULL, NULL),
(1014, 5, 7, '3564281907', '2017-03-02 09:32:09', NULL, 0, 'prueba', '666555444', 'emilio@redess.es', 1, 0, 0, NULL, '{"ramo_especial":"1","primas":{"45":20.99},"params":{"Duraci\\u00f3n":"Hasta 19 d\\u00edas","Residente":"Espa\\u00f1a","Zona de cobertura":"Espa\\u00f1a","N\\u00famero de asegurados":"2"}}', NULL, NULL, NULL, NULL, NULL, NULL, NULL, NULL, NULL, NULL, NULL, NULL, NULL, NULL, NULL, NULL, NULL, NULL, NULL, NULL, NULL, NULL, NULL, NULL, NULL, NULL, NULL, NULL, NULL, NULL, NULL, NULL, NULL, NULL, NULL, NULL, NULL, NULL, NULL, NULL, NULL, NULL, NULL, NULL, NULL, NULL, NULL, NULL, NULL, NULL, NULL, NULL, NULL, NULL, NULL, NULL, NULL, NULL),
(1015, 5, 7, '5693840271', '2017-03-02 09:44:46', NULL, 0, 'prueba', '666555444', 'emilio@redess.es', 1, 0, 0, NULL, '{"ramo_especial":"1","primas":{"45":20.99},"params":{"Duraci\\u00f3n":"Hasta 19 d\\u00edas","Residente":"Espa\\u00f1a","Zona de cobertura":"Espa\\u00f1a","N\\u00famero de asegurados":"2"}}', NULL, NULL, NULL, NULL, NULL, NULL, NULL, NULL, NULL, NULL, NULL, NULL, NULL, NULL, NULL, NULL, NULL, NULL, NULL, NULL, NULL, NULL, NULL, NULL, NULL, NULL, NULL, NULL, NULL, NULL, NULL, NULL, NULL, NULL, NULL, NULL, NULL, NULL, NULL, NULL, NULL, NULL, NULL, NULL, NULL, NULL, NULL, NULL, NULL, NULL, NULL, NULL, NULL, NULL, NULL, NULL, NULL, NULL),
(1016, 5, 7, '9270381564', '2017-03-02 09:52:40', NULL, 0, 'prueba', '666555444', 'emilio@redess.es', 1, 0, 0, NULL, '{"ramo_especial":"1","primas":{"45":20.99},"params":{"Duraci\\u00f3n":"Hasta 19 d\\u00edas","Residente":"Espa\\u00f1a","Zona de cobertura":"Espa\\u00f1a","N\\u00famero de asegurados":"2"}}', NULL, NULL, NULL, NULL, NULL, NULL, NULL, NULL, NULL, NULL, NULL, NULL, NULL, NULL, NULL, NULL, NULL, NULL, NULL, NULL, NULL, NULL, NULL, NULL, NULL, NULL, NULL, NULL, NULL, NULL, NULL, NULL, NULL, NULL, NULL, NULL, NULL, NULL, NULL, NULL, NULL, NULL, NULL, NULL, NULL, NULL, NULL, NULL, NULL, NULL, NULL, NULL, NULL, NULL, NULL, NULL, NULL, NULL),
(1017, 5, 7, '0794652381', '2017-03-02 09:52:51', NULL, 0, 'prueba', '666555444', 'emilio@redess.es', 1, 0, 0, NULL, '{"ramo_especial":"1","primas":{"45":20.99},"params":{"Duraci\\u00f3n":"Hasta 19 d\\u00edas","Residente":"Espa\\u00f1a","Zona de cobertura":"Espa\\u00f1a","N\\u00famero de asegurados":"2"}}', NULL, NULL, NULL, NULL, NULL, NULL, NULL, NULL, NULL, NULL, NULL, NULL, NULL, NULL, NULL, NULL, NULL, NULL, NULL, NULL, NULL, NULL, NULL, NULL, NULL, NULL, NULL, NULL, NULL, NULL, NULL, NULL, NULL, NULL, NULL, NULL, NULL, NULL, NULL, NULL, NULL, NULL, NULL, NULL, NULL, NULL, NULL, NULL, NULL, NULL, NULL, NULL, NULL, NULL, NULL, NULL, NULL, NULL),
(1018, 5, 7, '2589610347', '2017-03-02 10:02:38', NULL, 0, 'prueba', '666555444', 'emilio@redess.es', 1, 0, 0, NULL, '{"ramo_especial":"1","primas":{"45":20.99},"params":{"Duraci\\u00f3n":"Hasta 19 d\\u00edas","Residente":"Espa\\u00f1a","Zona de cobertura":"Espa\\u00f1a","N\\u00famero de asegurados":"2"}}', NULL, NULL, NULL, NULL, NULL, NULL, NULL, NULL, NULL, NULL, NULL, NULL, NULL, NULL, NULL, NULL, NULL, NULL, NULL, NULL, NULL, NULL, NULL, NULL, NULL, NULL, NULL, NULL, NULL, NULL, NULL, NULL, NULL, NULL, NULL, NULL, NULL, NULL, NULL, NULL, NULL, NULL, NULL, NULL, NULL, NULL, NULL, NULL, NULL, NULL, NULL, NULL, NULL, NULL, NULL, NULL, NULL, NULL),
(1019, 5, 7, '5109246378', '2017-03-02 10:06:04', NULL, 0, 'prueba', '666555444', 'emilio@redess.es', 1, 0, 0, NULL, '{"ramo_especial":"1","primas":{"45":20.99},"params":{"Duraci\\u00f3n":"Hasta 19 d\\u00edas","Residente":"Espa\\u00f1a","Zona de cobertura":"Espa\\u00f1a","N\\u00famero de asegurados":"2"}}', NULL, NULL, NULL, NULL, NULL, NULL, NULL, NULL, NULL, NULL, NULL, NULL, NULL, NULL, NULL, NULL, NULL, NULL, NULL, NULL, NULL, NULL, NULL, NULL, NULL, NULL, NULL, NULL, NULL, NULL, NULL, NULL, NULL, NULL, NULL, NULL, NULL, NULL, NULL, NULL, NULL, NULL, NULL, NULL, NULL, NULL, NULL, NULL, NULL, NULL, NULL, NULL, NULL, NULL, NULL, NULL, NULL, NULL),
(1020, 5, 7, '3925408761', '2017-03-02 10:42:08', NULL, 0, 'prueba', '666555444', 'emilio@redess.es', 1, 0, 0, NULL, '{"ramo_especial":"1","primas":{"45":20.99},"params":{"Duraci\\u00f3n":"Hasta 19 d\\u00edas","Residente":"Espa\\u00f1a","Zona de cobertura":"Espa\\u00f1a","N\\u00famero de asegurados":"2"}}', NULL, NULL, NULL, NULL, NULL, NULL, NULL, NULL, NULL, NULL, NULL, NULL, NULL, NULL, NULL, NULL, NULL, NULL, NULL, NULL, NULL, NULL, NULL, NULL, NULL, NULL, NULL, NULL, NULL, NULL, NULL, NULL, NULL, NULL, NULL, NULL, NULL, NULL, NULL, NULL, NULL, NULL, NULL, NULL, NULL, NULL, NULL, NULL, NULL, NULL, NULL, NULL, NULL, NULL, NULL, NULL, NULL, NULL),
(1021, 5, 7, '0158342769', '2017-03-02 10:49:18', NULL, 0, 'prueba', '666555444', 'emilio@redess.es', 1, 0, 0, NULL, '{"ramo_especial":"1","primas":{"45":20.99},"params":{"Duraci\\u00f3n":"Hasta 19 d\\u00edas","Residente":"Espa\\u00f1a","Zona de cobertura":"Espa\\u00f1a","N\\u00famero de asegurados":"2"}}', NULL, NULL, NULL, NULL, NULL, NULL, NULL, NULL, NULL, NULL, NULL, NULL, NULL, NULL, NULL, NULL, NULL, NULL, NULL, NULL, NULL, NULL, NULL, NULL, NULL, NULL, NULL, NULL, NULL, NULL, NULL, NULL, NULL, NULL, NULL, NULL, NULL, NULL, NULL, NULL, NULL, NULL, NULL, NULL, NULL, NULL, NULL, NULL, NULL, NULL, NULL, NULL, NULL, NULL, NULL, NULL, NULL, NULL),
(1022, 5, 7, '5716890342', '2017-03-02 10:54:53', NULL, 0, 'prueba', '666555444', 'emilio@redess.es', 1, 0, 0, NULL, '{"ramo_especial":"1","primas":{"45":20.99},"params":{"Duraci\\u00f3n":"Hasta 19 d\\u00edas","Residente":"Espa\\u00f1a","Zona de cobertura":"Espa\\u00f1a","N\\u00famero de asegurados":"2"}}', NULL, NULL, NULL, NULL, NULL, NULL, NULL, NULL, NULL, NULL, NULL, NULL, NULL, NULL, NULL, NULL, NULL, NULL, NULL, NULL, NULL, NULL, NULL, NULL, NULL, NULL, NULL, NULL, NULL, NULL, NULL, NULL, NULL, NULL, NULL, NULL, NULL, NULL, NULL, NULL, NULL, NULL, NULL, NULL, NULL, NULL, NULL, NULL, NULL, NULL, NULL, NULL, NULL, NULL, NULL, NULL, NULL, NULL),
(1023, 1, 6, '0438715629', '2017-03-05 20:41:19', NULL, 0, 'Mario catena Jiménez ', '615576883', 'mariocatenajimenez1965@yahoo.com', 1, 0, 0, NULL, '{"Producto interesado":"Seguro veh\\u00edculo","Tipo de seguro":"Seguro para feriantes"}', NULL, NULL, NULL, NULL, NULL, NULL, NULL, NULL, NULL, NULL, NULL, NULL, NULL, NULL, NULL, NULL, NULL, NULL, NULL, NULL, NULL, NULL, NULL, NULL, NULL, NULL, NULL, NULL, NULL, NULL, NULL, NULL, NULL, NULL, NULL, NULL, NULL, NULL, NULL, NULL, NULL, NULL, NULL, NULL, NULL, NULL, NULL, NULL, NULL, NULL, NULL, NULL, NULL, NULL, NULL, NULL, NULL, NULL),
(1024, 1, 6, '0351286479', '2017-03-06 15:19:19', NULL, 0, 'Susana Rodriguez', '665011670', 'susanarp3@hotmail.com', 1, 0, 0, NULL, '{"Producto interesado":"Responsabilidad civil","Tipo de seguro":"Seguro para feriantes"}', NULL, NULL, NULL, NULL, NULL, NULL, NULL, NULL, NULL, NULL, NULL, NULL, NULL, NULL, NULL, NULL, NULL, NULL, NULL, NULL, NULL, NULL, NULL, NULL, NULL, NULL, NULL, NULL, NULL, NULL, NULL, NULL, NULL, NULL, NULL, NULL, NULL, NULL, NULL, NULL, NULL, NULL, NULL, NULL, NULL, NULL, NULL, NULL, NULL, NULL, NULL, NULL, NULL, NULL, NULL, NULL, NULL, NULL),
(1025, 1, 6, '8604213975', '2017-03-06 16:10:01', NULL, 0, 'Manuela Camacho Sosa', '662694176', 'manuelacamacho10@gmail.com', 1, 0, 0, NULL, '{"Producto interesado":"Responsabilidad civil","Tipo de seguro":"Seguro para feriantes"}', NULL, NULL, NULL, NULL, NULL, NULL, NULL, NULL, NULL, NULL, NULL, NULL, NULL, NULL, NULL, NULL, NULL, NULL, NULL, NULL, NULL, NULL, NULL, NULL, NULL, NULL, NULL, NULL, NULL, NULL, NULL, NULL, NULL, NULL, NULL, NULL, NULL, NULL, NULL, NULL, NULL, NULL, NULL, NULL, NULL, NULL, NULL, NULL, NULL, NULL, NULL, NULL, NULL, NULL, NULL, NULL, NULL, NULL),
(1026, 1, 6, '1968732540', '2017-03-06 19:15:22', NULL, 0, 'Marc Palau Fernandez', '660810077', 'unity_is_power@hotmail.com', 1, 0, 0, NULL, '{"Producto interesado":"Responsabilidad civil","Tipo de seguro":"Seguro para feriantes"}', NULL, NULL, NULL, NULL, NULL, NULL, NULL, NULL, NULL, NULL, NULL, NULL, NULL, NULL, NULL, NULL, NULL, NULL, NULL, NULL, NULL, NULL, NULL, NULL, NULL, NULL, NULL, NULL, NULL, NULL, NULL, NULL, NULL, NULL, NULL, NULL, NULL, NULL, NULL, NULL, NULL, NULL, NULL, NULL, NULL, NULL, NULL, NULL, NULL, NULL, NULL, NULL, NULL, NULL, NULL, NULL, NULL, NULL),
(1027, 5, 7, '7958423061', '2017-03-07 09:01:15', NULL, 0, 'prueba', '666555444', 'emilio@redess.es', 1, 0, 0, NULL, '{"ramo_especial":"1","primas":{"45":20.99},"params":{"Duraci\\u00f3n":"Hasta 19 d\\u00edas","Residente":"Espa\\u00f1a","Zona de cobertura":"Espa\\u00f1a","N\\u00famero de asegurados":"2"}}', NULL, NULL, NULL, NULL, NULL, NULL, NULL, NULL, NULL, NULL, NULL, NULL, NULL, NULL, NULL, NULL, NULL, NULL, NULL, NULL, NULL, NULL, NULL, NULL, NULL, NULL, NULL, NULL, NULL, NULL, NULL, NULL, NULL, NULL, NULL, NULL, NULL, NULL, NULL, NULL, NULL, NULL, NULL, NULL, NULL, NULL, NULL, NULL, NULL, NULL, NULL, NULL, NULL, NULL, NULL, NULL, NULL, NULL),
(1028, 5, 7, '9732608415', '2017-03-07 09:01:58', NULL, 0, 'prueba', '666555444', 'emilio@redess.es', 1, 0, 0, NULL, '{"ramo_especial":"1","primas":{"45":20.99},"params":{"Duraci\\u00f3n":"Hasta 19 d\\u00edas","Residente":"Espa\\u00f1a","Zona de cobertura":"Espa\\u00f1a","N\\u00famero de asegurados":"2"}}', NULL, NULL, NULL, NULL, NULL, NULL, NULL, NULL, NULL, NULL, NULL, NULL, NULL, NULL, NULL, NULL, NULL, NULL, NULL, NULL, NULL, NULL, NULL, NULL, NULL, NULL, NULL, NULL, NULL, NULL, NULL, NULL, NULL, NULL, NULL, NULL, NULL, NULL, NULL, NULL, NULL, NULL, NULL, NULL, NULL, NULL, NULL, NULL, NULL, NULL, NULL, NULL, NULL, NULL, NULL, NULL, NULL, NULL),
(1029, 5, 7, '7264390518', '2017-03-07 09:23:15', NULL, 0, 'prueba', '666555444', 'emilio@redess.es', 1, 0, 0, NULL, '{"ramo_especial":"1","primas":{"45":20.99},"params":{"Duraci\\u00f3n":"Hasta 19 d\\u00edas","Residente":"Espa\\u00f1a","Zona de cobertura":"Espa\\u00f1a","N\\u00famero de asegurados":"2"}}', NULL, NULL, NULL, NULL, NULL, NULL, NULL, NULL, NULL, NULL, NULL, NULL, NULL, NULL, NULL, NULL, NULL, NULL, NULL, NULL, NULL, NULL, NULL, NULL, NULL, NULL, NULL, NULL, NULL, NULL, NULL, NULL, NULL, NULL, NULL, NULL, NULL, NULL, NULL, NULL, NULL, NULL, NULL, NULL, NULL, NULL, NULL, NULL, NULL, NULL, NULL, NULL, NULL, NULL, NULL, NULL, NULL, NULL),
(1030, 5, 7, '3641589702', '2017-03-07 09:24:29', NULL, 0, 'prueba', '666555444', 'emilio@redess.es', 1, 0, 0, NULL, '{"ramo_especial":"1","primas":{"45":20.99},"params":{"Duraci\\u00f3n":"Hasta 19 d\\u00edas","Residente":"Espa\\u00f1a","Zona de cobertura":"Espa\\u00f1a","N\\u00famero de asegurados":"2"}}', NULL, NULL, NULL, NULL, NULL, NULL, NULL, NULL, NULL, NULL, NULL, NULL, NULL, NULL, NULL, NULL, NULL, NULL, NULL, NULL, NULL, NULL, NULL, NULL, NULL, NULL, NULL, NULL, NULL, NULL, NULL, NULL, NULL, NULL, NULL, NULL, NULL, NULL, NULL, NULL, NULL, NULL, NULL, NULL, NULL, NULL, NULL, NULL, NULL, NULL, NULL, NULL, NULL, NULL, NULL, NULL, NULL, NULL),
(1031, 5, 7, '7813092645', '2017-03-07 10:02:17', NULL, 0, 'prueba', '666555444', 'emilio@redess.es', 1, 0, 0, NULL, '{"ramo_especial":"1","primas":{"45":20.99},"params":{"Duraci\\u00f3n":"Hasta 19 d\\u00edas","Residente":"Espa\\u00f1a","Zona de cobertura":"Espa\\u00f1a","N\\u00famero de asegurados":"2"}}', NULL, NULL, NULL, NULL, NULL, NULL, NULL, NULL, NULL, NULL, NULL, NULL, NULL, NULL, NULL, NULL, NULL, NULL, NULL, NULL, NULL, NULL, NULL, NULL, NULL, NULL, NULL, NULL, NULL, NULL, NULL, NULL, NULL, NULL, NULL, NULL, NULL, NULL, NULL, NULL, NULL, NULL, NULL, NULL, NULL, NULL, NULL, NULL, NULL, NULL, NULL, NULL, NULL, NULL, NULL, NULL, NULL, NULL),
(1032, 5, 7, '0437261859', '2017-03-07 10:39:53', NULL, 0, 'prueba', '666555444', 'emilio@redess.es', 1, 0, 0, NULL, '{"ramo_especial":"1","primas":{"45":20.99},"params":{"Duraci\\u00f3n":"Hasta 19 d\\u00edas","Residente":"Espa\\u00f1a","Zona de cobertura":"Espa\\u00f1a","N\\u00famero de asegurados":"2"}}', NULL, NULL, NULL, NULL, NULL, NULL, NULL, NULL, NULL, NULL, NULL, NULL, NULL, NULL, NULL, NULL, NULL, NULL, NULL, NULL, NULL, NULL, NULL, NULL, NULL, NULL, NULL, NULL, NULL, NULL, NULL, NULL, NULL, NULL, NULL, NULL, NULL, NULL, NULL, NULL, NULL, NULL, NULL, NULL, NULL, NULL, NULL, NULL, NULL, NULL, NULL, NULL, NULL, NULL, NULL, NULL, NULL, NULL),
(1033, 5, 7, '8790236145', '2017-03-07 11:25:34', NULL, 0, 'prueba', '666555444', 'emilio@redess.es', 1, 0, 0, NULL, '{"ramo_especial":"1","primas":{"45":20.99},"params":{"Duraci\\u00f3n":"Hasta 19 d\\u00edas","Residente":"Espa\\u00f1a","Zona de cobertura":"Espa\\u00f1a","N\\u00famero de asegurados":"2"}}', NULL, NULL, NULL, NULL, NULL, NULL, NULL, NULL, NULL, NULL, NULL, NULL, NULL, NULL, NULL, NULL, NULL, NULL, NULL, NULL, NULL, NULL, NULL, NULL, NULL, NULL, NULL, NULL, NULL, NULL, NULL, NULL, NULL, NULL, NULL, NULL, NULL, NULL, NULL, NULL, NULL, NULL, NULL, NULL, NULL, NULL, NULL, NULL, NULL, NULL, NULL, NULL, NULL, NULL, NULL, NULL, NULL, NULL),
(1034, 5, 7, '6214537890', '2017-03-07 11:38:12', NULL, 0, 'prueba', '666555444', 'emilio@redess.es', 1, 0, 0, NULL, '{"ramo_especial":"1","primas":{"45":20.99},"params":{"Duraci\\u00f3n":"Hasta 19 d\\u00edas","Residente":"Espa\\u00f1a","Zona de cobertura":"Espa\\u00f1a","N\\u00famero de asegurados":"2"}}', NULL, NULL, NULL, NULL, NULL, NULL, NULL, NULL, NULL, NULL, NULL, NULL, NULL, NULL, NULL, NULL, NULL, NULL, NULL, NULL, NULL, NULL, NULL, NULL, NULL, NULL, NULL, NULL, NULL, NULL, NULL, NULL, NULL, NULL, NULL, NULL, NULL, NULL, NULL, NULL, NULL, NULL, NULL, NULL, NULL, NULL, NULL, NULL, NULL, NULL, NULL, NULL, NULL, NULL, NULL, NULL, NULL, NULL),
(1035, 5, 7, '5406819273', '2017-03-07 12:14:56', NULL, 0, 'prueba', '666555444', 'emilio@redess.es', 1, 0, 0, NULL, '{"ramo_especial":"1","primas":{"45":20.99},"params":{"Duraci\\u00f3n":"Hasta 19 d\\u00edas","Residente":"Espa\\u00f1a","Zona de cobertura":"Espa\\u00f1a","N\\u00famero de asegurados":"2"}}', NULL, NULL, NULL, NULL, NULL, NULL, NULL, NULL, NULL, NULL, NULL, NULL, NULL, NULL, NULL, NULL, NULL, NULL, NULL, NULL, NULL, NULL, NULL, NULL, NULL, NULL, NULL, NULL, NULL, NULL, NULL, NULL, NULL, NULL, NULL, NULL, NULL, NULL, NULL, NULL, NULL, NULL, NULL, NULL, NULL, NULL, NULL, NULL, NULL, NULL, NULL, NULL, NULL, NULL, NULL, NULL, NULL, NULL),
(1036, 5, 7, '7106384259', '2017-03-07 12:47:19', NULL, 0, 'prueba', '666555444', 'emilio@redess.es', 1, 0, 0, NULL, '{"ramo_especial":"1","primas":{"45":20.99},"params":{"Duraci\\u00f3n":"Hasta 19 d\\u00edas","Residente":"Espa\\u00f1a","Zona de cobertura":"Espa\\u00f1a","N\\u00famero de asegurados":"2"}}', NULL, NULL, NULL, NULL, NULL, NULL, NULL, NULL, NULL, NULL, NULL, NULL, NULL, NULL, NULL, NULL, NULL, NULL, NULL, NULL, NULL, NULL, NULL, NULL, NULL, NULL, NULL, NULL, NULL, NULL, NULL, NULL, NULL, NULL, NULL, NULL, NULL, NULL, NULL, NULL, NULL, NULL, NULL, NULL, NULL, NULL, NULL, NULL, NULL, NULL, NULL, NULL, NULL, NULL, NULL, NULL, NULL, NULL),
(1037, 1, 6, '1526874309', '2017-03-08 09:22:04', NULL, 0, 'fredi sanchez', '654489097', 'farbbala@hotmail.com', 1, 0, 0, NULL, '{"Producto interesado":"Responsabilidad civil","Tipo de seguro":"Seguro para feriantes"}', NULL, NULL, NULL, NULL, NULL, NULL, NULL, NULL, NULL, NULL, NULL, NULL, NULL, NULL, NULL, NULL, NULL, NULL, NULL, NULL, NULL, NULL, NULL, NULL, NULL, NULL, NULL, NULL, NULL, NULL, NULL, NULL, NULL, NULL, NULL, NULL, NULL, NULL, NULL, NULL, NULL, NULL, NULL, NULL, NULL, NULL, NULL, NULL, NULL, NULL, NULL, NULL, NULL, NULL, NULL, NULL, NULL, NULL),
(1038, 5, 7, '4726983501', '2017-03-09 08:30:17', NULL, 0, 'PRUEBA', '922296656', 'produccion@canarisk.es', 1, 0, 0, NULL, '{"ramo_especial":"1","primas":{"45":11.9},"params":{"Duraci\\u00f3n":"Hasta 3 d\\u00edas","Residente":"Espa\\u00f1a","Zona de cobertura":"Espa\\u00f1a","N\\u00famero de asegurados":"1"}}', NULL, NULL, NULL, NULL, NULL, NULL, NULL, NULL, NULL, NULL, NULL, NULL, NULL, NULL, NULL, NULL, NULL, NULL, NULL, NULL, NULL, NULL, NULL, NULL, NULL, NULL, NULL, NULL, NULL, NULL, NULL, NULL, NULL, NULL, NULL, NULL, NULL, NULL, NULL, NULL, NULL, NULL, NULL, NULL, NULL, NULL, NULL, NULL, NULL, NULL, NULL, NULL, NULL, NULL, NULL, NULL, NULL, NULL),
(1039, 5, 7, '3520947816', '2017-03-09 08:53:53', NULL, 0, 'prueba', '666555444', 'emilio@redess.es', 1, 0, 0, NULL, '{"ramo_especial":"1","primas":{"45":20.99},"params":{"Duraci\\u00f3n":"Hasta 19 d\\u00edas","Residente":"Espa\\u00f1a","Zona de cobertura":"Espa\\u00f1a","N\\u00famero de asegurados":"2"}}', NULL, NULL, NULL, NULL, NULL, NULL, NULL, NULL, NULL, NULL, NULL, NULL, NULL, NULL, NULL, NULL, NULL, NULL, NULL, NULL, NULL, NULL, NULL, NULL, NULL, NULL, NULL, NULL, NULL, NULL, NULL, NULL, NULL, NULL, NULL, NULL, NULL, NULL, NULL, NULL, NULL, NULL, NULL, NULL, NULL, NULL, NULL, NULL, NULL, NULL, NULL, NULL, NULL, NULL, NULL, NULL, NULL, NULL),
(1040, 5, 7, '3652817904', '2017-03-10 10:53:40', NULL, 0, 'prueba', '666555444', 'emilio@redess.es', 1, 0, 0, NULL, '{"ramo_especial":"1","primas":{"45":20.99},"params":{"Duraci\\u00f3n":"Hasta 19 d\\u00edas","Residente":"Espa\\u00f1a","Zona de cobertura":"Espa\\u00f1a","N\\u00famero de asegurados":"2"}}', NULL, NULL, NULL, NULL, NULL, NULL, NULL, NULL, NULL, NULL, NULL, NULL, NULL, NULL, NULL, NULL, NULL, NULL, NULL, NULL, NULL, NULL, NULL, NULL, NULL, NULL, NULL, NULL, NULL, NULL, NULL, NULL, NULL, NULL, NULL, NULL, NULL, NULL, NULL, NULL, NULL, NULL, NULL, NULL, NULL, NULL, NULL, NULL, NULL, NULL, NULL, NULL, NULL, NULL, NULL, NULL, NULL, NULL),
(1041, 5, 7, '0465238971', '2017-03-10 10:57:27', NULL, 0, 'prueba', '666555444', 'emilio@redess.es', 1, 0, 0, NULL, '{"ramo_especial":"1","primas":{"45":20.99},"params":{"Duraci\\u00f3n":"Hasta 19 d\\u00edas","Residente":"Espa\\u00f1a","Zona de cobertura":"Espa\\u00f1a","N\\u00famero de asegurados":"2"}}', NULL, NULL, NULL, NULL, NULL, NULL, NULL, NULL, NULL, NULL, NULL, NULL, NULL, NULL, NULL, NULL, NULL, NULL, NULL, NULL, NULL, NULL, NULL, NULL, NULL, NULL, NULL, NULL, NULL, NULL, NULL, NULL, NULL, NULL, NULL, NULL, NULL, NULL, NULL, NULL, NULL, NULL, NULL, NULL, NULL, NULL, NULL, NULL, NULL, NULL, NULL, NULL, NULL, NULL, NULL, NULL, NULL, NULL),
(1042, 5, 7, '8319564207', '2017-03-10 10:59:00', NULL, 0, 'prueba', '666555444', 'emilio@redess.es', 1, 0, 0, NULL, '{"ramo_especial":"1","primas":{"45":20.99},"params":{"Duraci\\u00f3n":"Hasta 19 d\\u00edas","Residente":"Espa\\u00f1a","Zona de cobertura":"Espa\\u00f1a","N\\u00famero de asegurados":"2"}}', NULL, NULL, NULL, NULL, NULL, NULL, NULL, NULL, NULL, NULL, NULL, NULL, NULL, NULL, NULL, NULL, NULL, NULL, NULL, NULL, NULL, NULL, NULL, NULL, NULL, NULL, NULL, NULL, NULL, NULL, NULL, NULL, NULL, NULL, NULL, NULL, NULL, NULL, NULL, NULL, NULL, NULL, NULL, NULL, NULL, NULL, NULL, NULL, NULL, NULL, NULL, NULL, NULL, NULL, NULL, NULL, NULL, NULL),
(1043, 5, 7, '2406185793', '2017-03-10 11:05:06', NULL, 0, 'prueba', '666555444', 'emilio@redess.es', 1, 0, 0, NULL, '{"ramo_especial":"1","primas":{"45":20.99},"params":{"Duraci\\u00f3n":"Hasta 19 d\\u00edas","Residente":"Espa\\u00f1a","Zona de cobertura":"Espa\\u00f1a","N\\u00famero de asegurados":"2"}}', NULL, NULL, NULL, NULL, NULL, NULL, NULL, NULL, NULL, NULL, NULL, NULL, NULL, NULL, NULL, NULL, NULL, NULL, NULL, NULL, NULL, NULL, NULL, NULL, NULL, NULL, NULL, NULL, NULL, NULL, NULL, NULL, NULL, NULL, NULL, NULL, NULL, NULL, NULL, NULL, NULL, NULL, NULL, NULL, NULL, NULL, NULL, NULL, NULL, NULL, NULL, NULL, NULL, NULL, NULL, NULL, NULL, NULL),
(1044, 5, 7, '6519438027', '2017-03-10 11:09:30', NULL, 0, 'prueba', '666555444', 'emilio@redess.es', 1, 0, 0, NULL, '{"ramo_especial":"1","primas":{"45":20.99},"params":{"Duraci\\u00f3n":"Hasta 19 d\\u00edas","Residente":"Espa\\u00f1a","Zona de cobertura":"Espa\\u00f1a","N\\u00famero de asegurados":"2"}}', NULL, NULL, NULL, NULL, NULL, NULL, NULL, NULL, NULL, NULL, NULL, NULL, NULL, NULL, NULL, NULL, NULL, NULL, NULL, NULL, NULL, NULL, NULL, NULL, NULL, NULL, NULL, NULL, NULL, NULL, NULL, NULL, NULL, NULL, NULL, NULL, NULL, NULL, NULL, NULL, NULL, NULL, NULL, NULL, NULL, NULL, NULL, NULL, NULL, NULL, NULL, NULL, NULL, NULL, NULL, NULL, NULL, NULL),
(1045, 5, 7, '6978401235', '2017-03-10 11:12:49', NULL, 0, 'prueba', '666555444', 'emilio@redess.es', 1, 0, 0, NULL, '{"ramo_especial":"1","primas":{"45":20.99},"params":{"Duraci\\u00f3n":"Hasta 19 d\\u00edas","Residente":"Espa\\u00f1a","Zona de cobertura":"Espa\\u00f1a","N\\u00famero de asegurados":"2"}}', NULL, NULL, NULL, NULL, NULL, NULL, NULL, NULL, NULL, NULL, NULL, NULL, NULL, NULL, NULL, NULL, NULL, NULL, NULL, NULL, NULL, NULL, NULL, NULL, NULL, NULL, NULL, NULL, NULL, NULL, NULL, NULL, NULL, NULL, NULL, NULL, NULL, NULL, NULL, NULL, NULL, NULL, NULL, NULL, NULL, NULL, NULL, NULL, NULL, NULL, NULL, NULL, NULL, NULL, NULL, NULL, NULL, NULL),
(1046, 5, 7, '5812369470', '2017-03-10 12:55:21', NULL, 0, 'prueba', '666555444', 'emilio@redess.es', 1, 0, 0, NULL, '{"ramo_especial":"1","primas":{"45":20.99},"params":{"Duraci\\u00f3n":"Hasta 19 d\\u00edas","Residente":"Espa\\u00f1a","Zona de cobertura":"Espa\\u00f1a","N\\u00famero de asegurados":"2"}}', NULL, NULL, NULL, NULL, NULL, NULL, NULL, NULL, NULL, NULL, NULL, NULL, NULL, NULL, NULL, NULL, NULL, NULL, NULL, NULL, NULL, NULL, NULL, NULL, NULL, NULL, NULL, NULL, NULL, NULL, NULL, NULL, NULL, NULL, NULL, NULL, NULL, NULL, NULL, NULL, NULL, NULL, NULL, NULL, NULL, NULL, NULL, NULL, NULL, NULL, NULL, NULL, NULL, NULL, NULL, NULL, NULL, NULL),
(1047, 1, 6, '7864351920', '2017-03-12 01:39:28', NULL, 0, 'José Antonio Cruz Garcia ', '655199103', 'cogollines@hotmail.es', 1, 0, 0, NULL, '{"Producto interesado":"Responsabilidad civil","Tipo de seguro":"Seguro para feriantes"}', NULL, NULL, NULL, NULL, NULL, NULL, NULL, NULL, NULL, NULL, NULL, NULL, NULL, NULL, NULL, NULL, NULL, NULL, NULL, NULL, NULL, NULL, NULL, NULL, NULL, NULL, NULL, NULL, NULL, NULL, NULL, NULL, NULL, NULL, NULL, NULL, NULL, NULL, NULL, NULL, NULL, NULL, NULL, NULL, NULL, NULL, NULL, NULL, NULL, NULL, NULL, NULL, NULL, NULL, NULL, NULL, NULL, NULL),
(1048, 5, 7, '1438659270', '2017-03-13 08:22:02', NULL, 0, 'PRUEBA', '922296656', 'info@canarisk.es', 1, 0, 0, NULL, '{"ramo_especial":"1","primas":{"45":11.9},"params":{"Duraci\\u00f3n":"Hasta 3 d\\u00edas","Residente":"Espa\\u00f1a","Zona de cobertura":"Espa\\u00f1a","N\\u00famero de asegurados":"1"}}', NULL, NULL, NULL, NULL, NULL, NULL, NULL, NULL, NULL, NULL, NULL, NULL, NULL, NULL, NULL, NULL, NULL, NULL, NULL, NULL, NULL, NULL, NULL, NULL, NULL, NULL, NULL, NULL, NULL, NULL, NULL, NULL, NULL, NULL, NULL, NULL, NULL, NULL, NULL, NULL, NULL, NULL, NULL, NULL, NULL, NULL, NULL, NULL, NULL, NULL, NULL, NULL, NULL, NULL, NULL, NULL, NULL, NULL),
(1049, 5, 7, '3264971058', '2017-03-15 08:21:14', NULL, 0, 'prueba', '666555444', 'emilio@redess.es', 1, 0, 0, NULL, '{"ramo_especial":"1","primas":{"45":20.99},"params":{"Duraci\\u00f3n":"Hasta 19 d\\u00edas","Residente":"Espa\\u00f1a","Zona de cobertura":"Espa\\u00f1a","N\\u00famero de asegurados":"2"}}', NULL, NULL, NULL, NULL, NULL, NULL, NULL, NULL, NULL, NULL, NULL, NULL, NULL, NULL, NULL, NULL, NULL, NULL, NULL, NULL, NULL, NULL, NULL, NULL, NULL, NULL, NULL, NULL, NULL, NULL, NULL, NULL, NULL, NULL, NULL, NULL, NULL, NULL, NULL, NULL, NULL, NULL, NULL, NULL, NULL, NULL, NULL, NULL, NULL, NULL, NULL, NULL, NULL, NULL, NULL, NULL, NULL, NULL),
(1050, 1, 6, '0349625187', '2017-03-15 16:44:47', NULL, 0, 'Antonio Del rio', '625840315', 'ant.delrio555@gmail.com', 1, 0, 0, NULL, '{"Producto interesado":"Responsabilidad civil","Tipo de seguro":"Seguro para feriantes"}', NULL, NULL, NULL, NULL, NULL, NULL, NULL, NULL, NULL, NULL, NULL, NULL, NULL, NULL, NULL, NULL, NULL, NULL, NULL, NULL, NULL, NULL, NULL, NULL, NULL, NULL, NULL, NULL, NULL, NULL, NULL, NULL, NULL, NULL, NULL, NULL, NULL, NULL, NULL, NULL, NULL, NULL, NULL, NULL, NULL, NULL, NULL, NULL, NULL, NULL, NULL, NULL, NULL, NULL, NULL, NULL, NULL, NULL),
(1051, 5, 7, '3891467025', '2017-03-16 11:39:42', NULL, 0, 'prueba', '666555444', 'emilio@redess.es', 1, 0, 0, NULL, '{"ramo_especial":"1","primas":{"45":20.99},"params":{"Duraci\\u00f3n":"Hasta 19 d\\u00edas","Residente":"Espa\\u00f1a","Zona de cobertura":"Espa\\u00f1a","N\\u00famero de asegurados":"2"}}', NULL, NULL, NULL, NULL, NULL, NULL, NULL, NULL, NULL, NULL, NULL, NULL, NULL, NULL, NULL, NULL, NULL, NULL, NULL, NULL, NULL, NULL, NULL, NULL, NULL, NULL, NULL, NULL, NULL, NULL, NULL, NULL, NULL, NULL, NULL, NULL, NULL, NULL, NULL, NULL, NULL, NULL, NULL, NULL, NULL, NULL, NULL, NULL, NULL, NULL, NULL, NULL, NULL, NULL, NULL, NULL, NULL, NULL),
(1052, 5, 7, '3891547206', '2017-03-16 11:57:28', NULL, 0, 'prueba', '666555444', 'emilio@redess.es', 1, 0, 0, NULL, '{"ramo_especial":"1","primas":{"45":20.99},"params":{"Duraci\\u00f3n":"Hasta 19 d\\u00edas","Residente":"Espa\\u00f1a","Zona de cobertura":"Espa\\u00f1a","N\\u00famero de asegurados":"2"}}', NULL, NULL, NULL, NULL, NULL, NULL, NULL, NULL, NULL, NULL, NULL, NULL, NULL, NULL, NULL, NULL, NULL, NULL, NULL, NULL, NULL, NULL, NULL, NULL, NULL, NULL, NULL, NULL, NULL, NULL, NULL, NULL, NULL, NULL, NULL, NULL, NULL, NULL, NULL, NULL, NULL, NULL, NULL, NULL, NULL, NULL, NULL, NULL, NULL, NULL, NULL, NULL, NULL, NULL, NULL, NULL, NULL, NULL),
(1053, 5, 7, '1207934685', '2017-03-16 12:02:09', NULL, 0, 'prueba', '666555444', 'emilio@redess.es', 1, 0, 0, NULL, '{"ramo_especial":"1","primas":{"45":20.99},"params":{"Duraci\\u00f3n":"Hasta 19 d\\u00edas","Residente":"Espa\\u00f1a","Zona de cobertura":"Espa\\u00f1a","N\\u00famero de asegurados":"2"}}', NULL, NULL, NULL, NULL, NULL, NULL, NULL, NULL, NULL, NULL, NULL, NULL, NULL, NULL, NULL, NULL, NULL, NULL, NULL, NULL, NULL, NULL, NULL, NULL, NULL, NULL, NULL, NULL, NULL, NULL, NULL, NULL, NULL, NULL, NULL, NULL, NULL, NULL, NULL, NULL, NULL, NULL, NULL, NULL, NULL, NULL, NULL, NULL, NULL, NULL, NULL, NULL, NULL, NULL, NULL, NULL, NULL, NULL),
(1054, 5, 7, '8143659027', '2017-03-16 12:03:49', NULL, 0, 'prueba', '666555444', 'emilio@redess.es', 1, 0, 0, NULL, '{"ramo_especial":"1","primas":{"45":20.99},"params":{"Duraci\\u00f3n":"Hasta 19 d\\u00edas","Residente":"Espa\\u00f1a","Zona de cobertura":"Espa\\u00f1a","N\\u00famero de asegurados":"2"}}', NULL, NULL, NULL, NULL, NULL, NULL, NULL, NULL, NULL, NULL, NULL, NULL, NULL, NULL, NULL, NULL, NULL, NULL, NULL, NULL, NULL, NULL, NULL, NULL, NULL, NULL, NULL, NULL, NULL, NULL, NULL, NULL, NULL, NULL, NULL, NULL, NULL, NULL, NULL, NULL, NULL, NULL, NULL, NULL, NULL, NULL, NULL, NULL, NULL, NULL, NULL, NULL, NULL, NULL, NULL, NULL, NULL, NULL),
(1055, 5, 7, '2561497083', '2017-03-16 12:04:27', NULL, 0, 'prueba', '666555444', 'emilio@redess.es', 1, 0, 0, NULL, '{"ramo_especial":"1","primas":{"45":20.99},"params":{"Duraci\\u00f3n":"Hasta 19 d\\u00edas","Residente":"Espa\\u00f1a","Zona de cobertura":"Espa\\u00f1a","N\\u00famero de asegurados":"2"}}', NULL, NULL, NULL, NULL, NULL, NULL, NULL, NULL, NULL, NULL, NULL, NULL, NULL, NULL, NULL, NULL, NULL, NULL, NULL, NULL, NULL, NULL, NULL, NULL, NULL, NULL, NULL, NULL, NULL, NULL, NULL, NULL, NULL, NULL, NULL, NULL, NULL, NULL, NULL, NULL, NULL, NULL, NULL, NULL, NULL, NULL, NULL, NULL, NULL, NULL, NULL, NULL, NULL, NULL, NULL, NULL, NULL, NULL),
(1056, 5, 7, '3841670592', '2017-03-16 12:09:51', NULL, 0, 'prueba', '666555444', 'emilio@redess.es', 1, 0, 0, NULL, '{"ramo_especial":"1","primas":{"45":20.99},"params":{"Duraci\\u00f3n":"Hasta 19 d\\u00edas","Residente":"Espa\\u00f1a","Zona de cobertura":"Espa\\u00f1a","N\\u00famero de asegurados":"2"}}', NULL, NULL, NULL, NULL, NULL, NULL, NULL, NULL, NULL, NULL, NULL, NULL, NULL, NULL, NULL, NULL, NULL, NULL, NULL, NULL, NULL, NULL, NULL, NULL, NULL, NULL, NULL, NULL, NULL, NULL, NULL, NULL, NULL, NULL, NULL, NULL, NULL, NULL, NULL, NULL, NULL, NULL, NULL, NULL, NULL, NULL, NULL, NULL, NULL, NULL, NULL, NULL, NULL, NULL, NULL, NULL, NULL, NULL),
(1057, 5, 7, '4057129368', '2017-03-16 12:16:33', NULL, 0, 'prueba', '666555444', 'emilio@redess.es', 1, 0, 0, NULL, '{"ramo_especial":"1","primas":{"45":20.99},"params":{"Duraci\\u00f3n":"Hasta 19 d\\u00edas","Residente":"Espa\\u00f1a","Zona de cobertura":"Espa\\u00f1a","N\\u00famero de asegurados":"2"}}', NULL, NULL, NULL, NULL, NULL, NULL, NULL, NULL, NULL, NULL, NULL, NULL, NULL, NULL, NULL, NULL, NULL, NULL, NULL, NULL, NULL, NULL, NULL, NULL, NULL, NULL, NULL, NULL, NULL, NULL, NULL, NULL, NULL, NULL, NULL, NULL, NULL, NULL, NULL, NULL, NULL, NULL, NULL, NULL, NULL, NULL, NULL, NULL, NULL, NULL, NULL, NULL, NULL, NULL, NULL, NULL, NULL, NULL),
(1058, 5, 7, '2387945106', '2017-03-16 12:18:58', NULL, 0, 'prueba', '666555444', 'emilio@redess.es', 1, 0, 0, NULL, '{"ramo_especial":"1","primas":{"45":20.99},"params":{"Duraci\\u00f3n":"Hasta 19 d\\u00edas","Residente":"Espa\\u00f1a","Zona de cobertura":"Espa\\u00f1a","N\\u00famero de asegurados":"2"}}', NULL, NULL, NULL, NULL, NULL, NULL, NULL, NULL, NULL, NULL, NULL, NULL, NULL, NULL, NULL, NULL, NULL, NULL, NULL, NULL, NULL, NULL, NULL, NULL, NULL, NULL, NULL, NULL, NULL, NULL, NULL, NULL, NULL, NULL, NULL, NULL, NULL, NULL, NULL, NULL, NULL, NULL, NULL, NULL, NULL, NULL, NULL, NULL, NULL, NULL, NULL, NULL, NULL, NULL, NULL, NULL, NULL, NULL),
(1059, 5, 7, '6179534820', '2017-03-17 08:59:46', NULL, 0, 'prueba', '666555444', 'emilio@redess.es', 1, 0, 0, NULL, '{"ramo_especial":"1","primas":{"45":20.99},"params":{"Duraci\\u00f3n":"Hasta 19 d\\u00edas","Residente":"Espa\\u00f1a","Zona de cobertura":"Espa\\u00f1a","N\\u00famero de asegurados":"2"}}', NULL, NULL, NULL, NULL, NULL, NULL, NULL, NULL, NULL, NULL, NULL, NULL, NULL, NULL, NULL, NULL, NULL, NULL, NULL, NULL, NULL, NULL, NULL, NULL, NULL, NULL, NULL, NULL, NULL, NULL, NULL, NULL, NULL, NULL, NULL, NULL, NULL, NULL, NULL, NULL, NULL, NULL, NULL, NULL, NULL, NULL, NULL, NULL, NULL, NULL, NULL, NULL, NULL, NULL, NULL, NULL, NULL, NULL),
(1060, 5, 7, '7982453160', '2017-03-17 10:58:35', NULL, 0, 'prueba', '666555444', 'emilio@redess.es', 1, 0, 0, NULL, '{"ramo_especial":"1","primas":{"45":20.99},"params":{"Duraci\\u00f3n":"Hasta 19 d\\u00edas","Residente":"Espa\\u00f1a","Zona de cobertura":"Espa\\u00f1a","N\\u00famero de asegurados":"2"}}', NULL, NULL, NULL, NULL, NULL, NULL, NULL, NULL, NULL, NULL, NULL, NULL, NULL, NULL, NULL, NULL, NULL, NULL, NULL, NULL, NULL, NULL, NULL, NULL, NULL, NULL, NULL, NULL, NULL, NULL, NULL, NULL, NULL, NULL, NULL, NULL, NULL, NULL, NULL, NULL, NULL, NULL, NULL, NULL, NULL, NULL, NULL, NULL, NULL, NULL, NULL, NULL, NULL, NULL, NULL, NULL, NULL, NULL),
(1061, 5, 7, '5721986340', '2017-03-17 10:58:53', NULL, 0, 'prueba', '666555444', 'emilio@redess.es', 1, 0, 0, NULL, '{"ramo_especial":"1","primas":{"45":20.99},"params":{"Duraci\\u00f3n":"Hasta 19 d\\u00edas","Residente":"Espa\\u00f1a","Zona de cobertura":"Espa\\u00f1a","N\\u00famero de asegurados":"2"}}', NULL, NULL, NULL, NULL, NULL, NULL, NULL, NULL, NULL, NULL, NULL, NULL, NULL, NULL, NULL, NULL, NULL, NULL, NULL, NULL, NULL, NULL, NULL, NULL, NULL, NULL, NULL, NULL, NULL, NULL, NULL, NULL, NULL, NULL, NULL, NULL, NULL, NULL, NULL, NULL, NULL, NULL, NULL, NULL, NULL, NULL, NULL, NULL, NULL, NULL, NULL, NULL, NULL, NULL, NULL, NULL, NULL, NULL),
(1062, 5, 7, '4279831605', '2017-03-17 11:01:23', NULL, 0, 'prueba', '666555444', 'emilio@redess.es', 1, 0, 0, NULL, '{"ramo_especial":"1","primas":{"45":20.99},"params":{"Duraci\\u00f3n":"Hasta 19 d\\u00edas","Residente":"Espa\\u00f1a","Zona de cobertura":"Espa\\u00f1a","N\\u00famero de asegurados":"2"}}', NULL, NULL, NULL, NULL, NULL, NULL, NULL, NULL, NULL, NULL, NULL, NULL, NULL, NULL, NULL, NULL, NULL, NULL, NULL, NULL, NULL, NULL, NULL, NULL, NULL, NULL, NULL, NULL, NULL, NULL, NULL, NULL, NULL, NULL, NULL, NULL, NULL, NULL, NULL, NULL, NULL, NULL, NULL, NULL, NULL, NULL, NULL, NULL, NULL, NULL, NULL, NULL, NULL, NULL, NULL, NULL, NULL, NULL),
(1063, 5, 7, '8407953612', '2017-03-17 11:05:12', NULL, 0, 'prueba', '666555444', 'emilio@redess.es', 1, 0, 0, NULL, '{"ramo_especial":"1","primas":{"45":20.99},"params":{"Duraci\\u00f3n":"Hasta 19 d\\u00edas","Residente":"Espa\\u00f1a","Zona de cobertura":"Espa\\u00f1a","N\\u00famero de asegurados":"2"}}', NULL, NULL, NULL, NULL, NULL, NULL, NULL, NULL, NULL, NULL, NULL, NULL, NULL, NULL, NULL, NULL, NULL, NULL, NULL, NULL, NULL, NULL, NULL, NULL, NULL, NULL, NULL, NULL, NULL, NULL, NULL, NULL, NULL, NULL, NULL, NULL, NULL, NULL, NULL, NULL, NULL, NULL, NULL, NULL, NULL, NULL, NULL, NULL, NULL, NULL, NULL, NULL, NULL, NULL, NULL, NULL, NULL, NULL),
(1064, 5, 7, '6028945317', '2017-03-17 11:09:31', NULL, 0, 'prueba', '666555444', 'emilio@redess.es', 1, 0, 0, NULL, '{"ramo_especial":"1","primas":{"45":20.99},"params":{"Duraci\\u00f3n":"Hasta 19 d\\u00edas","Residente":"Espa\\u00f1a","Zona de cobertura":"Espa\\u00f1a","N\\u00famero de asegurados":"2"}}', NULL, NULL, NULL, NULL, NULL, NULL, NULL, NULL, NULL, NULL, NULL, NULL, NULL, NULL, NULL, NULL, NULL, NULL, NULL, NULL, NULL, NULL, NULL, NULL, NULL, NULL, NULL, NULL, NULL, NULL, NULL, NULL, NULL, NULL, NULL, NULL, NULL, NULL, NULL, NULL, NULL, NULL, NULL, NULL, NULL, NULL, NULL, NULL, NULL, NULL, NULL, NULL, NULL, NULL, NULL, NULL, NULL, NULL),
(1065, 5, 7, '7390856241', '2017-03-17 11:37:49', NULL, 0, 'Emilio Valls', '666555444', 'emilio@redess.es', 1, 0, 0, NULL, '{"ramo_especial":"1","primas":{"45":16.23},"params":{"Duraci\\u00f3n":"Hasta 8 d\\u00edas","Residente":"Espa\\u00f1a","Zona de cobertura":"Espa\\u00f1a","N\\u00famero de asegurados":"1"}}', NULL, NULL, NULL, NULL, NULL, NULL, NULL, NULL, NULL, NULL, NULL, NULL, NULL, NULL, NULL, NULL, NULL, NULL, NULL, NULL, NULL, NULL, NULL, NULL, NULL, NULL, NULL, NULL, NULL, NULL, NULL, NULL, NULL, NULL, NULL, NULL, NULL, NULL, NULL, NULL, NULL, NULL, NULL, NULL, NULL, NULL, NULL, NULL, NULL, NULL, NULL, NULL, NULL, NULL, NULL, NULL, NULL, NULL),
(1066, 5, 7, '7458963210', '2017-03-17 11:38:24', NULL, 0, 'prueba', '666555444', 'emilio@redess.es', 1, 0, 0, NULL, '{"ramo_especial":"1","primas":{"45":20.99},"params":{"Duraci\\u00f3n":"Hasta 19 d\\u00edas","Residente":"Espa\\u00f1a","Zona de cobertura":"Espa\\u00f1a","N\\u00famero de asegurados":"2"}}', NULL, NULL, NULL, NULL, NULL, NULL, NULL, NULL, NULL, NULL, NULL, NULL, NULL, NULL, NULL, NULL, NULL, NULL, NULL, NULL, NULL, NULL, NULL, NULL, NULL, NULL, NULL, NULL, NULL, NULL, NULL, NULL, NULL, NULL, NULL, NULL, NULL, NULL, NULL, NULL, NULL, NULL, NULL, NULL, NULL, NULL, NULL, NULL, NULL, NULL, NULL, NULL, NULL, NULL, NULL, NULL, NULL, NULL),
(1067, 5, 7, '8352019467', '2017-03-17 11:39:27', NULL, 0, 'Emilio Valls', '666555444', 'emilio@redess.es', 1, 0, 0, NULL, '{"ramo_especial":"1","primas":{"45":16.23},"params":{"Duraci\\u00f3n":"Hasta 8 d\\u00edas","Residente":"Espa\\u00f1a","Zona de cobertura":"Espa\\u00f1a","N\\u00famero de asegurados":"1"}}', NULL, NULL, NULL, NULL, NULL, NULL, NULL, NULL, NULL, NULL, NULL, NULL, NULL, NULL, NULL, NULL, NULL, NULL, NULL, NULL, NULL, NULL, NULL, NULL, NULL, NULL, NULL, NULL, NULL, NULL, NULL, NULL, NULL, NULL, NULL, NULL, NULL, NULL, NULL, NULL, NULL, NULL, NULL, NULL, NULL, NULL, NULL, NULL, NULL, NULL, NULL, NULL, NULL, NULL, NULL, NULL, NULL, NULL),
(1068, 5, 7, '5903417826', '2017-03-17 11:41:49', NULL, 0, 'Emilio Valls', '666555444', 'emilio@redess.es', 1, 0, 0, NULL, '{"ramo_especial":"1","primas":{"45":16.23},"params":{"Duraci\\u00f3n":"Hasta 8 d\\u00edas","Residente":"Espa\\u00f1a","Zona de cobertura":"Espa\\u00f1a","N\\u00famero de asegurados":"1"}}', NULL, NULL, NULL, NULL, NULL, NULL, NULL, NULL, NULL, NULL, NULL, NULL, NULL, NULL, NULL, NULL, NULL, NULL, NULL, NULL, NULL, NULL, NULL, NULL, NULL, NULL, NULL, NULL, NULL, NULL, NULL, NULL, NULL, NULL, NULL, NULL, NULL, NULL, NULL, NULL, NULL, NULL, NULL, NULL, NULL, NULL, NULL, NULL, NULL, NULL, NULL, NULL, NULL, NULL, NULL, NULL, NULL, NULL),
(1069, 5, 7, '5317609842', '2017-03-17 12:52:44', NULL, 0, 'Emilio Valls', '666555444', 'emilio@redess.es', 1, 0, 0, NULL, '{"ramo_especial":"1","primas":{"45":16.23},"params":{"Duraci\\u00f3n":"Hasta 8 d\\u00edas","Residente":"Espa\\u00f1a","Zona de cobertura":"Espa\\u00f1a","N\\u00famero de asegurados":"1"}}', NULL, NULL, NULL, NULL, NULL, NULL, NULL, NULL, NULL, NULL, NULL, NULL, NULL, NULL, NULL, NULL, NULL, NULL, NULL, NULL, NULL, NULL, NULL, NULL, NULL, NULL, NULL, NULL, NULL, NULL, NULL, NULL, NULL, NULL, NULL, NULL, NULL, NULL, NULL, NULL, NULL, NULL, NULL, NULL, NULL, NULL, NULL, NULL, NULL, NULL, NULL, NULL, NULL, NULL, NULL, NULL, NULL, NULL),
(1070, 1, 6, '4152963087', '2017-03-17 13:03:09', NULL, 0, 'Juan balsa', '676271632', 'atraccionesjb@gmail.com', 1, 0, 0, NULL, '{"Producto interesado":"Da\\u00f1os a la atracci\\u00f3n","Tipo de seguro":"Seguro para feriantes"}', NULL, NULL, NULL, NULL, NULL, NULL, NULL, NULL, NULL, NULL, NULL, NULL, NULL, NULL, NULL, NULL, NULL, NULL, NULL, NULL, NULL, NULL, NULL, NULL, NULL, NULL, NULL, NULL, NULL, NULL, NULL, NULL, NULL, NULL, NULL, NULL, NULL, NULL, NULL, NULL, NULL, NULL, NULL, NULL, NULL, NULL, NULL, NULL, NULL, NULL, NULL, NULL, NULL, NULL, NULL, NULL, NULL, NULL),
(1071, 1, 6, '8195342670', '2017-03-18 22:01:22', NULL, 0, 'Juan', '801941298', 'larajuanluis@yahoo.com', 1, 0, 0, NULL, '{"Producto interesado":"Otros","Tipo de seguro":"Seguro para feriantes"}', NULL, NULL, NULL, NULL, NULL, NULL, NULL, NULL, NULL, NULL, NULL, NULL, NULL, NULL, NULL, NULL, NULL, NULL, NULL, NULL, NULL, NULL, NULL, NULL, NULL, NULL, NULL, NULL, NULL, NULL, NULL, NULL, NULL, NULL, NULL, NULL, NULL, NULL, NULL, NULL, NULL, NULL, NULL, NULL, NULL, NULL, NULL, NULL, NULL, NULL, NULL, NULL, NULL, NULL, NULL, NULL, NULL, NULL),
(1072, 5, 7, '6358402791', '2017-03-20 08:13:37', NULL, 0, 'prueba', '666555444', 'emilio@redess.es', 1, 0, 0, NULL, '{"ramo_especial":"1","primas":{"45":20.99},"params":{"Duraci\\u00f3n":"Hasta 19 d\\u00edas","Residente":"Espa\\u00f1a","Zona de cobertura":"Espa\\u00f1a","N\\u00famero de asegurados":"2"}}', NULL, NULL, NULL, NULL, NULL, NULL, NULL, NULL, NULL, NULL, NULL, NULL, NULL, NULL, NULL, NULL, NULL, NULL, NULL, NULL, NULL, NULL, NULL, NULL, NULL, NULL, NULL, NULL, NULL, NULL, NULL, NULL, NULL, NULL, NULL, NULL, NULL, NULL, NULL, NULL, NULL, NULL, NULL, NULL, NULL, NULL, NULL, NULL, NULL, NULL, NULL, NULL, NULL, NULL, NULL, NULL, NULL, NULL),
(1073, 1, 6, '9823741056', '2017-03-20 08:53:38', NULL, 0, 'Calixto garcía camara', '603797406', 'camaraolmedoraquel@gmail.com', 1, 0, 0, NULL, '{"Producto interesado":"Responsabilidad civil","Tipo de seguro":"Seguro para feriantes"}', NULL, NULL, NULL, NULL, NULL, NULL, NULL, NULL, NULL, NULL, NULL, NULL, NULL, NULL, NULL, NULL, NULL, NULL, NULL, NULL, NULL, NULL, NULL, NULL, NULL, NULL, NULL, NULL, NULL, NULL, NULL, NULL, NULL, NULL, NULL, NULL, NULL, NULL, NULL, NULL, NULL, NULL, NULL, NULL, NULL, NULL, NULL, NULL, NULL, NULL, NULL, NULL, NULL, NULL, NULL, NULL, NULL, NULL),
(1074, 1, 6, '7618903425', '2017-03-20 08:55:07', NULL, 0, 'Calixto garcía camara', '603797406', 'camaraolmedoraquel@gmail.com', 1, 0, 0, NULL, '{"Producto interesado":"Responsabilidad civil","Tipo de seguro":"Seguro para feriantes"}', NULL, NULL, NULL, NULL, NULL, NULL, NULL, NULL, NULL, NULL, NULL, NULL, NULL, NULL, NULL, NULL, NULL, NULL, NULL, NULL, NULL, NULL, NULL, NULL, NULL, NULL, NULL, NULL, NULL, NULL, NULL, NULL, NULL, NULL, NULL, NULL, NULL, NULL, NULL, NULL, NULL, NULL, NULL, NULL, NULL, NULL, NULL, NULL, NULL, NULL, NULL, NULL, NULL, NULL, NULL, NULL, NULL, NULL),
(1075, 1, 6, '8497053261', '2017-03-20 13:14:41', NULL, 0, 'Juab', '801941298', 'larajuanluis@yahoo.com', 1, 0, 0, NULL, '{"Producto interesado":"Responsabilidad civil","Tipo de seguro":"Seguro para feriantes"}', NULL, NULL, NULL, NULL, NULL, NULL, NULL, NULL, NULL, NULL, NULL, NULL, NULL, NULL, NULL, NULL, NULL, NULL, NULL, NULL, NULL, NULL, NULL, NULL, NULL, NULL, NULL, NULL, NULL, NULL, NULL, NULL, NULL, NULL, NULL, NULL, NULL, NULL, NULL, NULL, NULL, NULL, NULL, NULL, NULL, NULL, NULL, NULL, NULL, NULL, NULL, NULL, NULL, NULL, NULL, NULL, NULL, NULL),
(1076, 1, 6, '6581930742', '2017-03-22 23:17:24', NULL, 0, 'Francisco', '699972747', 'fransalar112@gmail.com', 1, 0, 0, NULL, '{"Producto interesado":"Responsabilidad civil","Tipo de seguro":"Seguro para feriantes"}', NULL, NULL, NULL, NULL, NULL, NULL, NULL, NULL, NULL, NULL, NULL, NULL, NULL, NULL, NULL, NULL, NULL, NULL, NULL, NULL, NULL, NULL, NULL, NULL, NULL, NULL, NULL, NULL, NULL, NULL, NULL, NULL, NULL, NULL, NULL, NULL, NULL, NULL, NULL, NULL, NULL, NULL, NULL, NULL, NULL, NULL, NULL, NULL, NULL, NULL, NULL, NULL, NULL, NULL, NULL, NULL, NULL, NULL),
(1077, 1, 6, '1963740825', '2017-03-22 23:18:05', NULL, 0, 'Francisco', '699972747', 'fransalar112@gmail.com', 1, 0, 0, NULL, '{"Producto interesado":"Otros","Tipo de seguro":"Seguro para feriantes"}', NULL, NULL, NULL, NULL, NULL, NULL, NULL, NULL, NULL, NULL, NULL, NULL, NULL, NULL, NULL, NULL, NULL, NULL, NULL, NULL, NULL, NULL, NULL, NULL, NULL, NULL, NULL, NULL, NULL, NULL, NULL, NULL, NULL, NULL, NULL, NULL, NULL, NULL, NULL, NULL, NULL, NULL, NULL, NULL, NULL, NULL, NULL, NULL, NULL, NULL, NULL, NULL, NULL, NULL, NULL, NULL, NULL, NULL),
(1078, 1, 6, '4916538072', '2017-03-23 15:12:59', NULL, 0, 'patricia', '691510320', 'patrimur79@gmail.com', 1, 0, 0, NULL, '{"Producto interesado":"Responsabilidad civil","Tipo de seguro":"Seguro para feriantes"}', NULL, NULL, NULL, NULL, NULL, NULL, NULL, NULL, NULL, NULL, NULL, NULL, NULL, NULL, NULL, NULL, NULL, NULL, NULL, NULL, NULL, NULL, NULL, NULL, NULL, NULL, NULL, NULL, NULL, NULL, NULL, NULL, NULL, NULL, NULL, NULL, NULL, NULL, NULL, NULL, NULL, NULL, NULL, NULL, NULL, NULL, NULL, NULL, NULL, NULL, NULL, NULL, NULL, NULL, NULL, NULL, NULL, NULL),
(1079, 1, 6, '8537269104', '2017-03-23 15:47:16', NULL, 0, 'Jose Javier naranjo ', '633855934', 'naranjochurri@hotmail.es', 1, 0, 0, NULL, '{"Producto interesado":"Responsabilidad civil","Tipo de seguro":"Seguro para feriantes"}', NULL, NULL, NULL, NULL, NULL, NULL, NULL, NULL, NULL, NULL, NULL, NULL, NULL, NULL, NULL, NULL, NULL, NULL, NULL, NULL, NULL, NULL, NULL, NULL, NULL, NULL, NULL, NULL, NULL, NULL, NULL, NULL, NULL, NULL, NULL, NULL, NULL, NULL, NULL, NULL, NULL, NULL, NULL, NULL, NULL, NULL, NULL, NULL, NULL, NULL, NULL, NULL, NULL, NULL, NULL, NULL, NULL, NULL),
(1080, 1, 6, '0153289674', '2017-03-23 17:19:26', NULL, 0, 'Antonio Cascales Vilar', '600374528', 'acascalesvilar@gmail.com', 1, 0, 0, NULL, '{"Tipo de seguro":"Seguro para correfocs"}', NULL, NULL, NULL, NULL, NULL, NULL, NULL, NULL, NULL, NULL, NULL, NULL, NULL, NULL, NULL, NULL, NULL, NULL, NULL, NULL, NULL, NULL, NULL, NULL, NULL, NULL, NULL, NULL, NULL, NULL, NULL, NULL, NULL, NULL, NULL, NULL, NULL, NULL, NULL, NULL, NULL, NULL, NULL, NULL, NULL, NULL, NULL, NULL, NULL, NULL, NULL, NULL, NULL, NULL, NULL, NULL, NULL, NULL),
(1081, 1, 6, '0214673598', '2017-03-23 17:34:09', NULL, 0, 'Leo Martínez corral', '634406233', 'leomartinezcorral.com', 1, 0, 0, NULL, '{"Producto interesado":"Da\\u00f1os a la atracci\\u00f3n","Tipo de seguro":"Seguro para feriantes"}', NULL, NULL, NULL, NULL, NULL, NULL, NULL, NULL, NULL, NULL, NULL, NULL, NULL, NULL, NULL, NULL, NULL, NULL, NULL, NULL, NULL, NULL, NULL, NULL, NULL, NULL, NULL, NULL, NULL, NULL, NULL, NULL, NULL, NULL, NULL, NULL, NULL, NULL, NULL, NULL, NULL, NULL, NULL, NULL, NULL, NULL, NULL, NULL, NULL, NULL, NULL, NULL, NULL, NULL, NULL, NULL, NULL, NULL),
(1082, 1, 6, '3510694728', '2017-03-23 21:54:57', NULL, 0, 'Leo Martínez corral', '634406233', 'leomartinezcorral.com', 1, 0, 0, NULL, '{"Producto interesado":"Da\\u00f1os a la atracci\\u00f3n","Tipo de seguro":"Seguro para feriantes"}', NULL, NULL, NULL, NULL, NULL, NULL, NULL, NULL, NULL, NULL, NULL, NULL, NULL, NULL, NULL, NULL, NULL, NULL, NULL, NULL, NULL, NULL, NULL, NULL, NULL, NULL, NULL, NULL, NULL, NULL, NULL, NULL, NULL, NULL, NULL, NULL, NULL, NULL, NULL, NULL, NULL, NULL, NULL, NULL, NULL, NULL, NULL, NULL, NULL, NULL, NULL, NULL, NULL, NULL, NULL, NULL, NULL, NULL);
INSERT INTO `tarificaciones` (`id`, `correduria_id`, `ramo_id`, `codigo_tarificacion`, `fecha_creacion`, `creada_por`, `numMensajes`, `nombre_completo`, `telefono`, `email`, `activo`, `documentacionEnviada`, `contratada`, `fecha_borrado`, `data`, `deletedBy_id`, `numeroPersonas`, `vida_capital`, `vida_fechaNacimiento`, `salud_provincia_id`, `salud_contratante_id`, `salud_fechaNacimiento1`, `salud_fechaNacimiento2`, `salud_fechaNacimiento3`, `salud_fechaNacimiento4`, `salud_fechaNacimiento5`, `salud_fechaNacimiento6`, `salud_fechaNacimiento7`, `salud_fechaNacimiento8`, `salud_fechaNacimiento9`, `salud_fechaNacimiento10`, `salud_edad1`, `salud_edad2`, `salud_edad3`, `salud_edad4`, `salud_edad5`, `salud_edad6`, `salud_edad7`, `salud_edad8`, `salud_edad9`, `salud_edad10`, `decesos_provincia_id_1`, `decesos_provincia_id_2`, `decesos_provincia_id_3`, `decesos_provincia_id_4`, `decesos_provincia_id_5`, `decesos_provincia_id_6`, `decesos_provincia_id_7`, `decesos_provincia_id_8`, `decesos_provincia_id_9`, `decesos_provincia_id_10`, `decesos_fechaNacimiento1`, `decesos_fechaNacimiento2`, `decesos_fechaNacimiento3`, `decesos_fechaNacimiento4`, `decesos_fechaNacimiento5`, `decesos_fechaNacimiento6`, `decesos_fechaNacimiento7`, `decesos_fechaNacimiento8`, `decesos_fechaNacimiento9`, `decesos_fechaNacimiento10`, `decesos_edad1`, `decesos_edad2`, `decesos_edad3`, `decesos_edad4`, `decesos_edad5`, `decesos_edad6`, `decesos_edad7`, `decesos_edad8`, `decesos_edad9`, `decesos_edad10`, `alquiler_rentaMensual`, `alquiler_valorAlquiler`) VALUES
(1083, 1, 6, '1637948502', '2017-03-23 22:54:30', NULL, 0, 'Leo Martínez corral', '634406233', 'leomartinezcorral.com', 1, 0, 0, NULL, '{"Producto interesado":"Da\\u00f1os a la atracci\\u00f3n","Tipo de seguro":"Seguro para feriantes"}', NULL, NULL, NULL, NULL, NULL, NULL, NULL, NULL, NULL, NULL, NULL, NULL, NULL, NULL, NULL, NULL, NULL, NULL, NULL, NULL, NULL, NULL, NULL, NULL, NULL, NULL, NULL, NULL, NULL, NULL, NULL, NULL, NULL, NULL, NULL, NULL, NULL, NULL, NULL, NULL, NULL, NULL, NULL, NULL, NULL, NULL, NULL, NULL, NULL, NULL, NULL, NULL, NULL, NULL, NULL, NULL, NULL, NULL),
(1084, 5, 7, '7560291438', '2017-03-24 08:47:06', NULL, 0, 'prueba', '123123123', 'aaaa@aaa.com', 1, 0, 0, NULL, '{"ramo_especial":"1","primas":{"45":16.23},"params":{"Duraci\\u00f3n":"Hasta 8 d\\u00edas","Residente":"Espa\\u00f1a","Zona de cobertura":"Espa\\u00f1a","N\\u00famero de asegurados":"1"}}', NULL, NULL, NULL, NULL, NULL, NULL, NULL, NULL, NULL, NULL, NULL, NULL, NULL, NULL, NULL, NULL, NULL, NULL, NULL, NULL, NULL, NULL, NULL, NULL, NULL, NULL, NULL, NULL, NULL, NULL, NULL, NULL, NULL, NULL, NULL, NULL, NULL, NULL, NULL, NULL, NULL, NULL, NULL, NULL, NULL, NULL, NULL, NULL, NULL, NULL, NULL, NULL, NULL, NULL, NULL, NULL, NULL, NULL),
(1085, 5, 7, '8235617490', '2017-03-24 12:51:02', NULL, 0, 'Emilio', '666555444', 'emilio@redess.es', 1, 0, 0, NULL, '{"ramo_especial":"1","primas":{"45":16.23},"params":{"Duraci\\u00f3n":"Hasta 8 d\\u00edas","Residente":"Espa\\u00f1a","Zona de cobertura":"Espa\\u00f1a","N\\u00famero de asegurados":"2"}}', NULL, NULL, NULL, NULL, NULL, NULL, NULL, NULL, NULL, NULL, NULL, NULL, NULL, NULL, NULL, NULL, NULL, NULL, NULL, NULL, NULL, NULL, NULL, NULL, NULL, NULL, NULL, NULL, NULL, NULL, NULL, NULL, NULL, NULL, NULL, NULL, NULL, NULL, NULL, NULL, NULL, NULL, NULL, NULL, NULL, NULL, NULL, NULL, NULL, NULL, NULL, NULL, NULL, NULL, NULL, NULL, NULL, NULL),
(1086, 1, 6, '9845701632', '2017-03-26 08:24:39', NULL, 0, 'Carlos manuel braga braga', '651755125', 'carlossabarca@hotmail.com', 1, 0, 0, NULL, '{"Producto interesado":"Da\\u00f1os a la atracci\\u00f3n","Tipo de seguro":"Seguro para feriantes"}', NULL, NULL, NULL, NULL, NULL, NULL, NULL, NULL, NULL, NULL, NULL, NULL, NULL, NULL, NULL, NULL, NULL, NULL, NULL, NULL, NULL, NULL, NULL, NULL, NULL, NULL, NULL, NULL, NULL, NULL, NULL, NULL, NULL, NULL, NULL, NULL, NULL, NULL, NULL, NULL, NULL, NULL, NULL, NULL, NULL, NULL, NULL, NULL, NULL, NULL, NULL, NULL, NULL, NULL, NULL, NULL, NULL, NULL),
(1087, 5, 7, '7654138920', '2017-03-27 07:29:46', NULL, 0, 'Juan Delgado', '922296656', 'produccion@canarisk.es', 1, 0, 0, NULL, '{"ramo_especial":"1","primas":{"45":26.71},"params":{"Duraci\\u00f3n":"Hasta 3 d\\u00edas","Residente":"Europa","Zona de cobertura":"Europa","N\\u00famero de asegurados":"1"}}', NULL, NULL, NULL, NULL, NULL, NULL, NULL, NULL, NULL, NULL, NULL, NULL, NULL, NULL, NULL, NULL, NULL, NULL, NULL, NULL, NULL, NULL, NULL, NULL, NULL, NULL, NULL, NULL, NULL, NULL, NULL, NULL, NULL, NULL, NULL, NULL, NULL, NULL, NULL, NULL, NULL, NULL, NULL, NULL, NULL, NULL, NULL, NULL, NULL, NULL, NULL, NULL, NULL, NULL, NULL, NULL, NULL, NULL),
(1088, 5, 7, '0625478319', '2017-03-27 08:05:55', NULL, 0, 'CANARISK', '922296656', 'produccion@canarisk.es', 1, 0, 0, NULL, '{"ramo_especial":"1","primas":{"45":11.9},"params":{"Duraci\\u00f3n":"Hasta 3 d\\u00edas","Residente":"Espa\\u00f1a","Zona de cobertura":"Europa","N\\u00famero de asegurados":"2"}}', NULL, NULL, NULL, NULL, NULL, NULL, NULL, NULL, NULL, NULL, NULL, NULL, NULL, NULL, NULL, NULL, NULL, NULL, NULL, NULL, NULL, NULL, NULL, NULL, NULL, NULL, NULL, NULL, NULL, NULL, NULL, NULL, NULL, NULL, NULL, NULL, NULL, NULL, NULL, NULL, NULL, NULL, NULL, NULL, NULL, NULL, NULL, NULL, NULL, NULL, NULL, NULL, NULL, NULL, NULL, NULL, NULL, NULL),
(1089, 5, 7, '7925308461', '2017-03-27 08:09:50', NULL, 0, 'CANARISK', '922296656', 'produccion@canarisk.es', 1, 0, 0, NULL, '{"ramo_especial":"1","primas":{"45":11.9},"params":{"Duraci\\u00f3n":"Hasta 3 d\\u00edas","Residente":"Espa\\u00f1a","Zona de cobertura":"Espa\\u00f1a","N\\u00famero de asegurados":"4"}}', NULL, NULL, NULL, NULL, NULL, NULL, NULL, NULL, NULL, NULL, NULL, NULL, NULL, NULL, NULL, NULL, NULL, NULL, NULL, NULL, NULL, NULL, NULL, NULL, NULL, NULL, NULL, NULL, NULL, NULL, NULL, NULL, NULL, NULL, NULL, NULL, NULL, NULL, NULL, NULL, NULL, NULL, NULL, NULL, NULL, NULL, NULL, NULL, NULL, NULL, NULL, NULL, NULL, NULL, NULL, NULL, NULL, NULL),
(1090, 1, 6, '5721630849', '2017-03-27 14:36:26', NULL, 0, 'cristian gil serran', '633975567', 'atraccioneshnosgilsl@gmail.com', 1, 0, 0, NULL, '{"Producto interesado":"Da\\u00f1os a la atracci\\u00f3n","Tipo de seguro":"Seguro para feriantes"}', NULL, NULL, NULL, NULL, NULL, NULL, NULL, NULL, NULL, NULL, NULL, NULL, NULL, NULL, NULL, NULL, NULL, NULL, NULL, NULL, NULL, NULL, NULL, NULL, NULL, NULL, NULL, NULL, NULL, NULL, NULL, NULL, NULL, NULL, NULL, NULL, NULL, NULL, NULL, NULL, NULL, NULL, NULL, NULL, NULL, NULL, NULL, NULL, NULL, NULL, NULL, NULL, NULL, NULL, NULL, NULL, NULL, NULL),
(1091, 1, 6, '0741358629', '2017-03-27 14:37:28', NULL, 0, 'cristian gil serrano', '633975567', 'atraccioneshnosgilsl@gmail.com', 1, 0, 0, NULL, '{"Producto interesado":"Responsabilidad civil","Tipo de seguro":"Seguro para feriantes"}', NULL, NULL, NULL, NULL, NULL, NULL, NULL, NULL, NULL, NULL, NULL, NULL, NULL, NULL, NULL, NULL, NULL, NULL, NULL, NULL, NULL, NULL, NULL, NULL, NULL, NULL, NULL, NULL, NULL, NULL, NULL, NULL, NULL, NULL, NULL, NULL, NULL, NULL, NULL, NULL, NULL, NULL, NULL, NULL, NULL, NULL, NULL, NULL, NULL, NULL, NULL, NULL, NULL, NULL, NULL, NULL, NULL, NULL),
(1092, 5, 2, '6924857031', '2017-03-28 10:28:36', NULL, 0, 'Sulay Carballo bethenourt', '663439000', 'tama_284@hotmail.com', 1, 0, 0, NULL, '{"3":{"id_cm":"2","prima_cm":65.66,"id_re":"3","prima_re":83},"35":{"id_cm":"48","prima_cm":63.61,"id_re":"49","prima_re":98.43},"36":{"id_cm":"37","prima_cm":47,"id_re":"50","prima_re":79},"37":{"id_cm":"51","prima_cm":32,"id_re":"50","prima_re":79},"41":{"id_cm":"36","prima_cm":55.7,"id_re":"58","prima_re":70.6},"42":{"id_cm":"59","prima_cm":33.66,"id_re":"60","prima_re":58.212},"43":{"id_cm":"39","prima_cm":44.172,"id_re":"60","prima_re":58.212},"46":{"id_cm":"64","prima_cm":39.78,"id_re":"65","prima_re":108.05},"47":{"id_cm":"66","prima_cm":47.5,"id_re":"67","prima_re":121.57}}', NULL, 1, NULL, NULL, 42, 4, NULL, NULL, NULL, NULL, NULL, NULL, NULL, NULL, NULL, NULL, 32, NULL, NULL, NULL, NULL, NULL, NULL, NULL, NULL, NULL, NULL, NULL, NULL, NULL, NULL, NULL, NULL, NULL, NULL, NULL, NULL, NULL, NULL, NULL, NULL, NULL, NULL, NULL, NULL, NULL, NULL, NULL, NULL, NULL, NULL, NULL, NULL, NULL, NULL, NULL, NULL, NULL),
(1093, 5, 2, '2689715430', '2017-03-28 10:33:35', NULL, 0, 'Sulay Carballo bethenourt', '663439000', 'tama_284@hotmail.com', 1, 0, 0, NULL, '{"3":{"id_cm":"2","prima_cm":132.12,"id_re":"3","prima_re":168.39},"35":{"id_cm":"48","prima_cm":127.22,"id_re":"49","prima_re":196.86},"36":{"id_cm":"37","prima_cm":94,"id_re":"50","prima_re":158},"37":{"id_cm":"51","prima_cm":64,"id_re":"50","prima_re":158},"41":{"id_cm":"36","prima_cm":111.4,"id_re":"58","prima_re":141.2},"42":{"id_cm":"59","prima_cm":67.44,"id_re":"60","prima_re":107.8},"43":{"id_cm":"39","prima_cm":81.8,"id_re":"60","prima_re":107.8},"46":{"id_cm":"64","prima_cm":79.74,"id_re":"65","prima_re":219.3},"47":{"id_cm":"66","prima_cm":95,"id_re":"67","prima_re":247.42}}', NULL, 2, NULL, NULL, 42, 4, NULL, NULL, NULL, NULL, NULL, NULL, NULL, NULL, NULL, NULL, 32, 34, NULL, NULL, NULL, NULL, NULL, NULL, NULL, NULL, NULL, NULL, NULL, NULL, NULL, NULL, NULL, NULL, NULL, NULL, NULL, NULL, NULL, NULL, NULL, NULL, NULL, NULL, NULL, NULL, NULL, NULL, NULL, NULL, NULL, NULL, NULL, NULL, NULL, NULL, NULL, NULL),
(1094, 5, 2, '5039846217', '2017-03-28 10:33:38', NULL, 0, 'Sulay Carballo bethenourt', '663439000', 'tama_284@hotmail.com', 1, 0, 0, NULL, '{"3":{"id_cm":"2","prima_cm":132.12,"id_re":"3","prima_re":168.39},"35":{"id_cm":"48","prima_cm":127.22,"id_re":"49","prima_re":196.86},"36":{"id_cm":"37","prima_cm":94,"id_re":"50","prima_re":158},"37":{"id_cm":"51","prima_cm":64,"id_re":"50","prima_re":158},"41":{"id_cm":"36","prima_cm":111.4,"id_re":"58","prima_re":141.2},"42":{"id_cm":"59","prima_cm":67.44,"id_re":"60","prima_re":107.8},"43":{"id_cm":"39","prima_cm":81.8,"id_re":"60","prima_re":107.8},"46":{"id_cm":"64","prima_cm":79.74,"id_re":"65","prima_re":219.3},"47":{"id_cm":"66","prima_cm":95,"id_re":"67","prima_re":247.42}}', NULL, 2, NULL, NULL, 42, 4, NULL, NULL, NULL, NULL, NULL, NULL, NULL, NULL, NULL, NULL, 32, 34, NULL, NULL, NULL, NULL, NULL, NULL, NULL, NULL, NULL, NULL, NULL, NULL, NULL, NULL, NULL, NULL, NULL, NULL, NULL, NULL, NULL, NULL, NULL, NULL, NULL, NULL, NULL, NULL, NULL, NULL, NULL, NULL, NULL, NULL, NULL, NULL, NULL, NULL, NULL, NULL),
(1095, 1, 6, '1206574893', '2017-03-28 15:27:46', NULL, 0, 'Jorge', '987223355', 'jjdreguera@gmail.com', 1, 0, 0, NULL, '{"Producto interesado":"Da\\u00f1os a la atracci\\u00f3n","Tipo de seguro":"Seguro para feriantes"}', NULL, NULL, NULL, NULL, NULL, NULL, NULL, NULL, NULL, NULL, NULL, NULL, NULL, NULL, NULL, NULL, NULL, NULL, NULL, NULL, NULL, NULL, NULL, NULL, NULL, NULL, NULL, NULL, NULL, NULL, NULL, NULL, NULL, NULL, NULL, NULL, NULL, NULL, NULL, NULL, NULL, NULL, NULL, NULL, NULL, NULL, NULL, NULL, NULL, NULL, NULL, NULL, NULL, NULL, NULL, NULL, NULL, NULL),
(1096, 5, 7, '0897543621', '2017-03-29 11:28:13', NULL, 0, 'Prueba', '922296656', 'jcarballo@canarisk.es', 1, 0, 0, NULL, '{"ramo_especial":"1","primas":{"45":11.9},"params":{"Duraci\\u00f3n":"Hasta 3 d\\u00edas","Residente":"Espa\\u00f1a","Zona de cobertura":"Espa\\u00f1a","N\\u00famero de asegurados":"1"}}', NULL, NULL, NULL, NULL, NULL, NULL, NULL, NULL, NULL, NULL, NULL, NULL, NULL, NULL, NULL, NULL, NULL, NULL, NULL, NULL, NULL, NULL, NULL, NULL, NULL, NULL, NULL, NULL, NULL, NULL, NULL, NULL, NULL, NULL, NULL, NULL, NULL, NULL, NULL, NULL, NULL, NULL, NULL, NULL, NULL, NULL, NULL, NULL, NULL, NULL, NULL, NULL, NULL, NULL, NULL, NULL, NULL, NULL),
(1097, 5, 7, '4628903715', '2017-03-29 11:33:03', NULL, 0, 'JESUS CARBALLO BERMUDEZ', '922296656', 'jcarballo@canarisk.es', 1, 0, 0, NULL, '{"ramo_especial":"1","primas":{"45":11.9},"params":{"Duraci\\u00f3n":"Hasta 3 d\\u00edas","Residente":"Espa\\u00f1a","Zona de cobertura":"Espa\\u00f1a","N\\u00famero de asegurados":"1"}}', NULL, NULL, NULL, NULL, NULL, NULL, NULL, NULL, NULL, NULL, NULL, NULL, NULL, NULL, NULL, NULL, NULL, NULL, NULL, NULL, NULL, NULL, NULL, NULL, NULL, NULL, NULL, NULL, NULL, NULL, NULL, NULL, NULL, NULL, NULL, NULL, NULL, NULL, NULL, NULL, NULL, NULL, NULL, NULL, NULL, NULL, NULL, NULL, NULL, NULL, NULL, NULL, NULL, NULL, NULL, NULL, NULL, NULL),
(1098, 1, 6, '4591267380', '2017-03-29 15:43:45', NULL, 0, 'Susana Rodriguez', '665011670', 'susanarp3@hotmail.com', 1, 0, 0, NULL, '{"Producto interesado":"Responsabilidad civil","Tipo de seguro":"Seguro para feriantes"}', NULL, NULL, NULL, NULL, NULL, NULL, NULL, NULL, NULL, NULL, NULL, NULL, NULL, NULL, NULL, NULL, NULL, NULL, NULL, NULL, NULL, NULL, NULL, NULL, NULL, NULL, NULL, NULL, NULL, NULL, NULL, NULL, NULL, NULL, NULL, NULL, NULL, NULL, NULL, NULL, NULL, NULL, NULL, NULL, NULL, NULL, NULL, NULL, NULL, NULL, NULL, NULL, NULL, NULL, NULL, NULL, NULL, NULL),
(1099, 1, 6, '9801376524', '2017-03-29 16:55:43', NULL, 0, 'Raul Angulo', '676983211', 'raulanfal@gmail.com', 1, 0, 0, NULL, '{"Producto interesado":"Responsabilidad civil","Tipo de seguro":"Seguro para feriantes"}', NULL, NULL, NULL, NULL, NULL, NULL, NULL, NULL, NULL, NULL, NULL, NULL, NULL, NULL, NULL, NULL, NULL, NULL, NULL, NULL, NULL, NULL, NULL, NULL, NULL, NULL, NULL, NULL, NULL, NULL, NULL, NULL, NULL, NULL, NULL, NULL, NULL, NULL, NULL, NULL, NULL, NULL, NULL, NULL, NULL, NULL, NULL, NULL, NULL, NULL, NULL, NULL, NULL, NULL, NULL, NULL, NULL, NULL),
(1100, 1, 6, '7908312654', '2017-03-29 17:13:50', NULL, 0, 'Mayka barata garcia', '633632697', 'cafefrances@hotmail.es', 1, 0, 0, NULL, '{"Producto interesado":"Da\\u00f1os a la atracci\\u00f3n","Tipo de seguro":"Seguro para feriantes"}', NULL, NULL, NULL, NULL, NULL, NULL, NULL, NULL, NULL, NULL, NULL, NULL, NULL, NULL, NULL, NULL, NULL, NULL, NULL, NULL, NULL, NULL, NULL, NULL, NULL, NULL, NULL, NULL, NULL, NULL, NULL, NULL, NULL, NULL, NULL, NULL, NULL, NULL, NULL, NULL, NULL, NULL, NULL, NULL, NULL, NULL, NULL, NULL, NULL, NULL, NULL, NULL, NULL, NULL, NULL, NULL, NULL, NULL),
(1101, 1, 6, '5289374016', '2017-03-29 17:26:11', NULL, 0, 'Carlos martinez ', '650670559', 'rosalorena86@gmail.com', 1, 0, 0, NULL, '{"Producto interesado":"Accidentes","Tipo de seguro":"Seguro para feriantes"}', NULL, NULL, NULL, NULL, NULL, NULL, NULL, NULL, NULL, NULL, NULL, NULL, NULL, NULL, NULL, NULL, NULL, NULL, NULL, NULL, NULL, NULL, NULL, NULL, NULL, NULL, NULL, NULL, NULL, NULL, NULL, NULL, NULL, NULL, NULL, NULL, NULL, NULL, NULL, NULL, NULL, NULL, NULL, NULL, NULL, NULL, NULL, NULL, NULL, NULL, NULL, NULL, NULL, NULL, NULL, NULL, NULL, NULL),
(1102, 1, 6, '4650218739', '2017-03-29 20:23:28', NULL, 0, 'Mayka barata garcia', '633632697', 'cafefrances@hotmail.es', 1, 0, 0, NULL, '{"Producto interesado":"Da\\u00f1os a la atracci\\u00f3n","Tipo de seguro":"Seguro para feriantes"}', NULL, NULL, NULL, NULL, NULL, NULL, NULL, NULL, NULL, NULL, NULL, NULL, NULL, NULL, NULL, NULL, NULL, NULL, NULL, NULL, NULL, NULL, NULL, NULL, NULL, NULL, NULL, NULL, NULL, NULL, NULL, NULL, NULL, NULL, NULL, NULL, NULL, NULL, NULL, NULL, NULL, NULL, NULL, NULL, NULL, NULL, NULL, NULL, NULL, NULL, NULL, NULL, NULL, NULL, NULL, NULL, NULL, NULL),
(1103, 1, 6, '8903154276', '2017-03-29 20:44:12', NULL, 0, 'Mayka barata garcia', '633632697', 'cafefrances@hotmail.es', 1, 0, 0, NULL, '{"Producto interesado":"Da\\u00f1os a la atracci\\u00f3n","Tipo de seguro":"Seguro para feriantes"}', NULL, NULL, NULL, NULL, NULL, NULL, NULL, NULL, NULL, NULL, NULL, NULL, NULL, NULL, NULL, NULL, NULL, NULL, NULL, NULL, NULL, NULL, NULL, NULL, NULL, NULL, NULL, NULL, NULL, NULL, NULL, NULL, NULL, NULL, NULL, NULL, NULL, NULL, NULL, NULL, NULL, NULL, NULL, NULL, NULL, NULL, NULL, NULL, NULL, NULL, NULL, NULL, NULL, NULL, NULL, NULL, NULL, NULL),
(1104, 1, 6, '9627804513', '2017-03-29 20:44:37', NULL, 0, 'Mayka barata garcia', '633632697', 'cafefrances@hotmail.es', 1, 0, 0, NULL, '{"Producto interesado":"Da\\u00f1os a la atracci\\u00f3n","Tipo de seguro":"Seguro para feriantes"}', NULL, NULL, NULL, NULL, NULL, NULL, NULL, NULL, NULL, NULL, NULL, NULL, NULL, NULL, NULL, NULL, NULL, NULL, NULL, NULL, NULL, NULL, NULL, NULL, NULL, NULL, NULL, NULL, NULL, NULL, NULL, NULL, NULL, NULL, NULL, NULL, NULL, NULL, NULL, NULL, NULL, NULL, NULL, NULL, NULL, NULL, NULL, NULL, NULL, NULL, NULL, NULL, NULL, NULL, NULL, NULL, NULL, NULL),
(1105, 1, 6, '5721468039', '2017-03-29 20:45:15', NULL, 0, 'Mayka barata garcia', '633632697', 'cafefrances@hotmail.es', 1, 0, 0, NULL, '{"Producto interesado":"Da\\u00f1os a la atracci\\u00f3n","Tipo de seguro":"Seguro para feriantes"}', NULL, NULL, NULL, NULL, NULL, NULL, NULL, NULL, NULL, NULL, NULL, NULL, NULL, NULL, NULL, NULL, NULL, NULL, NULL, NULL, NULL, NULL, NULL, NULL, NULL, NULL, NULL, NULL, NULL, NULL, NULL, NULL, NULL, NULL, NULL, NULL, NULL, NULL, NULL, NULL, NULL, NULL, NULL, NULL, NULL, NULL, NULL, NULL, NULL, NULL, NULL, NULL, NULL, NULL, NULL, NULL, NULL, NULL),
(1106, 1, 6, '2695874310', '2017-03-29 21:10:33', NULL, 0, 'Mayka barata garcia', '633632697', 'cafefrances@hotmail.es', 1, 0, 0, NULL, '{"Producto interesado":"Da\\u00f1os a la atracci\\u00f3n","Tipo de seguro":"Seguro para feriantes"}', NULL, NULL, NULL, NULL, NULL, NULL, NULL, NULL, NULL, NULL, NULL, NULL, NULL, NULL, NULL, NULL, NULL, NULL, NULL, NULL, NULL, NULL, NULL, NULL, NULL, NULL, NULL, NULL, NULL, NULL, NULL, NULL, NULL, NULL, NULL, NULL, NULL, NULL, NULL, NULL, NULL, NULL, NULL, NULL, NULL, NULL, NULL, NULL, NULL, NULL, NULL, NULL, NULL, NULL, NULL, NULL, NULL, NULL),
(1107, 1, 6, '1540382679', '2017-03-29 21:33:10', NULL, 0, 'Mayka barata garcia', '633632697', 'cafefrances@hotmail.es', 1, 0, 0, NULL, '{"Producto interesado":"Da\\u00f1os a la atracci\\u00f3n","Tipo de seguro":"Seguro para feriantes"}', NULL, NULL, NULL, NULL, NULL, NULL, NULL, NULL, NULL, NULL, NULL, NULL, NULL, NULL, NULL, NULL, NULL, NULL, NULL, NULL, NULL, NULL, NULL, NULL, NULL, NULL, NULL, NULL, NULL, NULL, NULL, NULL, NULL, NULL, NULL, NULL, NULL, NULL, NULL, NULL, NULL, NULL, NULL, NULL, NULL, NULL, NULL, NULL, NULL, NULL, NULL, NULL, NULL, NULL, NULL, NULL, NULL, NULL),
(1108, 1, 6, '1683240759', '2017-03-29 21:38:13', NULL, 0, 'mireia ordoñez martin', '645819446', 'enery-yago@hotmail.com', 1, 0, 0, NULL, '{"Producto interesado":"Responsabilidad civil","Tipo de seguro":"Seguro para feriantes"}', NULL, NULL, NULL, NULL, NULL, NULL, NULL, NULL, NULL, NULL, NULL, NULL, NULL, NULL, NULL, NULL, NULL, NULL, NULL, NULL, NULL, NULL, NULL, NULL, NULL, NULL, NULL, NULL, NULL, NULL, NULL, NULL, NULL, NULL, NULL, NULL, NULL, NULL, NULL, NULL, NULL, NULL, NULL, NULL, NULL, NULL, NULL, NULL, NULL, NULL, NULL, NULL, NULL, NULL, NULL, NULL, NULL, NULL),
(1109, 1, 6, '0357826914', '2017-03-29 21:39:27', NULL, 0, 'Mayka barata garcia', '633632697', 'cafefrances@hotmail.es', 1, 0, 0, NULL, '{"Producto interesado":"Da\\u00f1os a la atracci\\u00f3n","Tipo de seguro":"Seguro para feriantes"}', NULL, NULL, NULL, NULL, NULL, NULL, NULL, NULL, NULL, NULL, NULL, NULL, NULL, NULL, NULL, NULL, NULL, NULL, NULL, NULL, NULL, NULL, NULL, NULL, NULL, NULL, NULL, NULL, NULL, NULL, NULL, NULL, NULL, NULL, NULL, NULL, NULL, NULL, NULL, NULL, NULL, NULL, NULL, NULL, NULL, NULL, NULL, NULL, NULL, NULL, NULL, NULL, NULL, NULL, NULL, NULL, NULL, NULL),
(1110, 1, 6, '5412087396', '2017-03-29 21:39:37', NULL, 0, 'Mayka barata garcia', '633632697', 'cafefrances@hotmail.es', 1, 0, 0, NULL, '{"Producto interesado":"Da\\u00f1os a la atracci\\u00f3n","Tipo de seguro":"Seguro para feriantes"}', NULL, NULL, NULL, NULL, NULL, NULL, NULL, NULL, NULL, NULL, NULL, NULL, NULL, NULL, NULL, NULL, NULL, NULL, NULL, NULL, NULL, NULL, NULL, NULL, NULL, NULL, NULL, NULL, NULL, NULL, NULL, NULL, NULL, NULL, NULL, NULL, NULL, NULL, NULL, NULL, NULL, NULL, NULL, NULL, NULL, NULL, NULL, NULL, NULL, NULL, NULL, NULL, NULL, NULL, NULL, NULL, NULL, NULL),
(1111, 1, 6, '7238954160', '2017-03-29 21:39:41', NULL, 0, 'Mayka barata garcia', '633632697', 'cafefrances@hotmail.es', 1, 0, 0, NULL, '{"Producto interesado":"Da\\u00f1os a la atracci\\u00f3n","Tipo de seguro":"Seguro para feriantes"}', NULL, NULL, NULL, NULL, NULL, NULL, NULL, NULL, NULL, NULL, NULL, NULL, NULL, NULL, NULL, NULL, NULL, NULL, NULL, NULL, NULL, NULL, NULL, NULL, NULL, NULL, NULL, NULL, NULL, NULL, NULL, NULL, NULL, NULL, NULL, NULL, NULL, NULL, NULL, NULL, NULL, NULL, NULL, NULL, NULL, NULL, NULL, NULL, NULL, NULL, NULL, NULL, NULL, NULL, NULL, NULL, NULL, NULL),
(1112, 1, 6, '7936084512', '2017-03-29 21:41:15', NULL, 0, 'Mayka barata garcia', '633632697', 'cafefrances@hotmail.es', 1, 0, 0, NULL, '{"Producto interesado":"Da\\u00f1os a la atracci\\u00f3n","Tipo de seguro":"Seguro para feriantes"}', NULL, NULL, NULL, NULL, NULL, NULL, NULL, NULL, NULL, NULL, NULL, NULL, NULL, NULL, NULL, NULL, NULL, NULL, NULL, NULL, NULL, NULL, NULL, NULL, NULL, NULL, NULL, NULL, NULL, NULL, NULL, NULL, NULL, NULL, NULL, NULL, NULL, NULL, NULL, NULL, NULL, NULL, NULL, NULL, NULL, NULL, NULL, NULL, NULL, NULL, NULL, NULL, NULL, NULL, NULL, NULL, NULL, NULL),
(1113, 1, 6, '5190862437', '2017-03-29 21:52:22', NULL, 0, 'Mayka barata garcia', '633632697', 'cafefrances@hotmail.es', 1, 0, 0, NULL, '{"Producto interesado":"Da\\u00f1os a la atracci\\u00f3n","Tipo de seguro":"Seguro para feriantes"}', NULL, NULL, NULL, NULL, NULL, NULL, NULL, NULL, NULL, NULL, NULL, NULL, NULL, NULL, NULL, NULL, NULL, NULL, NULL, NULL, NULL, NULL, NULL, NULL, NULL, NULL, NULL, NULL, NULL, NULL, NULL, NULL, NULL, NULL, NULL, NULL, NULL, NULL, NULL, NULL, NULL, NULL, NULL, NULL, NULL, NULL, NULL, NULL, NULL, NULL, NULL, NULL, NULL, NULL, NULL, NULL, NULL, NULL),
(1114, 1, 6, '3708429615', '2017-03-29 21:52:32', NULL, 0, 'Mayka barata garcia', '633632697', 'cafefrances@hotmail.es', 1, 0, 0, NULL, '{"Producto interesado":"Da\\u00f1os a la atracci\\u00f3n","Tipo de seguro":"Seguro para feriantes"}', NULL, NULL, NULL, NULL, NULL, NULL, NULL, NULL, NULL, NULL, NULL, NULL, NULL, NULL, NULL, NULL, NULL, NULL, NULL, NULL, NULL, NULL, NULL, NULL, NULL, NULL, NULL, NULL, NULL, NULL, NULL, NULL, NULL, NULL, NULL, NULL, NULL, NULL, NULL, NULL, NULL, NULL, NULL, NULL, NULL, NULL, NULL, NULL, NULL, NULL, NULL, NULL, NULL, NULL, NULL, NULL, NULL, NULL),
(1115, 5, 2, '5470819623', '2017-03-30 08:48:46', NULL, 0, 'ALBERTO AVILA', '660960214', 'alberto.avilagarcia@gmail.com', 1, 0, 0, NULL, '{"3":{"id_cm":"2","prima_cm":67.77,"id_re":"3","prima_re":88.45},"35":{"id_cm":"48","prima_cm":63.61,"id_re":"49","prima_re":98.43},"36":{"id_cm":"37","prima_cm":47,"id_re":"50","prima_re":79},"37":{"id_cm":"51","prima_cm":32,"id_re":"50","prima_re":79},"41":{"id_cm":"36","prima_cm":55.7,"id_re":"58","prima_re":83.39},"42":{"id_cm":"59","prima_cm":34.21,"id_re":"60","prima_re":60.372},"43":{"id_cm":"39","prima_cm":46.332,"id_re":"60","prima_re":60.372},"46":{"id_cm":"64","prima_cm":39.61,"id_re":"65","prima_re":115.66},"47":{"id_cm":"66","prima_cm":47.5,"id_re":"67","prima_re":132.98}}', NULL, 1, NULL, NULL, 42, 4, NULL, NULL, NULL, NULL, NULL, NULL, NULL, NULL, NULL, NULL, 37, NULL, NULL, NULL, NULL, NULL, NULL, NULL, NULL, NULL, NULL, NULL, NULL, NULL, NULL, NULL, NULL, NULL, NULL, NULL, NULL, NULL, NULL, NULL, NULL, NULL, NULL, NULL, NULL, NULL, NULL, NULL, NULL, NULL, NULL, NULL, NULL, NULL, NULL, NULL, NULL, NULL),
(1116, 1, 5, '4578031926', '2017-03-30 09:39:08', NULL, 0, 'JESUS BRAVO', '961255555', 'jbravo@redess.es', 1, 0, 0, NULL, '{"2":{"id":"16","prima":129.6}}', NULL, NULL, NULL, NULL, NULL, NULL, NULL, NULL, NULL, NULL, NULL, NULL, NULL, NULL, NULL, NULL, NULL, NULL, NULL, NULL, NULL, NULL, NULL, NULL, NULL, NULL, NULL, NULL, NULL, NULL, NULL, NULL, NULL, NULL, NULL, NULL, NULL, NULL, NULL, NULL, NULL, NULL, NULL, NULL, NULL, NULL, NULL, NULL, NULL, NULL, NULL, NULL, NULL, NULL, NULL, NULL, NULL, 300),
(1117, 1, 5, '3492871506', '2017-03-30 09:52:12', NULL, 0, 'jesus bravo', '961255555', 'jbravo@redess.es', 1, 0, 0, NULL, '{"2":{"id":"16","prima":129.6}}', NULL, NULL, NULL, NULL, NULL, NULL, NULL, NULL, NULL, NULL, NULL, NULL, NULL, NULL, NULL, NULL, NULL, NULL, NULL, NULL, NULL, NULL, NULL, NULL, NULL, NULL, NULL, NULL, NULL, NULL, NULL, NULL, NULL, NULL, NULL, NULL, NULL, NULL, NULL, NULL, NULL, NULL, NULL, NULL, NULL, NULL, NULL, NULL, NULL, NULL, NULL, NULL, NULL, NULL, NULL, NULL, NULL, 300),
(1118, 1, 5, '5197840326', '2017-03-30 16:15:29', NULL, 0, 'Dolores Muñoz', '655021945', 'dolores.munoz@lema-asesores.com', 1, 0, 0, NULL, '{"2":{"id":"16","prima":237.6}}', NULL, NULL, NULL, NULL, NULL, NULL, NULL, NULL, NULL, NULL, NULL, NULL, NULL, NULL, NULL, NULL, NULL, NULL, NULL, NULL, NULL, NULL, NULL, NULL, NULL, NULL, NULL, NULL, NULL, NULL, NULL, NULL, NULL, NULL, NULL, NULL, NULL, NULL, NULL, NULL, NULL, NULL, NULL, NULL, NULL, NULL, NULL, NULL, NULL, NULL, NULL, NULL, NULL, NULL, NULL, NULL, NULL, 550),
(1119, 5, 7, '0235718649', '2017-03-31 07:38:40', NULL, 0, 'PRUEBA', '922296656', 'produccion@canarisk.es', 1, 0, 0, NULL, '{"ramo_especial":"1","primas":{"45":11.9},"params":{"Duraci\\u00f3n":"Hasta 3 d\\u00edas","Residente":"Espa\\u00f1a","Zona de cobertura":"Espa\\u00f1a","N\\u00famero de asegurados":"2"}}', NULL, NULL, NULL, NULL, NULL, NULL, NULL, NULL, NULL, NULL, NULL, NULL, NULL, NULL, NULL, NULL, NULL, NULL, NULL, NULL, NULL, NULL, NULL, NULL, NULL, NULL, NULL, NULL, NULL, NULL, NULL, NULL, NULL, NULL, NULL, NULL, NULL, NULL, NULL, NULL, NULL, NULL, NULL, NULL, NULL, NULL, NULL, NULL, NULL, NULL, NULL, NULL, NULL, NULL, NULL, NULL, NULL, NULL),
(1120, 5, 7, '4796138250', '2017-03-31 08:49:13', NULL, 0, 'PRUEBA', '922296656', 'produccion@canarisk.es', 1, 0, 0, NULL, '{"ramo_especial":"1","primas":{"45":11.9},"params":{"Duraci\\u00f3n":"Hasta 3 d\\u00edas","Residente":"Espa\\u00f1a","Zona de cobertura":"Espa\\u00f1a","N\\u00famero de asegurados":"2"}}', NULL, NULL, NULL, NULL, NULL, NULL, NULL, NULL, NULL, NULL, NULL, NULL, NULL, NULL, NULL, NULL, NULL, NULL, NULL, NULL, NULL, NULL, NULL, NULL, NULL, NULL, NULL, NULL, NULL, NULL, NULL, NULL, NULL, NULL, NULL, NULL, NULL, NULL, NULL, NULL, NULL, NULL, NULL, NULL, NULL, NULL, NULL, NULL, NULL, NULL, NULL, NULL, NULL, NULL, NULL, NULL, NULL, NULL),
(1121, 5, 7, '9514860327', '2017-03-31 08:50:12', NULL, 0, 'prueba', '555666777', 'emilio@redess.es', 1, 0, 0, NULL, '{"ramo_especial":"1","primas":{"45":11.9},"params":{"Duraci\\u00f3n":"Hasta 3 d\\u00edas","Residente":"Espa\\u00f1a","Zona de cobertura":"Espa\\u00f1a","N\\u00famero de asegurados":"1"}}', NULL, NULL, NULL, NULL, NULL, NULL, NULL, NULL, NULL, NULL, NULL, NULL, NULL, NULL, NULL, NULL, NULL, NULL, NULL, NULL, NULL, NULL, NULL, NULL, NULL, NULL, NULL, NULL, NULL, NULL, NULL, NULL, NULL, NULL, NULL, NULL, NULL, NULL, NULL, NULL, NULL, NULL, NULL, NULL, NULL, NULL, NULL, NULL, NULL, NULL, NULL, NULL, NULL, NULL, NULL, NULL, NULL, NULL),
(1122, 5, 7, '6285790314', '2017-03-31 08:59:07', NULL, 0, 'PRUEBA', '922296656', 'produccion@canarisk.es', 1, 0, 0, NULL, '{"ramo_especial":"1","primas":{"45":11.9},"params":{"Duraci\\u00f3n":"Hasta 3 d\\u00edas","Residente":"Espa\\u00f1a","Zona de cobertura":"Espa\\u00f1a","N\\u00famero de asegurados":"1"}}', NULL, NULL, NULL, NULL, NULL, NULL, NULL, NULL, NULL, NULL, NULL, NULL, NULL, NULL, NULL, NULL, NULL, NULL, NULL, NULL, NULL, NULL, NULL, NULL, NULL, NULL, NULL, NULL, NULL, NULL, NULL, NULL, NULL, NULL, NULL, NULL, NULL, NULL, NULL, NULL, NULL, NULL, NULL, NULL, NULL, NULL, NULL, NULL, NULL, NULL, NULL, NULL, NULL, NULL, NULL, NULL, NULL, NULL),
(1123, 5, 7, '3568072941', '2017-03-31 09:03:16', NULL, 0, 'Juan Delgado', '922296656', 'produccion@canarisk.es', 1, 0, 0, NULL, '{"ramo_especial":"1","primas":{"45":11.9},"params":{"Duraci\\u00f3n":"Hasta 3 d\\u00edas","Residente":"Espa\\u00f1a","Zona de cobertura":"Espa\\u00f1a","N\\u00famero de asegurados":"1"}}', NULL, NULL, NULL, NULL, NULL, NULL, NULL, NULL, NULL, NULL, NULL, NULL, NULL, NULL, NULL, NULL, NULL, NULL, NULL, NULL, NULL, NULL, NULL, NULL, NULL, NULL, NULL, NULL, NULL, NULL, NULL, NULL, NULL, NULL, NULL, NULL, NULL, NULL, NULL, NULL, NULL, NULL, NULL, NULL, NULL, NULL, NULL, NULL, NULL, NULL, NULL, NULL, NULL, NULL, NULL, NULL, NULL, NULL),
(1124, 5, 7, '9642035187', '2017-03-31 09:28:37', NULL, 0, 'prueba', '666555444', 'emilio@redess.es', 1, 0, 0, NULL, '{"ramo_especial":"1","primas":{"45":48.69},"params":{"Duraci\\u00f3n":"Hasta 8 d\\u00edas","Residente":"Espa\\u00f1a","Zona de cobertura":"Espa\\u00f1a","N\\u00famero de asegurados":"3"}}', NULL, NULL, NULL, NULL, NULL, NULL, NULL, NULL, NULL, NULL, NULL, NULL, NULL, NULL, NULL, NULL, NULL, NULL, NULL, NULL, NULL, NULL, NULL, NULL, NULL, NULL, NULL, NULL, NULL, NULL, NULL, NULL, NULL, NULL, NULL, NULL, NULL, NULL, NULL, NULL, NULL, NULL, NULL, NULL, NULL, NULL, NULL, NULL, NULL, NULL, NULL, NULL, NULL, NULL, NULL, NULL, NULL, NULL),
(1125, 5, 7, '7103586492', '2017-03-31 09:38:36', NULL, 0, 'prueba1', '666555444', 'emilio@redess.es', 1, 0, 0, NULL, '{"ramo_especial":"1","primas":{"45":11.9},"params":{"Duraci\\u00f3n":"Hasta 3 d\\u00edas","Residente":"Espa\\u00f1a","Zona de cobertura":"Espa\\u00f1a","N\\u00famero de asegurados":"1"}}', NULL, NULL, NULL, NULL, NULL, NULL, NULL, NULL, NULL, NULL, NULL, NULL, NULL, NULL, NULL, NULL, NULL, NULL, NULL, NULL, NULL, NULL, NULL, NULL, NULL, NULL, NULL, NULL, NULL, NULL, NULL, NULL, NULL, NULL, NULL, NULL, NULL, NULL, NULL, NULL, NULL, NULL, NULL, NULL, NULL, NULL, NULL, NULL, NULL, NULL, NULL, NULL, NULL, NULL, NULL, NULL, NULL, NULL),
(1126, 5, 7, '9726513480', '2017-03-31 11:53:34', NULL, 0, 'PRUEBA', '922296656', 'produccion@canarisk.es', 1, 0, 0, NULL, '{"ramo_especial":"1","primas":{"45":11.9},"params":{"Duraci\\u00f3n":"Hasta 3 d\\u00edas","Residente":"Espa\\u00f1a","Zona de cobertura":"Espa\\u00f1a","N\\u00famero de asegurados":"1"}}', NULL, NULL, NULL, NULL, NULL, NULL, NULL, NULL, NULL, NULL, NULL, NULL, NULL, NULL, NULL, NULL, NULL, NULL, NULL, NULL, NULL, NULL, NULL, NULL, NULL, NULL, NULL, NULL, NULL, NULL, NULL, NULL, NULL, NULL, NULL, NULL, NULL, NULL, NULL, NULL, NULL, NULL, NULL, NULL, NULL, NULL, NULL, NULL, NULL, NULL, NULL, NULL, NULL, NULL, NULL, NULL, NULL, NULL),
(1127, 5, 7, '5906123487', '2017-03-31 11:56:55', NULL, 0, 'prueba', '666555444', 'emilio@redess.es', 1, 0, 0, NULL, '{"ramo_especial":"1","primas":{"45":16.23},"params":{"Duraci\\u00f3n":"Hasta 8 d\\u00edas","Residente":"Espa\\u00f1a","Zona de cobertura":"Espa\\u00f1a","N\\u00famero de asegurados":"1"}}', NULL, NULL, NULL, NULL, NULL, NULL, NULL, NULL, NULL, NULL, NULL, NULL, NULL, NULL, NULL, NULL, NULL, NULL, NULL, NULL, NULL, NULL, NULL, NULL, NULL, NULL, NULL, NULL, NULL, NULL, NULL, NULL, NULL, NULL, NULL, NULL, NULL, NULL, NULL, NULL, NULL, NULL, NULL, NULL, NULL, NULL, NULL, NULL, NULL, NULL, NULL, NULL, NULL, NULL, NULL, NULL, NULL, NULL),
(1128, 5, 2, '1650489237', '2017-04-02 18:40:54', NULL, 0, 'aaaaaaaaaa aaaaaaaaaaaa', '982000000', 'auahuahuahua@yahoo.com', 1, 0, 0, NULL, '{"3":{"id_cm":"2","prima_cm":64.28,"id_re":"3","prima_re":78.46},"35":{"id_cm":"48","prima_cm":63.61,"id_re":"49","prima_re":98.43},"36":{"id_cm":"37","prima_cm":47,"id_re":"50","prima_re":79},"37":{"id_cm":"51","prima_cm":32,"id_re":"50","prima_re":79},"41":{"id_cm":"36","prima_cm":55.7,"id_re":"58","prima_re":70.6},"42":{"id_cm":"59","prima_cm":32.42,"id_re":"60","prima_re":56.052},"43":{"id_cm":"39","prima_cm":42.012,"id_re":"60","prima_re":56.052},"46":{"id_cm":"64","prima_cm":38.46,"id_re":"65","prima_re":102.85},"47":{"id_cm":"66","prima_cm":47.5,"id_re":"67","prima_re":114.95}}', NULL, 1, NULL, NULL, 42, 4, NULL, NULL, NULL, NULL, NULL, NULL, NULL, NULL, NULL, NULL, 29, NULL, NULL, NULL, NULL, NULL, NULL, NULL, NULL, NULL, NULL, NULL, NULL, NULL, NULL, NULL, NULL, NULL, NULL, NULL, NULL, NULL, NULL, NULL, NULL, NULL, NULL, NULL, NULL, NULL, NULL, NULL, NULL, NULL, NULL, NULL, NULL, NULL, NULL, NULL, NULL, NULL),
(1129, 5, 7, '6497380152', '2017-04-03 08:37:46', NULL, 0, 'p1', '666555444', 'emilio@redess.es', 1, 0, 0, NULL, '{"ramo_especial":"1","primas":{"45":31.85},"params":{"Duraci\\u00f3n":"Hasta 8 d\\u00edas","Residente":"Espa\\u00f1a","Zona de cobertura":"Europa","N\\u00famero de asegurados":"1"}}', NULL, NULL, NULL, NULL, NULL, NULL, NULL, NULL, NULL, NULL, NULL, NULL, NULL, NULL, NULL, NULL, NULL, NULL, NULL, NULL, NULL, NULL, NULL, NULL, NULL, NULL, NULL, NULL, NULL, NULL, NULL, NULL, NULL, NULL, NULL, NULL, NULL, NULL, NULL, NULL, NULL, NULL, NULL, NULL, NULL, NULL, NULL, NULL, NULL, NULL, NULL, NULL, NULL, NULL, NULL, NULL, NULL, NULL),
(1130, 5, 7, '1083267954', '2017-04-03 08:39:16', NULL, 0, 'p2', '666555444', 'emilio@redess.es', 1, 0, 0, NULL, '{"ramo_especial":"1","primas":{"45":18.64},"params":{"Duraci\\u00f3n":"Hasta 13 d\\u00edas","Residente":"Europa","Zona de cobertura":"Espa\\u00f1a","N\\u00famero de asegurados":"1"}}', NULL, NULL, NULL, NULL, NULL, NULL, NULL, NULL, NULL, NULL, NULL, NULL, NULL, NULL, NULL, NULL, NULL, NULL, NULL, NULL, NULL, NULL, NULL, NULL, NULL, NULL, NULL, NULL, NULL, NULL, NULL, NULL, NULL, NULL, NULL, NULL, NULL, NULL, NULL, NULL, NULL, NULL, NULL, NULL, NULL, NULL, NULL, NULL, NULL, NULL, NULL, NULL, NULL, NULL, NULL, NULL, NULL, NULL),
(1131, 5, 7, '6507193842', '2017-04-03 08:41:55', NULL, 0, 'p3', '666555444', 'emilio@redess.es', 1, 0, 0, NULL, '{"ramo_especial":"1","primas":{"45":133.44},"params":{"Duraci\\u00f3n":"Hasta 13 d\\u00edas","Residente":"Mundo","Zona de cobertura":"Espa\\u00f1a","N\\u00famero de asegurados":"1"}}', NULL, NULL, NULL, NULL, NULL, NULL, NULL, NULL, NULL, NULL, NULL, NULL, NULL, NULL, NULL, NULL, NULL, NULL, NULL, NULL, NULL, NULL, NULL, NULL, NULL, NULL, NULL, NULL, NULL, NULL, NULL, NULL, NULL, NULL, NULL, NULL, NULL, NULL, NULL, NULL, NULL, NULL, NULL, NULL, NULL, NULL, NULL, NULL, NULL, NULL, NULL, NULL, NULL, NULL, NULL, NULL, NULL, NULL),
(1132, 5, 7, '2076459318', '2017-04-03 08:42:52', NULL, 0, 'p3', '666555444', 'emilio@redess.es', 1, 0, 0, NULL, '{"ramo_especial":"1","primas":{"45":72.24},"params":{"Duraci\\u00f3n":"Hasta 13 d\\u00edas","Residente":"Europa","Zona de cobertura":"Espa\\u00f1a","N\\u00famero de asegurados":"2"}}', NULL, NULL, NULL, NULL, NULL, NULL, NULL, NULL, NULL, NULL, NULL, NULL, NULL, NULL, NULL, NULL, NULL, NULL, NULL, NULL, NULL, NULL, NULL, NULL, NULL, NULL, NULL, NULL, NULL, NULL, NULL, NULL, NULL, NULL, NULL, NULL, NULL, NULL, NULL, NULL, NULL, NULL, NULL, NULL, NULL, NULL, NULL, NULL, NULL, NULL, NULL, NULL, NULL, NULL, NULL, NULL, NULL, NULL),
(1133, 5, 2, '4965183072', '2017-04-05 08:15:53', NULL, 0, 'Jonathan Marañon Vera', '601294813', 'jonathan.maranon@hotmail.es', 1, 0, 0, NULL, '{"3":{"id_cm":"2","prima_cm":131.72,"id_re":"3","prima_re":167.25},"35":{"id_cm":"48","prima_cm":127.22,"id_re":"49","prima_re":196.86},"36":{"id_cm":"37","prima_cm":94,"id_re":"50","prima_re":158},"37":{"id_cm":"51","prima_cm":64,"id_re":"50","prima_re":158},"41":{"id_cm":"36","prima_cm":111.4,"id_re":"58","prima_re":141.2},"42":{"id_cm":"59","prima_cm":67.42,"id_re":"60","prima_re":107.8},"43":{"id_cm":"39","prima_cm":81.8,"id_re":"60","prima_re":107.8},"46":{"id_cm":"64","prima_cm":79.71,"id_re":"65","prima_re":217.73},"47":{"id_cm":"66","prima_cm":95,"id_re":"67","prima_re":245.15}}', NULL, 2, NULL, NULL, 38, 4, NULL, NULL, NULL, NULL, NULL, NULL, NULL, NULL, NULL, NULL, 33, 32, NULL, NULL, NULL, NULL, NULL, NULL, NULL, NULL, NULL, NULL, NULL, NULL, NULL, NULL, NULL, NULL, NULL, NULL, NULL, NULL, NULL, NULL, NULL, NULL, NULL, NULL, NULL, NULL, NULL, NULL, NULL, NULL, NULL, NULL, NULL, NULL, NULL, NULL, NULL, NULL),
(1134, 5, 6, '2937480156', '2017-04-06 09:20:27', NULL, 0, 'prueba1', '666777888', 'emilio@redess.es', 1, 0, 0, NULL, '{"empresa y actividad":"redess - programador","Tipo de seguro":"Seguro de RC"}', NULL, NULL, NULL, NULL, NULL, NULL, NULL, NULL, NULL, NULL, NULL, NULL, NULL, NULL, NULL, NULL, NULL, NULL, NULL, NULL, NULL, NULL, NULL, NULL, NULL, NULL, NULL, NULL, NULL, NULL, NULL, NULL, NULL, NULL, NULL, NULL, NULL, NULL, NULL, NULL, NULL, NULL, NULL, NULL, NULL, NULL, NULL, NULL, NULL, NULL, NULL, NULL, NULL, NULL, NULL, NULL, NULL, NULL),
(1135, 5, 6, '6713948052', '2017-04-06 09:21:46', NULL, 0, 'prueba1', '666777888', 'emilio@redess.es', 1, 0, 0, NULL, '{"empresa y actividad":"redess - programador - aaaaaaaaaaaaaaaaaabbbbbbbbbbbbb ccccccccc ddddddddddddd eeeeeeeeeeee ffffffffff ","Tipo de seguro":"Seguro de RC"}', NULL, NULL, NULL, NULL, NULL, NULL, NULL, NULL, NULL, NULL, NULL, NULL, NULL, NULL, NULL, NULL, NULL, NULL, NULL, NULL, NULL, NULL, NULL, NULL, NULL, NULL, NULL, NULL, NULL, NULL, NULL, NULL, NULL, NULL, NULL, NULL, NULL, NULL, NULL, NULL, NULL, NULL, NULL, NULL, NULL, NULL, NULL, NULL, NULL, NULL, NULL, NULL, NULL, NULL, NULL, NULL, NULL, NULL),
(1136, 5, 6, '2501634798', '2017-04-06 09:25:21', NULL, 0, 'p2', '666777555', 'emilio@redess.es', 1, 0, 0, NULL, '{"empresa y actividad":"redess - programador","Tipo de seguro":"Seguro de RC"}', NULL, NULL, NULL, NULL, NULL, NULL, NULL, NULL, NULL, NULL, NULL, NULL, NULL, NULL, NULL, NULL, NULL, NULL, NULL, NULL, NULL, NULL, NULL, NULL, NULL, NULL, NULL, NULL, NULL, NULL, NULL, NULL, NULL, NULL, NULL, NULL, NULL, NULL, NULL, NULL, NULL, NULL, NULL, NULL, NULL, NULL, NULL, NULL, NULL, NULL, NULL, NULL, NULL, NULL, NULL, NULL, NULL, NULL),
(1137, 5, 6, '3462851079', '2017-04-06 09:27:32', NULL, 0, 'p2', '666777555', 'emilio@redess.es', 1, 0, 0, NULL, '{"empresa y actividad":"redess - programador","Tipo de seguro":"Seguro de RC"}', NULL, NULL, NULL, NULL, NULL, NULL, NULL, NULL, NULL, NULL, NULL, NULL, NULL, NULL, NULL, NULL, NULL, NULL, NULL, NULL, NULL, NULL, NULL, NULL, NULL, NULL, NULL, NULL, NULL, NULL, NULL, NULL, NULL, NULL, NULL, NULL, NULL, NULL, NULL, NULL, NULL, NULL, NULL, NULL, NULL, NULL, NULL, NULL, NULL, NULL, NULL, NULL, NULL, NULL, NULL, NULL, NULL, NULL),
(1138, 5, 6, '6780351249', '2017-04-06 09:32:29', NULL, 0, 'p2', '666777555', 'emilio@redess.es', 1, 0, 0, NULL, '{"empresa y actividad":"redess - programador","Tipo de seguro":"Seguro de RC"}', NULL, NULL, NULL, NULL, NULL, NULL, NULL, NULL, NULL, NULL, NULL, NULL, NULL, NULL, NULL, NULL, NULL, NULL, NULL, NULL, NULL, NULL, NULL, NULL, NULL, NULL, NULL, NULL, NULL, NULL, NULL, NULL, NULL, NULL, NULL, NULL, NULL, NULL, NULL, NULL, NULL, NULL, NULL, NULL, NULL, NULL, NULL, NULL, NULL, NULL, NULL, NULL, NULL, NULL, NULL, NULL, NULL, NULL),
(1139, 5, 6, '9315284706', '2017-04-06 09:33:38', NULL, 0, 'p2', '666777555', 'emilio@redess.es', 1, 0, 0, NULL, '{"empresa y actividad":"redess - programador","Tipo de seguro":"Seguro de RC"}', NULL, NULL, NULL, NULL, NULL, NULL, NULL, NULL, NULL, NULL, NULL, NULL, NULL, NULL, NULL, NULL, NULL, NULL, NULL, NULL, NULL, NULL, NULL, NULL, NULL, NULL, NULL, NULL, NULL, NULL, NULL, NULL, NULL, NULL, NULL, NULL, NULL, NULL, NULL, NULL, NULL, NULL, NULL, NULL, NULL, NULL, NULL, NULL, NULL, NULL, NULL, NULL, NULL, NULL, NULL, NULL, NULL, NULL),
(1140, 5, 6, '5710482639', '2017-04-06 09:34:23', NULL, 0, 'prueba4', '666777888', 'emilio@redess.es', 1, 0, 0, NULL, '{"Tipo de seguro":"Seguro de accidentes"}', NULL, NULL, NULL, NULL, NULL, NULL, NULL, NULL, NULL, NULL, NULL, NULL, NULL, NULL, NULL, NULL, NULL, NULL, NULL, NULL, NULL, NULL, NULL, NULL, NULL, NULL, NULL, NULL, NULL, NULL, NULL, NULL, NULL, NULL, NULL, NULL, NULL, NULL, NULL, NULL, NULL, NULL, NULL, NULL, NULL, NULL, NULL, NULL, NULL, NULL, NULL, NULL, NULL, NULL, NULL, NULL, NULL, NULL),
(1141, 5, 6, '0895314267', '2017-04-06 09:54:20', NULL, 0, 'prueba accidentes', '666777888', 'emilio@redess.es', 1, 0, 0, NULL, '{"empresa y actividad":"redess - programador web","Tipo de seguro":"Seguro de accidentes"}', NULL, NULL, NULL, NULL, NULL, NULL, NULL, NULL, NULL, NULL, NULL, NULL, NULL, NULL, NULL, NULL, NULL, NULL, NULL, NULL, NULL, NULL, NULL, NULL, NULL, NULL, NULL, NULL, NULL, NULL, NULL, NULL, NULL, NULL, NULL, NULL, NULL, NULL, NULL, NULL, NULL, NULL, NULL, NULL, NULL, NULL, NULL, NULL, NULL, NULL, NULL, NULL, NULL, NULL, NULL, NULL, NULL, NULL),
(1142, 1, 5, '4189063572', '2017-04-07 09:09:31', NULL, 0, 'prueba1', '666555444', 'emilio@redess.es', 1, 0, 0, NULL, '{"2":{"id":"16","prima":151.2}}', NULL, NULL, NULL, NULL, NULL, NULL, NULL, NULL, NULL, NULL, NULL, NULL, NULL, NULL, NULL, NULL, NULL, NULL, NULL, NULL, NULL, NULL, NULL, NULL, NULL, NULL, NULL, NULL, NULL, NULL, NULL, NULL, NULL, NULL, NULL, NULL, NULL, NULL, NULL, NULL, NULL, NULL, NULL, NULL, NULL, NULL, NULL, NULL, NULL, NULL, NULL, NULL, NULL, NULL, NULL, NULL, NULL, 350),
(1143, 5, 2, '9687350214', '2017-04-09 21:11:26', NULL, 0, 'Rosario Domínguez Hernández ', '637228065', 'rosy16_dh@hotmail.com', 1, 0, 0, NULL, '{"3":{"id_cm":"2","prima_cm":128,"id_re":"3","prima_re":155.17},"35":{"id_cm":"48","prima_cm":127.22,"id_re":"49","prima_re":196.86},"36":{"id_cm":"37","prima_cm":94,"id_re":"50","prima_re":158},"37":{"id_cm":"51","prima_cm":64,"id_re":"50","prima_re":158},"41":{"id_cm":"36","prima_cm":111.4,"id_re":"58","prima_re":141.2},"42":{"id_cm":"59","prima_cm":63.59,"id_re":"60","prima_re":103.8},"43":{"id_cm":"39","prima_cm":77.8,"id_re":"60","prima_re":103.8},"46":{"id_cm":"64","prima_cm":76.17,"id_re":"65","prima_re":203.85},"47":{"id_cm":"66","prima_cm":95,"id_re":"67","prima_re":228.56}}', NULL, 2, NULL, NULL, 42, 4, NULL, NULL, NULL, NULL, NULL, NULL, NULL, NULL, NULL, NULL, 28, 29, NULL, NULL, NULL, NULL, NULL, NULL, NULL, NULL, NULL, NULL, NULL, NULL, NULL, NULL, NULL, NULL, NULL, NULL, NULL, NULL, NULL, NULL, NULL, NULL, NULL, NULL, NULL, NULL, NULL, NULL, NULL, NULL, NULL, NULL, NULL, NULL, NULL, NULL, NULL, NULL),
(1144, 5, 2, '0814256973', '2017-04-09 21:11:29', NULL, 0, 'Rosario Domínguez Hernández ', '637228065', 'rosy16_dh@hotmail.com', 1, 0, 0, NULL, '{"3":{"id_cm":"2","prima_cm":128,"id_re":"3","prima_re":155.17},"35":{"id_cm":"48","prima_cm":127.22,"id_re":"49","prima_re":196.86},"36":{"id_cm":"37","prima_cm":94,"id_re":"50","prima_re":158},"37":{"id_cm":"51","prima_cm":64,"id_re":"50","prima_re":158},"41":{"id_cm":"36","prima_cm":111.4,"id_re":"58","prima_re":141.2},"42":{"id_cm":"59","prima_cm":63.59,"id_re":"60","prima_re":103.8},"43":{"id_cm":"39","prima_cm":77.8,"id_re":"60","prima_re":103.8},"46":{"id_cm":"64","prima_cm":76.17,"id_re":"65","prima_re":203.85},"47":{"id_cm":"66","prima_cm":95,"id_re":"67","prima_re":228.56}}', NULL, 2, NULL, NULL, 42, 4, NULL, NULL, NULL, NULL, NULL, NULL, NULL, NULL, NULL, NULL, 28, 29, NULL, NULL, NULL, NULL, NULL, NULL, NULL, NULL, NULL, NULL, NULL, NULL, NULL, NULL, NULL, NULL, NULL, NULL, NULL, NULL, NULL, NULL, NULL, NULL, NULL, NULL, NULL, NULL, NULL, NULL, NULL, NULL, NULL, NULL, NULL, NULL, NULL, NULL, NULL, NULL),
(1145, 1, 5, '0731845269', '2017-04-10 08:14:26', NULL, 0, 'prueba1', '666555444', 'emilio@redess.es', 1, 0, 0, NULL, '{"2":{"id":"16","prima":151.2}}', NULL, NULL, NULL, NULL, NULL, NULL, NULL, NULL, NULL, NULL, NULL, NULL, NULL, NULL, NULL, NULL, NULL, NULL, NULL, NULL, NULL, NULL, NULL, NULL, NULL, NULL, NULL, NULL, NULL, NULL, NULL, NULL, NULL, NULL, NULL, NULL, NULL, NULL, NULL, NULL, NULL, NULL, NULL, NULL, NULL, NULL, NULL, NULL, NULL, NULL, NULL, NULL, NULL, NULL, NULL, NULL, NULL, 350),
(1146, 1, 5, '3104986257', '2017-04-10 08:23:41', NULL, 0, 'prueba1', '666555444', 'emilio@redess.es', 1, 0, 0, NULL, '{"2":{"id":"16","prima":151.2}}', NULL, NULL, NULL, NULL, NULL, NULL, NULL, NULL, NULL, NULL, NULL, NULL, NULL, NULL, NULL, NULL, NULL, NULL, NULL, NULL, NULL, NULL, NULL, NULL, NULL, NULL, NULL, NULL, NULL, NULL, NULL, NULL, NULL, NULL, NULL, NULL, NULL, NULL, NULL, NULL, NULL, NULL, NULL, NULL, NULL, NULL, NULL, NULL, NULL, NULL, NULL, NULL, NULL, NULL, NULL, NULL, NULL, 350),
(1148, 1, 5, '7526408931', '2017-04-10 08:37:43', NULL, 0, 'prueba1', '666555444', 'emilio@redess.es', 1, 0, 0, NULL, '{"2":{"id":"16","prima":151.2}}', NULL, NULL, NULL, NULL, NULL, NULL, NULL, NULL, NULL, NULL, NULL, NULL, NULL, NULL, NULL, NULL, NULL, NULL, NULL, NULL, NULL, NULL, NULL, NULL, NULL, NULL, NULL, NULL, NULL, NULL, NULL, NULL, NULL, NULL, NULL, NULL, NULL, NULL, NULL, NULL, NULL, NULL, NULL, NULL, NULL, NULL, NULL, NULL, NULL, NULL, NULL, NULL, NULL, NULL, NULL, NULL, NULL, 350),
(1149, 1, 5, '1057864239', '2017-04-10 08:57:16', NULL, 0, 'prueba1', '666555444', 'emilio@redess.es', 1, 0, 0, NULL, '{"Tipo local":"prueba","2":{"id":"16","prima":151.2}}', NULL, NULL, NULL, NULL, NULL, NULL, NULL, NULL, NULL, NULL, NULL, NULL, NULL, NULL, NULL, NULL, NULL, NULL, NULL, NULL, NULL, NULL, NULL, NULL, NULL, NULL, NULL, NULL, NULL, NULL, NULL, NULL, NULL, NULL, NULL, NULL, NULL, NULL, NULL, NULL, NULL, NULL, NULL, NULL, NULL, NULL, NULL, NULL, NULL, NULL, NULL, NULL, NULL, NULL, NULL, NULL, NULL, 350),
(1150, 1, 5, '0681932475', '2017-04-10 08:58:06', NULL, 0, 'prueba1', '666555444', 'emilio@redess.es', 1, 0, 0, NULL, '{"Tipo local":"No especificado","2":{"id":"16","prima":151.2}}', NULL, NULL, NULL, NULL, NULL, NULL, NULL, NULL, NULL, NULL, NULL, NULL, NULL, NULL, NULL, NULL, NULL, NULL, NULL, NULL, NULL, NULL, NULL, NULL, NULL, NULL, NULL, NULL, NULL, NULL, NULL, NULL, NULL, NULL, NULL, NULL, NULL, NULL, NULL, NULL, NULL, NULL, NULL, NULL, NULL, NULL, NULL, NULL, NULL, NULL, NULL, NULL, NULL, NULL, NULL, NULL, NULL, 350),
(1151, 1, 5, '5241836097', '2017-04-10 09:01:44', NULL, 0, 'prueba1', '666555444', 'emilio@redess.es', 1, 0, 0, NULL, '{"primas":{"2":{"id":"16","prima":151.2}},"Tipo local":"No especificado"}', NULL, NULL, NULL, NULL, NULL, NULL, NULL, NULL, NULL, NULL, NULL, NULL, NULL, NULL, NULL, NULL, NULL, NULL, NULL, NULL, NULL, NULL, NULL, NULL, NULL, NULL, NULL, NULL, NULL, NULL, NULL, NULL, NULL, NULL, NULL, NULL, NULL, NULL, NULL, NULL, NULL, NULL, NULL, NULL, NULL, NULL, NULL, NULL, NULL, NULL, NULL, NULL, NULL, NULL, NULL, NULL, NULL, 350),
(1152, 1, 5, '7031845296', '2017-04-10 09:03:57', NULL, 0, 'prueba1', '666555444', 'emilio@redess.es', 1, 0, 0, NULL, '{"primas":{"2":{"id":"16","prima":151.2}},"Tipo local":"No especificado"}', NULL, NULL, NULL, NULL, NULL, NULL, NULL, NULL, NULL, NULL, NULL, NULL, NULL, NULL, NULL, NULL, NULL, NULL, NULL, NULL, NULL, NULL, NULL, NULL, NULL, NULL, NULL, NULL, NULL, NULL, NULL, NULL, NULL, NULL, NULL, NULL, NULL, NULL, NULL, NULL, NULL, NULL, NULL, NULL, NULL, NULL, NULL, NULL, NULL, NULL, NULL, NULL, NULL, NULL, NULL, NULL, NULL, 350),
(1153, 1, 5, '8942617530', '2017-04-10 09:04:41', NULL, 0, 'prueba1', '666555444', 'emilio@redess.es', 1, 0, 0, NULL, '{"primas":{"2":{"id":"16","prima":151.2}},"Tipo local":"No especificado"}', NULL, NULL, NULL, NULL, NULL, NULL, NULL, NULL, NULL, NULL, NULL, NULL, NULL, NULL, NULL, NULL, NULL, NULL, NULL, NULL, NULL, NULL, NULL, NULL, NULL, NULL, NULL, NULL, NULL, NULL, NULL, NULL, NULL, NULL, NULL, NULL, NULL, NULL, NULL, NULL, NULL, NULL, NULL, NULL, NULL, NULL, NULL, NULL, NULL, NULL, NULL, NULL, NULL, NULL, NULL, NULL, NULL, 350),
(1154, 1, 5, '2487691350', '2017-04-10 09:06:12', NULL, 0, 'prueba1', '666555444', 'emilio@redess.es', 1, 0, 0, NULL, '{"primas":{"2":{"id":"16","prima":151.2}},"Tipo local":"No especificado"}', NULL, NULL, NULL, NULL, NULL, NULL, NULL, NULL, NULL, NULL, NULL, NULL, NULL, NULL, NULL, NULL, NULL, NULL, NULL, NULL, NULL, NULL, NULL, NULL, NULL, NULL, NULL, NULL, NULL, NULL, NULL, NULL, NULL, NULL, NULL, NULL, NULL, NULL, NULL, NULL, NULL, NULL, NULL, NULL, NULL, NULL, NULL, NULL, NULL, NULL, NULL, NULL, NULL, NULL, NULL, NULL, NULL, 350),
(1155, 1, 5, '9384612570', '2017-04-10 09:11:56', NULL, 0, 'prueba1', '666555444', 'emilio@redess.es', 1, 0, 0, NULL, '{"primas":{"2":{"id":"16","prima":151.2}},"Tipo local":"No especificado"}', NULL, NULL, NULL, NULL, NULL, NULL, NULL, NULL, NULL, NULL, NULL, NULL, NULL, NULL, NULL, NULL, NULL, NULL, NULL, NULL, NULL, NULL, NULL, NULL, NULL, NULL, NULL, NULL, NULL, NULL, NULL, NULL, NULL, NULL, NULL, NULL, NULL, NULL, NULL, NULL, NULL, NULL, NULL, NULL, NULL, NULL, NULL, NULL, NULL, NULL, NULL, NULL, NULL, NULL, NULL, NULL, NULL, 350),
(1156, 1, 5, '8295471630', '2017-04-10 09:12:27', NULL, 0, 'prueba1', '666555444', 'emilio@redess.es', 1, 0, 0, NULL, '{"primas":{"2":{"id":"16","prima":151.2}},"Tipo local":"No especificado"}', NULL, NULL, NULL, NULL, NULL, NULL, NULL, NULL, NULL, NULL, NULL, NULL, NULL, NULL, NULL, NULL, NULL, NULL, NULL, NULL, NULL, NULL, NULL, NULL, NULL, NULL, NULL, NULL, NULL, NULL, NULL, NULL, NULL, NULL, NULL, NULL, NULL, NULL, NULL, NULL, NULL, NULL, NULL, NULL, NULL, NULL, NULL, NULL, NULL, NULL, NULL, NULL, NULL, NULL, NULL, NULL, NULL, 350),
(1157, 1, 5, '9428510637', '2017-04-10 09:12:47', NULL, 0, 'prueba1', '666555444', 'emilio@redess.es', 1, 0, 0, NULL, '{"primas":{"2":{"id":"16","prima":151.2}},"Tipo local":"No especificado"}', NULL, NULL, NULL, NULL, NULL, NULL, NULL, NULL, NULL, NULL, NULL, NULL, NULL, NULL, NULL, NULL, NULL, NULL, NULL, NULL, NULL, NULL, NULL, NULL, NULL, NULL, NULL, NULL, NULL, NULL, NULL, NULL, NULL, NULL, NULL, NULL, NULL, NULL, NULL, NULL, NULL, NULL, NULL, NULL, NULL, NULL, NULL, NULL, NULL, NULL, NULL, NULL, NULL, NULL, NULL, NULL, NULL, 350),
(1158, 1, 5, '2096537841', '2017-04-10 09:13:46', NULL, 0, 'prueba1', '666555444', 'emilio@redess.es', 1, 0, 0, NULL, '{"primas":{"2":{"id":"16","prima":151.2}},"Tipo local":"No especificado"}', NULL, NULL, NULL, NULL, NULL, NULL, NULL, NULL, NULL, NULL, NULL, NULL, NULL, NULL, NULL, NULL, NULL, NULL, NULL, NULL, NULL, NULL, NULL, NULL, NULL, NULL, NULL, NULL, NULL, NULL, NULL, NULL, NULL, NULL, NULL, NULL, NULL, NULL, NULL, NULL, NULL, NULL, NULL, NULL, NULL, NULL, NULL, NULL, NULL, NULL, NULL, NULL, NULL, NULL, NULL, NULL, NULL, 350),
(1159, 1, 6, '8469320715', '2017-04-10 09:18:15', NULL, 0, 'antonio de los santos', '697445903', 'santitoss@hotmail.es', 1, 0, 0, NULL, '{"Producto interesado":"Seguro veh\\u00edculo","Tipo de seguro":"Seguro para feriantes"}', NULL, NULL, NULL, NULL, NULL, NULL, NULL, NULL, NULL, NULL, NULL, NULL, NULL, NULL, NULL, NULL, NULL, NULL, NULL, NULL, NULL, NULL, NULL, NULL, NULL, NULL, NULL, NULL, NULL, NULL, NULL, NULL, NULL, NULL, NULL, NULL, NULL, NULL, NULL, NULL, NULL, NULL, NULL, NULL, NULL, NULL, NULL, NULL, NULL, NULL, NULL, NULL, NULL, NULL, NULL, NULL, NULL, NULL);
INSERT INTO `tarificaciones` (`id`, `correduria_id`, `ramo_id`, `codigo_tarificacion`, `fecha_creacion`, `creada_por`, `numMensajes`, `nombre_completo`, `telefono`, `email`, `activo`, `documentacionEnviada`, `contratada`, `fecha_borrado`, `data`, `deletedBy_id`, `numeroPersonas`, `vida_capital`, `vida_fechaNacimiento`, `salud_provincia_id`, `salud_contratante_id`, `salud_fechaNacimiento1`, `salud_fechaNacimiento2`, `salud_fechaNacimiento3`, `salud_fechaNacimiento4`, `salud_fechaNacimiento5`, `salud_fechaNacimiento6`, `salud_fechaNacimiento7`, `salud_fechaNacimiento8`, `salud_fechaNacimiento9`, `salud_fechaNacimiento10`, `salud_edad1`, `salud_edad2`, `salud_edad3`, `salud_edad4`, `salud_edad5`, `salud_edad6`, `salud_edad7`, `salud_edad8`, `salud_edad9`, `salud_edad10`, `decesos_provincia_id_1`, `decesos_provincia_id_2`, `decesos_provincia_id_3`, `decesos_provincia_id_4`, `decesos_provincia_id_5`, `decesos_provincia_id_6`, `decesos_provincia_id_7`, `decesos_provincia_id_8`, `decesos_provincia_id_9`, `decesos_provincia_id_10`, `decesos_fechaNacimiento1`, `decesos_fechaNacimiento2`, `decesos_fechaNacimiento3`, `decesos_fechaNacimiento4`, `decesos_fechaNacimiento5`, `decesos_fechaNacimiento6`, `decesos_fechaNacimiento7`, `decesos_fechaNacimiento8`, `decesos_fechaNacimiento9`, `decesos_fechaNacimiento10`, `decesos_edad1`, `decesos_edad2`, `decesos_edad3`, `decesos_edad4`, `decesos_edad5`, `decesos_edad6`, `decesos_edad7`, `decesos_edad8`, `decesos_edad9`, `decesos_edad10`, `alquiler_rentaMensual`, `alquiler_valorAlquiler`) VALUES
(1160, 9, 5, '2085746193', '2017-04-10 09:18:36', NULL, 0, 'prueba', '666555444', 'emilio@redess.es', 0, 0, 0, '2017-05-08 08:43:50', '{"primas":{"1":{"id":"15","prima":105},"4":{"id":"16","prima":189},"5":{"id":"47","prima":168}},"Tipo local":"No especificado"}', 20, NULL, NULL, NULL, NULL, NULL, NULL, NULL, NULL, NULL, NULL, NULL, NULL, NULL, NULL, NULL, NULL, NULL, NULL, NULL, NULL, NULL, NULL, NULL, NULL, NULL, NULL, NULL, NULL, NULL, NULL, NULL, NULL, NULL, NULL, NULL, NULL, NULL, NULL, NULL, NULL, NULL, NULL, NULL, NULL, NULL, NULL, NULL, NULL, NULL, NULL, NULL, NULL, NULL, NULL, NULL, NULL, 350),
(1161, 1, 5, '5897412306', '2017-04-10 09:24:11', NULL, 0, 'prueba1', '666555444', 'emilio@redess.es', 1, 0, 0, NULL, '{"primas":{"2":{"id":"16","prima":151.2}},"Tipo local":"No especificado"}', NULL, NULL, NULL, NULL, NULL, NULL, NULL, NULL, NULL, NULL, NULL, NULL, NULL, NULL, NULL, NULL, NULL, NULL, NULL, NULL, NULL, NULL, NULL, NULL, NULL, NULL, NULL, NULL, NULL, NULL, NULL, NULL, NULL, NULL, NULL, NULL, NULL, NULL, NULL, NULL, NULL, NULL, NULL, NULL, NULL, NULL, NULL, NULL, NULL, NULL, NULL, NULL, NULL, NULL, NULL, NULL, NULL, 350),
(1162, 1, 5, '1683540792', '2017-04-10 09:33:54', NULL, 0, 'prueba', '666555444', 'emilio@redess.es', 1, 0, 0, NULL, '{"primas":[],"Tipo local":"Local comercial"}', NULL, NULL, NULL, NULL, NULL, NULL, NULL, NULL, NULL, NULL, NULL, NULL, NULL, NULL, NULL, NULL, NULL, NULL, NULL, NULL, NULL, NULL, NULL, NULL, NULL, NULL, NULL, NULL, NULL, NULL, NULL, NULL, NULL, NULL, NULL, NULL, NULL, NULL, NULL, NULL, NULL, NULL, NULL, NULL, NULL, NULL, NULL, NULL, NULL, NULL, NULL, NULL, NULL, NULL, NULL, NULL, NULL, 300),
(1163, 1, 5, '8361520974', '2017-04-10 09:35:35', NULL, 0, 'prueba', '666555444', 'emilio@redess.es', 1, 0, 0, NULL, '{"primas":{"2":{"id":"16","prima":250.2}},"Tipo local":"Local comercial"}', NULL, NULL, NULL, NULL, NULL, NULL, NULL, NULL, NULL, NULL, NULL, NULL, NULL, NULL, NULL, NULL, NULL, NULL, NULL, NULL, NULL, NULL, NULL, NULL, NULL, NULL, NULL, NULL, NULL, NULL, NULL, NULL, NULL, NULL, NULL, NULL, NULL, NULL, NULL, NULL, NULL, NULL, NULL, NULL, NULL, NULL, NULL, NULL, NULL, NULL, NULL, NULL, NULL, NULL, NULL, NULL, NULL, 300),
(1164, 1, 5, '0263578149', '2017-04-10 09:36:02', NULL, 0, 'prueba', '666555444', 'emilio@redess.es', 1, 0, 0, NULL, '{"primas":{"2":{"id":"16","prima":129.6}},"Tipo local":"Vivienda"}', NULL, NULL, NULL, NULL, NULL, NULL, NULL, NULL, NULL, NULL, NULL, NULL, NULL, NULL, NULL, NULL, NULL, NULL, NULL, NULL, NULL, NULL, NULL, NULL, NULL, NULL, NULL, NULL, NULL, NULL, NULL, NULL, NULL, NULL, NULL, NULL, NULL, NULL, NULL, NULL, NULL, NULL, NULL, NULL, NULL, NULL, NULL, NULL, NULL, NULL, NULL, NULL, NULL, NULL, NULL, NULL, NULL, 300),
(1165, 1, 5, '0321648975', '2017-04-10 09:48:36', NULL, 0, 'prueba', '666555444', 'emilio@redess.es', 1, 0, 0, NULL, '{"primas":{"2":{"id":"16","prima":130.6}},"Tipo local":"Vivienda"}', NULL, NULL, NULL, NULL, NULL, NULL, NULL, NULL, NULL, NULL, NULL, NULL, NULL, NULL, NULL, NULL, NULL, NULL, NULL, NULL, NULL, NULL, NULL, NULL, NULL, NULL, NULL, NULL, NULL, NULL, NULL, NULL, NULL, NULL, NULL, NULL, NULL, NULL, NULL, NULL, NULL, NULL, NULL, NULL, NULL, NULL, NULL, NULL, NULL, NULL, NULL, NULL, NULL, NULL, NULL, NULL, NULL, 300),
(1166, 1, 5, '7693258401', '2017-04-10 09:56:23', NULL, 0, 'prueba', '666555444', 'emilio@redess.es', 1, 0, 0, NULL, '{"primas":{"2":{"id":"16","prima":132.94}},"Tipo local":"Vivienda"}', NULL, NULL, NULL, NULL, NULL, NULL, NULL, NULL, NULL, NULL, NULL, NULL, NULL, NULL, NULL, NULL, NULL, NULL, NULL, NULL, NULL, NULL, NULL, NULL, NULL, NULL, NULL, NULL, NULL, NULL, NULL, NULL, NULL, NULL, NULL, NULL, NULL, NULL, NULL, NULL, NULL, NULL, NULL, NULL, NULL, NULL, NULL, NULL, NULL, NULL, NULL, NULL, NULL, NULL, NULL, NULL, NULL, 300),
(1167, 1, 5, '0649278513', '2017-04-10 09:56:53', NULL, 0, 'prueba', '666555444', 'emilio@redess.es', 1, 0, 0, NULL, '{"primas":{"2":{"id":"16","prima":130.6}},"Tipo local":"Vivienda"}', NULL, NULL, NULL, NULL, NULL, NULL, NULL, NULL, NULL, NULL, NULL, NULL, NULL, NULL, NULL, NULL, NULL, NULL, NULL, NULL, NULL, NULL, NULL, NULL, NULL, NULL, NULL, NULL, NULL, NULL, NULL, NULL, NULL, NULL, NULL, NULL, NULL, NULL, NULL, NULL, NULL, NULL, NULL, NULL, NULL, NULL, NULL, NULL, NULL, NULL, NULL, NULL, NULL, NULL, NULL, NULL, NULL, 300),
(1168, 1, 5, '1864503972', '2017-04-10 09:59:22', NULL, 0, 'prueba', '666555444', 'emilio@redess.es', 1, 0, 0, NULL, '{"primas":{"2":{"id":"16","prima":130.6}},"Tipo local":"Vivienda"}', NULL, NULL, NULL, NULL, NULL, NULL, NULL, NULL, NULL, NULL, NULL, NULL, NULL, NULL, NULL, NULL, NULL, NULL, NULL, NULL, NULL, NULL, NULL, NULL, NULL, NULL, NULL, NULL, NULL, NULL, NULL, NULL, NULL, NULL, NULL, NULL, NULL, NULL, NULL, NULL, NULL, NULL, NULL, NULL, NULL, NULL, NULL, NULL, NULL, NULL, NULL, NULL, NULL, NULL, NULL, NULL, NULL, 300),
(1169, 1, 5, '9327051864', '2017-04-10 09:59:56', NULL, 0, 'prueba', '666555444', 'emilio@redess.es', 1, 0, 0, NULL, '{"primas":{"2":{"id":"16","prima":130.6}},"Tipo local":"Vivienda"}', NULL, NULL, NULL, NULL, NULL, NULL, NULL, NULL, NULL, NULL, NULL, NULL, NULL, NULL, NULL, NULL, NULL, NULL, NULL, NULL, NULL, NULL, NULL, NULL, NULL, NULL, NULL, NULL, NULL, NULL, NULL, NULL, NULL, NULL, NULL, NULL, NULL, NULL, NULL, NULL, NULL, NULL, NULL, NULL, NULL, NULL, NULL, NULL, NULL, NULL, NULL, NULL, NULL, NULL, NULL, NULL, NULL, 300),
(1170, 1, 5, '5067342981', '2017-04-10 10:01:24', NULL, 0, 'prueba', '666555444', 'emilio@redess.es', 1, 0, 0, NULL, '{"primas":{"2":{"id":"16","prima":130.6}},"Tipo local":"Vivienda"}', NULL, NULL, NULL, NULL, NULL, NULL, NULL, NULL, NULL, NULL, NULL, NULL, NULL, NULL, NULL, NULL, NULL, NULL, NULL, NULL, NULL, NULL, NULL, NULL, NULL, NULL, NULL, NULL, NULL, NULL, NULL, NULL, NULL, NULL, NULL, NULL, NULL, NULL, NULL, NULL, NULL, NULL, NULL, NULL, NULL, NULL, NULL, NULL, NULL, NULL, NULL, NULL, NULL, NULL, NULL, NULL, NULL, 300),
(1171, 1, 5, '0962487351', '2017-04-10 10:04:17', NULL, 0, 'prueba', '666555444', 'emilio@redess.es', 1, 0, 0, NULL, '{"primas":{"2":{"id":"16","prima":130.6}},"Tipo local":"Vivienda"}', NULL, NULL, NULL, NULL, NULL, NULL, NULL, NULL, NULL, NULL, NULL, NULL, NULL, NULL, NULL, NULL, NULL, NULL, NULL, NULL, NULL, NULL, NULL, NULL, NULL, NULL, NULL, NULL, NULL, NULL, NULL, NULL, NULL, NULL, NULL, NULL, NULL, NULL, NULL, NULL, NULL, NULL, NULL, NULL, NULL, NULL, NULL, NULL, NULL, NULL, NULL, NULL, NULL, NULL, NULL, NULL, NULL, 300),
(1172, 1, 5, '0478536129', '2017-04-10 10:09:05', NULL, 0, 'prueba', '666555444', 'emilio@redess.es', 1, 0, 0, NULL, '{"primas":{"2":{"id":"16","prima":419.34}},"Tipo local":"Local comercial"}', NULL, NULL, NULL, NULL, NULL, NULL, NULL, NULL, NULL, NULL, NULL, NULL, NULL, NULL, NULL, NULL, NULL, NULL, NULL, NULL, NULL, NULL, NULL, NULL, NULL, NULL, NULL, NULL, NULL, NULL, NULL, NULL, NULL, NULL, NULL, NULL, NULL, NULL, NULL, NULL, NULL, NULL, NULL, NULL, NULL, NULL, NULL, NULL, NULL, NULL, NULL, NULL, NULL, NULL, NULL, NULL, NULL, 500),
(1173, 1, 6, '6748239150', '2017-04-10 14:14:09', NULL, 0, 'Juan', '669604823', 'ludojuanan@yahoo.es', 1, 0, 0, NULL, '{"Producto interesado":"Responsabilidad civil","Tipo de seguro":"Seguro para feriantes"}', NULL, NULL, NULL, NULL, NULL, NULL, NULL, NULL, NULL, NULL, NULL, NULL, NULL, NULL, NULL, NULL, NULL, NULL, NULL, NULL, NULL, NULL, NULL, NULL, NULL, NULL, NULL, NULL, NULL, NULL, NULL, NULL, NULL, NULL, NULL, NULL, NULL, NULL, NULL, NULL, NULL, NULL, NULL, NULL, NULL, NULL, NULL, NULL, NULL, NULL, NULL, NULL, NULL, NULL, NULL, NULL, NULL, NULL),
(1174, 1, 6, '0376195428', '2017-04-10 14:14:10', NULL, 0, 'Juan', '669604823', 'ludojuanan@yahoo.es', 1, 0, 0, NULL, '{"Producto interesado":"Responsabilidad civil","Tipo de seguro":"Seguro para feriantes"}', NULL, NULL, NULL, NULL, NULL, NULL, NULL, NULL, NULL, NULL, NULL, NULL, NULL, NULL, NULL, NULL, NULL, NULL, NULL, NULL, NULL, NULL, NULL, NULL, NULL, NULL, NULL, NULL, NULL, NULL, NULL, NULL, NULL, NULL, NULL, NULL, NULL, NULL, NULL, NULL, NULL, NULL, NULL, NULL, NULL, NULL, NULL, NULL, NULL, NULL, NULL, NULL, NULL, NULL, NULL, NULL, NULL, NULL),
(1175, 1, 5, '0429736518', '2017-04-11 09:36:57', NULL, 0, 'prueba', '666555444', 'emilio@redess.es', 1, 0, 0, NULL, '{"primas":{"2":{"id":"16","prima":419.34}},"Tipo local":"Local comercial"}', NULL, NULL, NULL, NULL, NULL, NULL, NULL, NULL, NULL, NULL, NULL, NULL, NULL, NULL, NULL, NULL, NULL, NULL, NULL, NULL, NULL, NULL, NULL, NULL, NULL, NULL, NULL, NULL, NULL, NULL, NULL, NULL, NULL, NULL, NULL, NULL, NULL, NULL, NULL, NULL, NULL, NULL, NULL, NULL, NULL, NULL, NULL, NULL, NULL, NULL, NULL, NULL, NULL, NULL, NULL, NULL, NULL, 500),
(1176, 1, 5, '4730951826', '2017-04-11 09:39:01', NULL, 0, 'prueba', '666555444', 'emilio@redess.es', 1, 0, 0, NULL, '{"primas":{"2":{"id":"16","prima":419.34}},"Tipo local":"Local comercial"}', NULL, NULL, NULL, NULL, NULL, NULL, NULL, NULL, NULL, NULL, NULL, NULL, NULL, NULL, NULL, NULL, NULL, NULL, NULL, NULL, NULL, NULL, NULL, NULL, NULL, NULL, NULL, NULL, NULL, NULL, NULL, NULL, NULL, NULL, NULL, NULL, NULL, NULL, NULL, NULL, NULL, NULL, NULL, NULL, NULL, NULL, NULL, NULL, NULL, NULL, NULL, NULL, NULL, NULL, NULL, NULL, NULL, 500),
(1177, 1, 5, '3186549702', '2017-04-11 10:46:48', NULL, 0, 'prueba', '666555444', 'emilio@redess.es', 1, 0, 0, NULL, '{"primas":{"2":{"id":"16","prima":419.34,"prima_6m":137.34,"prima_9m":2.34,"prima_12m":419.34,"prima_18m":2.34}},"Tipo local":"Local comercial"}', NULL, NULL, NULL, NULL, NULL, NULL, NULL, NULL, NULL, NULL, NULL, NULL, NULL, NULL, NULL, NULL, NULL, NULL, NULL, NULL, NULL, NULL, NULL, NULL, NULL, NULL, NULL, NULL, NULL, NULL, NULL, NULL, NULL, NULL, NULL, NULL, NULL, NULL, NULL, NULL, NULL, NULL, NULL, NULL, NULL, NULL, NULL, NULL, NULL, NULL, NULL, NULL, NULL, NULL, NULL, NULL, NULL, 500),
(1178, 1, 5, '0563492718', '2017-04-11 10:48:22', NULL, 0, 'prueba', '666555444', 'emilio@redess.es', 1, 0, 0, NULL, '{"primas":{"2":{"id":"16","prima":217,"prima_6m":70,"prima_9m":136,"prima_12m":217,"prima_18m":343}},"Tipo local":"Vivienda"}', NULL, NULL, NULL, NULL, NULL, NULL, NULL, NULL, NULL, NULL, NULL, NULL, NULL, NULL, NULL, NULL, NULL, NULL, NULL, NULL, NULL, NULL, NULL, NULL, NULL, NULL, NULL, NULL, NULL, NULL, NULL, NULL, NULL, NULL, NULL, NULL, NULL, NULL, NULL, NULL, NULL, NULL, NULL, NULL, NULL, NULL, NULL, NULL, NULL, NULL, NULL, NULL, NULL, NULL, NULL, NULL, NULL, 500),
(1179, 1, 5, '1706238954', '2017-04-11 10:50:52', NULL, 0, 'prueba', '666555444', 'emilio@redess.es', 1, 0, 0, NULL, '{"primas":{"2":{"id":"16","prima":217,"prima_6m":70,"prima_9m":136,"prima_12m":217,"prima_18m":343}},"Tipo local":"Vivienda"}', NULL, NULL, NULL, NULL, NULL, NULL, NULL, NULL, NULL, NULL, NULL, NULL, NULL, NULL, NULL, NULL, NULL, NULL, NULL, NULL, NULL, NULL, NULL, NULL, NULL, NULL, NULL, NULL, NULL, NULL, NULL, NULL, NULL, NULL, NULL, NULL, NULL, NULL, NULL, NULL, NULL, NULL, NULL, NULL, NULL, NULL, NULL, NULL, NULL, NULL, NULL, NULL, NULL, NULL, NULL, NULL, NULL, 500),
(1180, 1, 5, '0614357298', '2017-04-11 10:51:13', NULL, 0, 'prueba', '666555444', 'emilio@redess.es', 1, 0, 0, NULL, '{"primas":{"2":{"id":"16","prima":419.34,"prima_6m":137.34,"prima_9m":null,"prima_12m":419.34,"prima_18m":null}},"Tipo local":"Local comercial"}', NULL, NULL, NULL, NULL, NULL, NULL, NULL, NULL, NULL, NULL, NULL, NULL, NULL, NULL, NULL, NULL, NULL, NULL, NULL, NULL, NULL, NULL, NULL, NULL, NULL, NULL, NULL, NULL, NULL, NULL, NULL, NULL, NULL, NULL, NULL, NULL, NULL, NULL, NULL, NULL, NULL, NULL, NULL, NULL, NULL, NULL, NULL, NULL, NULL, NULL, NULL, NULL, NULL, NULL, NULL, NULL, NULL, 500),
(1181, 1, 5, '2549016873', '2017-04-11 11:50:13', NULL, 0, 'prueba', '666555444', 'emilio@redess.es', 1, 0, 0, NULL, '{"primas":{"2":{"id":"16","prima":419.34,"prima_6m":137.34,"prima_9m":null,"prima_12m":419.34,"prima_18m":null}},"Tipo local":"Local comercial"}', NULL, NULL, NULL, NULL, NULL, NULL, NULL, NULL, NULL, NULL, NULL, NULL, NULL, NULL, NULL, NULL, NULL, NULL, NULL, NULL, NULL, NULL, NULL, NULL, NULL, NULL, NULL, NULL, NULL, NULL, NULL, NULL, NULL, NULL, NULL, NULL, NULL, NULL, NULL, NULL, NULL, NULL, NULL, NULL, NULL, NULL, NULL, NULL, NULL, NULL, NULL, NULL, NULL, NULL, NULL, NULL, NULL, 500),
(1182, 5, 2, '8190432576', '2017-04-11 14:01:22', NULL, 0, 'SISSI ERIKA ODIAGA POSTIGO', '922296656', 'siniestros@canarisk.es', 1, 0, 0, NULL, '{"3":{"id_cm":"2","prima_cm":70.56,"id_re":"3","prima_re":92.82},"35":{"id_cm":"48","prima_cm":63.61,"id_re":"49","prima_re":98.43},"38":{"id_cm":"52","prima_cm":51,"id_re":"53","prima_re":79},"41":{"id_cm":"36","prima_cm":55.7,"id_re":"58","prima_re":83.39},"44":{"id_cm":"41","prima_cm":32,"id_re":"61","prima_re":45},"48":{"id_cm":"68","prima_cm":35.23,"id_re":"69","prima_re":130.28},"49":{"id_cm":"70","prima_cm":70.46,"id_re":"69","prima_re":130.28}}', NULL, 1, NULL, NULL, 42, 2, NULL, NULL, NULL, NULL, NULL, NULL, NULL, NULL, NULL, NULL, 41, NULL, NULL, NULL, NULL, NULL, NULL, NULL, NULL, NULL, NULL, NULL, NULL, NULL, NULL, NULL, NULL, NULL, NULL, NULL, NULL, NULL, NULL, NULL, NULL, NULL, NULL, NULL, NULL, NULL, NULL, NULL, NULL, NULL, NULL, NULL, NULL, NULL, NULL, NULL, NULL, NULL),
(1183, 1, 6, '3516982704', '2017-04-11 15:06:24', NULL, 0, 'Antonio dos santos', '677310086', 'anonioyaron@gmail.com', 1, 0, 0, NULL, '{"Producto interesado":"Seguro veh\\u00edculo","Tipo de seguro":"Seguro para feriantes"}', NULL, NULL, NULL, NULL, NULL, NULL, NULL, NULL, NULL, NULL, NULL, NULL, NULL, NULL, NULL, NULL, NULL, NULL, NULL, NULL, NULL, NULL, NULL, NULL, NULL, NULL, NULL, NULL, NULL, NULL, NULL, NULL, NULL, NULL, NULL, NULL, NULL, NULL, NULL, NULL, NULL, NULL, NULL, NULL, NULL, NULL, NULL, NULL, NULL, NULL, NULL, NULL, NULL, NULL, NULL, NULL, NULL, NULL),
(1184, 1, 5, '6738495102', '2017-04-12 07:23:24', NULL, 0, 'prueba', '666555444', 'emilio@redess.es', 1, 0, 0, NULL, '{"primas":{"2":{"id":"16","prima":419.34,"prima_6m":137.34,"prima_9m":null,"prima_12m":419.34,"prima_18m":null}},"Tipo local":"Local comercial"}', NULL, NULL, NULL, NULL, NULL, NULL, NULL, NULL, NULL, NULL, NULL, NULL, NULL, NULL, NULL, NULL, NULL, NULL, NULL, NULL, NULL, NULL, NULL, NULL, NULL, NULL, NULL, NULL, NULL, NULL, NULL, NULL, NULL, NULL, NULL, NULL, NULL, NULL, NULL, NULL, NULL, NULL, NULL, NULL, NULL, NULL, NULL, NULL, NULL, NULL, NULL, NULL, NULL, NULL, NULL, NULL, NULL, 500),
(1185, 1, 5, '6175492038', '2017-04-12 07:28:11', NULL, 0, 'prueba', '666555444', 'emilio@redess.es', 1, 0, 0, NULL, '{"primas":{"2":{"id":"16","prima":419.34,"prima_6m":137.34,"prima_9m":null,"prima_12m":419.34,"prima_18m":null}},"Tipo local":"Local comercial"}', NULL, NULL, NULL, NULL, NULL, NULL, NULL, NULL, NULL, NULL, NULL, NULL, NULL, NULL, NULL, NULL, NULL, NULL, NULL, NULL, NULL, NULL, NULL, NULL, NULL, NULL, NULL, NULL, NULL, NULL, NULL, NULL, NULL, NULL, NULL, NULL, NULL, NULL, NULL, NULL, NULL, NULL, NULL, NULL, NULL, NULL, NULL, NULL, NULL, NULL, NULL, NULL, NULL, NULL, NULL, NULL, NULL, 500),
(1186, 1, 5, '9256140837', '2017-04-12 07:29:07', NULL, 0, 'prueba', '666555444', 'emilio@redess.es', 1, 0, 0, NULL, '{"primas":{"2":{"id":"16","prima":217,"prima_6m":70,"prima_9m":136,"prima_12m":217,"prima_18m":343}},"Tipo local":"Vivienda"}', NULL, NULL, NULL, NULL, NULL, NULL, NULL, NULL, NULL, NULL, NULL, NULL, NULL, NULL, NULL, NULL, NULL, NULL, NULL, NULL, NULL, NULL, NULL, NULL, NULL, NULL, NULL, NULL, NULL, NULL, NULL, NULL, NULL, NULL, NULL, NULL, NULL, NULL, NULL, NULL, NULL, NULL, NULL, NULL, NULL, NULL, NULL, NULL, NULL, NULL, NULL, NULL, NULL, NULL, NULL, NULL, NULL, 500),
(1187, 1, 5, '0534976218', '2017-04-12 07:35:43', NULL, 0, 'prueba', '666555444', 'emilio@redess.es', 1, 0, 0, NULL, '{"primas":{"2":{"id":"16","prima":217,"prima_6m":70,"prima_9m":136,"prima_12m":217,"prima_18m":343}},"Tipo local":"Vivienda"}', NULL, NULL, NULL, NULL, NULL, NULL, NULL, NULL, NULL, NULL, NULL, NULL, NULL, NULL, NULL, NULL, NULL, NULL, NULL, NULL, NULL, NULL, NULL, NULL, NULL, NULL, NULL, NULL, NULL, NULL, NULL, NULL, NULL, NULL, NULL, NULL, NULL, NULL, NULL, NULL, NULL, NULL, NULL, NULL, NULL, NULL, NULL, NULL, NULL, NULL, NULL, NULL, NULL, NULL, NULL, NULL, NULL, 500),
(1188, 5, 7, '1962754308', '2017-04-12 08:20:54', NULL, 0, 'prueba juan', '922296656', 'produccion@canarisk.es', 1, 0, 0, NULL, '{"ramo_especial":"1","primas":{"45":11.9},"params":{"Duraci\\u00f3n":"Hasta 3 d\\u00edas","Residente":"Espa\\u00f1a","Zona de cobertura":"Espa\\u00f1a","N\\u00famero de asegurados":"1"}}', NULL, NULL, NULL, NULL, NULL, NULL, NULL, NULL, NULL, NULL, NULL, NULL, NULL, NULL, NULL, NULL, NULL, NULL, NULL, NULL, NULL, NULL, NULL, NULL, NULL, NULL, NULL, NULL, NULL, NULL, NULL, NULL, NULL, NULL, NULL, NULL, NULL, NULL, NULL, NULL, NULL, NULL, NULL, NULL, NULL, NULL, NULL, NULL, NULL, NULL, NULL, NULL, NULL, NULL, NULL, NULL, NULL, NULL),
(1189, 1, 5, '8045726319', '2017-04-12 08:48:10', NULL, 0, 'prueba', '666555444', 'emilio@redess.es', 1, 0, 0, NULL, '{"primas":{"2":{"id":"16","prima":217,"prima_6m":70,"prima_9m":136,"prima_12m":217,"prima_18m":343},"6":{"id":"76","prima":334.8,"prima_6m":88.8,"prima_9m":186.75,"prima_12m":334.8,"prima_18m":null}},"Tipo local":"Vivienda"}', NULL, NULL, NULL, NULL, NULL, NULL, NULL, NULL, NULL, NULL, NULL, NULL, NULL, NULL, NULL, NULL, NULL, NULL, NULL, NULL, NULL, NULL, NULL, NULL, NULL, NULL, NULL, NULL, NULL, NULL, NULL, NULL, NULL, NULL, NULL, NULL, NULL, NULL, NULL, NULL, NULL, NULL, NULL, NULL, NULL, NULL, NULL, NULL, NULL, NULL, NULL, NULL, NULL, NULL, NULL, NULL, NULL, 500),
(1190, 1, 5, '0785249163', '2017-04-12 08:49:16', NULL, 0, 'prueba', '666555444', 'emilio@redess.es', 1, 0, 0, NULL, '{"primas":{"2":{"id":"16","prima":217,"prima_6m":70,"prima_9m":136,"prima_12m":217,"prima_18m":343},"6":{"id":"76","prima":334.8,"prima_6m":88.8,"prima_9m":186.75,"prima_12m":334.8,"prima_18m":null}},"Tipo local":"Vivienda"}', NULL, NULL, NULL, NULL, NULL, NULL, NULL, NULL, NULL, NULL, NULL, NULL, NULL, NULL, NULL, NULL, NULL, NULL, NULL, NULL, NULL, NULL, NULL, NULL, NULL, NULL, NULL, NULL, NULL, NULL, NULL, NULL, NULL, NULL, NULL, NULL, NULL, NULL, NULL, NULL, NULL, NULL, NULL, NULL, NULL, NULL, NULL, NULL, NULL, NULL, NULL, NULL, NULL, NULL, NULL, NULL, NULL, 500),
(1191, 1, 5, '9628540173', '2017-04-12 08:52:24', NULL, 0, 'prueba', '666555444', 'emilio@redess.es', 1, 0, 0, NULL, '{"primas":{"2":{"id":"16","prima":217,"prima_6m":70,"prima_9m":136,"prima_12m":217,"prima_18m":343},"6":{"id":"76","prima":355.3902,"prima_6m":94.2612,"prima_9m":198.235125,"prima_12m":355.3902,"prima_18m":null}},"Tipo local":"Vivienda"}', NULL, NULL, NULL, NULL, NULL, NULL, NULL, NULL, NULL, NULL, NULL, NULL, NULL, NULL, NULL, NULL, NULL, NULL, NULL, NULL, NULL, NULL, NULL, NULL, NULL, NULL, NULL, NULL, NULL, NULL, NULL, NULL, NULL, NULL, NULL, NULL, NULL, NULL, NULL, NULL, NULL, NULL, NULL, NULL, NULL, NULL, NULL, NULL, NULL, NULL, NULL, NULL, NULL, NULL, NULL, NULL, NULL, 500),
(1193, 5, 2, '5470129836', '2017-04-12 10:52:04', NULL, 0, 'MAria perez', '611111111', 'caquita@hotmail.com', 1, 0, 0, NULL, '{"3":{"id_cm":"2","prima_cm":60.44,"id_re":"3","prima_re":70.89},"35":{"id_cm":"48","prima_cm":63.61,"id_re":"49","prima_re":98.43},"36":{"id_cm":"37","prima_cm":47,"id_re":"50","prima_re":79},"37":{"id_cm":"51","prima_cm":32,"id_re":"50","prima_re":79},"41":{"id_cm":"36","prima_cm":52.3,"id_re":"58","prima_re":65.48},"42":{"id_cm":"59","prima_cm":29.76,"id_re":"60","prima_re":56.052},"43":{"id_cm":"39","prima_cm":42.012,"id_re":"60","prima_re":56.052}}', NULL, 1, NULL, NULL, 52, 4, NULL, NULL, NULL, NULL, NULL, NULL, NULL, NULL, NULL, NULL, 25, NULL, NULL, NULL, NULL, NULL, NULL, NULL, NULL, NULL, NULL, NULL, NULL, NULL, NULL, NULL, NULL, NULL, NULL, NULL, NULL, NULL, NULL, NULL, NULL, NULL, NULL, NULL, NULL, NULL, NULL, NULL, NULL, NULL, NULL, NULL, NULL, NULL, NULL, NULL, NULL, NULL),
(1195, 1, 5, '2546087931', '2017-04-12 10:56:19', NULL, 0, 'prueba', '666555444', 'emilio@redess.es', 1, 0, 0, NULL, '{"primas":{"2":{"id":"16","prima_6m":70,"prima_9m":136,"prima_12m":217,"prima_18m":343},"6":{"id":"76","prima_6m":94.2612,"prima_9m":198.235125,"prima_12m":355.3902,"prima_18m":null}},"Tipo local":"Vivienda"}', NULL, NULL, NULL, NULL, NULL, NULL, NULL, NULL, NULL, NULL, NULL, NULL, NULL, NULL, NULL, NULL, NULL, NULL, NULL, NULL, NULL, NULL, NULL, NULL, NULL, NULL, NULL, NULL, NULL, NULL, NULL, NULL, NULL, NULL, NULL, NULL, NULL, NULL, NULL, NULL, NULL, NULL, NULL, NULL, NULL, NULL, NULL, NULL, NULL, NULL, NULL, NULL, NULL, NULL, NULL, NULL, NULL, 500),
(1196, 9, 5, '7459286301', '2017-04-13 17:48:54', NULL, 0, 'Jesús Bravo PRUEBAS', '961255555', 'jbravo@redess.es', 0, 0, 0, '2017-05-08 08:43:59', '{"primas":{"1":{"id":"15","prima_6m":null,"prima_9m":null,"prima_12m":150,"prima_18m":null},"4":{"id":"16","prima_6m":null,"prima_9m":null,"prima_12m":271,"prima_18m":null},"5":{"id":"47","prima_6m":null,"prima_9m":null,"prima_12m":240,"prima_18m":null}},"Tipo local":"Vivienda"}', 20, NULL, NULL, NULL, NULL, NULL, NULL, NULL, NULL, NULL, NULL, NULL, NULL, NULL, NULL, NULL, NULL, NULL, NULL, NULL, NULL, NULL, NULL, NULL, NULL, NULL, NULL, NULL, NULL, NULL, NULL, NULL, NULL, NULL, NULL, NULL, NULL, NULL, NULL, NULL, NULL, NULL, NULL, NULL, NULL, NULL, NULL, NULL, NULL, NULL, NULL, NULL, NULL, NULL, NULL, NULL, NULL, 500),
(1197, 5, 2, '5842701963', '2017-04-15 10:31:36', NULL, 0, 'Alessio Month', '786747737', 'a.longhi81@yahoo.it', 1, 0, 0, NULL, '{"3":{"id_cm":"2","prima_cm":85.81,"id_re":"3","prima_re":113.9},"35":{"id_cm":"48","prima_cm":78.16,"id_re":"49","prima_re":126.58},"36":{"id_cm":"37","prima_cm":47,"id_re":"50","prima_re":79},"37":{"id_cm":"51","prima_cm":32,"id_re":"50","prima_re":79},"41":{"id_cm":"36","prima_cm":63,"id_re":"58","prima_re":95.66},"42":{"id_cm":"59","prima_cm":47.3,"id_re":"60","prima_re":75.492},"43":{"id_cm":"39","prima_cm":61.452,"id_re":"60","prima_re":75.492},"46":{"id_cm":"64","prima_cm":46.58,"id_re":"65","prima_re":141.01},"47":{"id_cm":"66","prima_cm":67.25,"id_re":"67","prima_re":163.35}}', NULL, 1, NULL, NULL, 38, 4, NULL, NULL, NULL, NULL, NULL, NULL, NULL, NULL, NULL, NULL, 50, NULL, NULL, NULL, NULL, NULL, NULL, NULL, NULL, NULL, NULL, NULL, NULL, NULL, NULL, NULL, NULL, NULL, NULL, NULL, NULL, NULL, NULL, NULL, NULL, NULL, NULL, NULL, NULL, NULL, NULL, NULL, NULL, NULL, NULL, NULL, NULL, NULL, NULL, NULL, NULL, NULL),
(1198, 5, 2, '3726058941', '2017-04-15 10:31:47', NULL, 0, 'Alessio Month', '786747737', 'a.longhi81@yahoo.it', 1, 0, 0, NULL, '{"3":{"id_cm":"2","prima_cm":85.81,"id_re":"3","prima_re":113.9},"35":{"id_cm":"48","prima_cm":78.16,"id_re":"49","prima_re":126.58},"36":{"id_cm":"37","prima_cm":47,"id_re":"50","prima_re":79},"37":{"id_cm":"51","prima_cm":32,"id_re":"50","prima_re":79},"41":{"id_cm":"36","prima_cm":63,"id_re":"58","prima_re":95.66},"42":{"id_cm":"59","prima_cm":47.3,"id_re":"60","prima_re":75.492},"43":{"id_cm":"39","prima_cm":61.452,"id_re":"60","prima_re":75.492},"46":{"id_cm":"64","prima_cm":46.58,"id_re":"65","prima_re":141.01},"47":{"id_cm":"66","prima_cm":67.25,"id_re":"67","prima_re":163.35}}', NULL, 1, NULL, NULL, 38, 4, NULL, NULL, NULL, NULL, NULL, NULL, NULL, NULL, NULL, NULL, 50, NULL, NULL, NULL, NULL, NULL, NULL, NULL, NULL, NULL, NULL, NULL, NULL, NULL, NULL, NULL, NULL, NULL, NULL, NULL, NULL, NULL, NULL, NULL, NULL, NULL, NULL, NULL, NULL, NULL, NULL, NULL, NULL, NULL, NULL, NULL, NULL, NULL, NULL, NULL, NULL, NULL),
(1199, 5, 2, '0267491835', '2017-04-15 10:32:11', NULL, 0, 'Alessio Month', '786747737', 'a.longhi81@yahoo.it', 1, 0, 0, NULL, '{"3":{"id_cm":"2","prima_cm":67.3,"id_re":"3","prima_re":87.46},"35":{"id_cm":"48","prima_cm":63.61,"id_re":"49","prima_re":98.43},"36":{"id_cm":"37","prima_cm":47,"id_re":"50","prima_re":79},"37":{"id_cm":"51","prima_cm":32,"id_re":"50","prima_re":79},"41":{"id_cm":"36","prima_cm":55.7,"id_re":"58","prima_re":83.39},"42":{"id_cm":"59","prima_cm":34.13,"id_re":"60","prima_re":60.372},"43":{"id_cm":"39","prima_cm":46.332,"id_re":"60","prima_re":60.372},"46":{"id_cm":"64","prima_cm":39.78,"id_re":"65","prima_re":114.24},"47":{"id_cm":"66","prima_cm":47.5,"id_re":"67","prima_re":130.88}}', NULL, 1, NULL, NULL, 38, 4, NULL, NULL, NULL, NULL, NULL, NULL, NULL, NULL, NULL, NULL, 36, NULL, NULL, NULL, NULL, NULL, NULL, NULL, NULL, NULL, NULL, NULL, NULL, NULL, NULL, NULL, NULL, NULL, NULL, NULL, NULL, NULL, NULL, NULL, NULL, NULL, NULL, NULL, NULL, NULL, NULL, NULL, NULL, NULL, NULL, NULL, NULL, NULL, NULL, NULL, NULL, NULL),
(1200, 1, 6, '1746802935', '2017-04-15 14:35:26', NULL, 0, 'Jimmy Nieto', '305300043', 'nieto.jimmy@gmail.com', 1, 0, 0, NULL, '{"Producto interesado":"Accidentes","Tipo de seguro":"Seguro para feriantes"}', NULL, NULL, NULL, NULL, NULL, NULL, NULL, NULL, NULL, NULL, NULL, NULL, NULL, NULL, NULL, NULL, NULL, NULL, NULL, NULL, NULL, NULL, NULL, NULL, NULL, NULL, NULL, NULL, NULL, NULL, NULL, NULL, NULL, NULL, NULL, NULL, NULL, NULL, NULL, NULL, NULL, NULL, NULL, NULL, NULL, NULL, NULL, NULL, NULL, NULL, NULL, NULL, NULL, NULL, NULL, NULL, NULL, NULL),
(1201, 1, 6, '8167093254', '2017-04-16 10:26:48', NULL, 0, 'Abilio valente', '722206458', 'willyvalentewilly@hotmail.com', 1, 0, 0, NULL, '{"Producto interesado":"Accidentes","Tipo de seguro":"Seguro para feriantes"}', NULL, NULL, NULL, NULL, NULL, NULL, NULL, NULL, NULL, NULL, NULL, NULL, NULL, NULL, NULL, NULL, NULL, NULL, NULL, NULL, NULL, NULL, NULL, NULL, NULL, NULL, NULL, NULL, NULL, NULL, NULL, NULL, NULL, NULL, NULL, NULL, NULL, NULL, NULL, NULL, NULL, NULL, NULL, NULL, NULL, NULL, NULL, NULL, NULL, NULL, NULL, NULL, NULL, NULL, NULL, NULL, NULL, NULL),
(1202, 1, 6, '4735021689', '2017-04-16 19:15:35', NULL, 0, 'ivan barata bernardo', '633114979', 'vanesaromerax@gmail.com', 1, 0, 0, NULL, '{"Producto interesado":"Responsabilidad civil","Tipo de seguro":"Seguro para feriantes"}', NULL, NULL, NULL, NULL, NULL, NULL, NULL, NULL, NULL, NULL, NULL, NULL, NULL, NULL, NULL, NULL, NULL, NULL, NULL, NULL, NULL, NULL, NULL, NULL, NULL, NULL, NULL, NULL, NULL, NULL, NULL, NULL, NULL, NULL, NULL, NULL, NULL, NULL, NULL, NULL, NULL, NULL, NULL, NULL, NULL, NULL, NULL, NULL, NULL, NULL, NULL, NULL, NULL, NULL, NULL, NULL, NULL, NULL),
(1203, 1, 6, '8426975013', '2017-04-17 19:06:38', NULL, 0, 'Noelia Yepes', '634939469', 'churreriaitziar2001@gmail.com', 1, 0, 0, NULL, '{"Producto interesado":"Otros","Tipo de seguro":"Seguro para feriantes"}', NULL, NULL, NULL, NULL, NULL, NULL, NULL, NULL, NULL, NULL, NULL, NULL, NULL, NULL, NULL, NULL, NULL, NULL, NULL, NULL, NULL, NULL, NULL, NULL, NULL, NULL, NULL, NULL, NULL, NULL, NULL, NULL, NULL, NULL, NULL, NULL, NULL, NULL, NULL, NULL, NULL, NULL, NULL, NULL, NULL, NULL, NULL, NULL, NULL, NULL, NULL, NULL, NULL, NULL, NULL, NULL, NULL, NULL),
(1204, 1, 6, '0134872569', '2017-04-17 21:27:56', NULL, 0, 'Fran salar Rocamora', '699972747', 'isamora472@gmail.com', 1, 0, 0, NULL, '{"Producto interesado":"Da\\u00f1os a la atracci\\u00f3n","Tipo de seguro":"Seguro para feriantes"}', NULL, NULL, NULL, NULL, NULL, NULL, NULL, NULL, NULL, NULL, NULL, NULL, NULL, NULL, NULL, NULL, NULL, NULL, NULL, NULL, NULL, NULL, NULL, NULL, NULL, NULL, NULL, NULL, NULL, NULL, NULL, NULL, NULL, NULL, NULL, NULL, NULL, NULL, NULL, NULL, NULL, NULL, NULL, NULL, NULL, NULL, NULL, NULL, NULL, NULL, NULL, NULL, NULL, NULL, NULL, NULL, NULL, NULL),
(1205, 1, 6, '5804739126', '2017-04-17 21:27:57', NULL, 0, 'Fran salar Rocamora', '699972747', 'isamora472@gmail.com', 1, 0, 0, NULL, '{"Producto interesado":"Da\\u00f1os a la atracci\\u00f3n","Tipo de seguro":"Seguro para feriantes"}', NULL, NULL, NULL, NULL, NULL, NULL, NULL, NULL, NULL, NULL, NULL, NULL, NULL, NULL, NULL, NULL, NULL, NULL, NULL, NULL, NULL, NULL, NULL, NULL, NULL, NULL, NULL, NULL, NULL, NULL, NULL, NULL, NULL, NULL, NULL, NULL, NULL, NULL, NULL, NULL, NULL, NULL, NULL, NULL, NULL, NULL, NULL, NULL, NULL, NULL, NULL, NULL, NULL, NULL, NULL, NULL, NULL, NULL),
(1206, 1, 6, '3506197248', '2017-04-17 21:28:08', NULL, 0, 'Fran salar Rocamora', '699972747', 'isamora472@gmail.com', 1, 0, 0, NULL, '{"Producto interesado":"Da\\u00f1os a la atracci\\u00f3n","Tipo de seguro":"Seguro para feriantes"}', NULL, NULL, NULL, NULL, NULL, NULL, NULL, NULL, NULL, NULL, NULL, NULL, NULL, NULL, NULL, NULL, NULL, NULL, NULL, NULL, NULL, NULL, NULL, NULL, NULL, NULL, NULL, NULL, NULL, NULL, NULL, NULL, NULL, NULL, NULL, NULL, NULL, NULL, NULL, NULL, NULL, NULL, NULL, NULL, NULL, NULL, NULL, NULL, NULL, NULL, NULL, NULL, NULL, NULL, NULL, NULL, NULL, NULL),
(1207, 1, 5, '1729063548', '2017-04-18 06:17:29', NULL, 0, 'ANTONIA', '619131905', 'a23fg@hotmail.com', 1, 0, 0, NULL, '{"primas":{"2":{"id":"16","prima_6m":87.25,"prima_9m":169.75,"prima_12m":271,"prima_18m":428.5},"6":{"id":"76","prima_6m":117.8265,"prima_9m":247.79390625,"prima_12m":444.23775,"prima_18m":null}},"Tipo local":"Vivienda"}', NULL, NULL, NULL, NULL, NULL, NULL, NULL, NULL, NULL, NULL, NULL, NULL, NULL, NULL, NULL, NULL, NULL, NULL, NULL, NULL, NULL, NULL, NULL, NULL, NULL, NULL, NULL, NULL, NULL, NULL, NULL, NULL, NULL, NULL, NULL, NULL, NULL, NULL, NULL, NULL, NULL, NULL, NULL, NULL, NULL, NULL, NULL, NULL, NULL, NULL, NULL, NULL, NULL, NULL, NULL, NULL, NULL, 625),
(1208, 1, 5, '9048125763', '2017-04-18 08:32:06', NULL, 0, 'Prueba', '666222111', 'emilio@redess.es', 1, 0, 0, NULL, '{"primas":{"2":{"id":"16","prima_6m":49.3,"prima_9m":95.5,"prima_12m":152.2,"prima_18m":240.4},"6":{"id":"76","prima_6m":65.98284,"prima_9m":138.7645875,"prima_12m":248.77314,"prima_18m":null}},"Tipo local":"Vivienda"}', NULL, NULL, NULL, NULL, NULL, NULL, NULL, NULL, NULL, NULL, NULL, NULL, NULL, NULL, NULL, NULL, NULL, NULL, NULL, NULL, NULL, NULL, NULL, NULL, NULL, NULL, NULL, NULL, NULL, NULL, NULL, NULL, NULL, NULL, NULL, NULL, NULL, NULL, NULL, NULL, NULL, NULL, NULL, NULL, NULL, NULL, NULL, NULL, NULL, NULL, NULL, NULL, NULL, NULL, NULL, NULL, NULL, 350),
(1209, 1, 5, '6245917803', '2017-04-18 08:52:34', NULL, 0, 'CLIENTE PRUEBA', '697812220', 'cristina@starazona.com', 1, 0, 0, NULL, '{"primas":{"2":{"id":"16","prima_6m":87.25,"prima_9m":169.75,"prima_12m":271,"prima_18m":428.5},"6":{"id":"76","prima_6m":117.8265,"prima_9m":247.79390625,"prima_12m":444.23775,"prima_18m":null}},"Tipo local":"Vivienda"}', NULL, NULL, NULL, NULL, NULL, NULL, NULL, NULL, NULL, NULL, NULL, NULL, NULL, NULL, NULL, NULL, NULL, NULL, NULL, NULL, NULL, NULL, NULL, NULL, NULL, NULL, NULL, NULL, NULL, NULL, NULL, NULL, NULL, NULL, NULL, NULL, NULL, NULL, NULL, NULL, NULL, NULL, NULL, NULL, NULL, NULL, NULL, NULL, NULL, NULL, NULL, NULL, NULL, NULL, NULL, NULL, NULL, 625),
(1210, 1, 5, '1296753480', '2017-04-18 11:43:49', NULL, 0, 'prueba', '615435369', 'prueba@starazona.com', 1, 0, 0, NULL, '{"primas":{"2":{"id":"16","prima_6m":70,"prima_9m":136,"prima_12m":217,"prima_18m":343},"6":{"id":"76","prima_6m":94.2612,"prima_9m":198.235125,"prima_12m":355.3902,"prima_18m":null}},"Tipo local":"Vivienda"}', NULL, NULL, NULL, NULL, NULL, NULL, NULL, NULL, NULL, NULL, NULL, NULL, NULL, NULL, NULL, NULL, NULL, NULL, NULL, NULL, NULL, NULL, NULL, NULL, NULL, NULL, NULL, NULL, NULL, NULL, NULL, NULL, NULL, NULL, NULL, NULL, NULL, NULL, NULL, NULL, NULL, NULL, NULL, NULL, NULL, NULL, NULL, NULL, NULL, NULL, NULL, NULL, NULL, NULL, NULL, NULL, NULL, 500),
(1211, 1, 5, '2380796415', '2017-04-18 11:52:07', NULL, 0, 'Jesús Bravo PRUEBAS', '961255555', 'jbravo@redess.es', 1, 0, 0, NULL, '{"primas":{"2":{"id":"16","prima_6m":137.34,"prima_9m":null,"prima_12m":419.34,"prima_18m":null}},"Tipo local":"Local comercial"}', NULL, NULL, NULL, NULL, NULL, NULL, NULL, NULL, NULL, NULL, NULL, NULL, NULL, NULL, NULL, NULL, NULL, NULL, NULL, NULL, NULL, NULL, NULL, NULL, NULL, NULL, NULL, NULL, NULL, NULL, NULL, NULL, NULL, NULL, NULL, NULL, NULL, NULL, NULL, NULL, NULL, NULL, NULL, NULL, NULL, NULL, NULL, NULL, NULL, NULL, NULL, NULL, NULL, NULL, NULL, NULL, NULL, 500),
(1212, 5, 2, '1932704865', '2017-04-18 12:41:36', NULL, 0, 'MAria perez', '611111111', 'caquita@hotmail.com', 1, 0, 0, NULL, '{"3":{"id_cm":"2","prima_cm":85.81,"id_re":"3","prima_re":113.9},"35":{"id_cm":"48","prima_cm":78.16,"id_re":"49","prima_re":126.58},"38":{"id_cm":"52","prima_cm":51,"id_re":"53","prima_re":79},"41":{"id_cm":"36","prima_cm":63,"id_re":"58","prima_re":95.66},"44":{"id_cm":"41","prima_cm":32,"id_re":"61","prima_re":45}}', NULL, 1, NULL, NULL, 52, 2, NULL, NULL, NULL, NULL, NULL, NULL, NULL, NULL, NULL, NULL, 50, NULL, NULL, NULL, NULL, NULL, NULL, NULL, NULL, NULL, NULL, NULL, NULL, NULL, NULL, NULL, NULL, NULL, NULL, NULL, NULL, NULL, NULL, NULL, NULL, NULL, NULL, NULL, NULL, NULL, NULL, NULL, NULL, NULL, NULL, NULL, NULL, NULL, NULL, NULL, NULL, NULL),
(1213, 5, 2, '9147386052', '2017-04-18 12:41:47', NULL, 0, 'MAria perez', '611111111', 'caquita@hotmail.com', 1, 0, 0, NULL, '{"3":{"id_cm":"2","prima_cm":85.81,"id_re":"3","prima_re":113.9},"35":{"id_cm":"48","prima_cm":78.16,"id_re":"49","prima_re":126.58},"38":{"id_cm":"52","prima_cm":51,"id_re":"53","prima_re":79},"41":{"id_cm":"36","prima_cm":63,"id_re":"58","prima_re":95.66},"44":{"id_cm":"41","prima_cm":32,"id_re":"61","prima_re":45}}', NULL, 1, NULL, NULL, 52, 2, NULL, NULL, NULL, NULL, NULL, NULL, NULL, NULL, NULL, NULL, 50, NULL, NULL, NULL, NULL, NULL, NULL, NULL, NULL, NULL, NULL, NULL, NULL, NULL, NULL, NULL, NULL, NULL, NULL, NULL, NULL, NULL, NULL, NULL, NULL, NULL, NULL, NULL, NULL, NULL, NULL, NULL, NULL, NULL, NULL, NULL, NULL, NULL, NULL, NULL, NULL, NULL),
(1214, 1, 5, '6238715409', '2017-04-18 15:31:37', NULL, 0, 'PRUEBA', '963116001', 'cristina@starazona.com', 1, 0, 0, NULL, '{"primas":{"2":{"id":"16","prima_6m":87.25,"prima_9m":169.75,"prima_12m":271,"prima_18m":428.5},"6":{"id":"76","prima_6m":117.8265,"prima_9m":247.79390625,"prima_12m":444.23775,"prima_18m":null}},"Tipo local":"Vivienda"}', NULL, NULL, NULL, NULL, NULL, NULL, NULL, NULL, NULL, NULL, NULL, NULL, NULL, NULL, NULL, NULL, NULL, NULL, NULL, NULL, NULL, NULL, NULL, NULL, NULL, NULL, NULL, NULL, NULL, NULL, NULL, NULL, NULL, NULL, NULL, NULL, NULL, NULL, NULL, NULL, NULL, NULL, NULL, NULL, NULL, NULL, NULL, NULL, NULL, NULL, NULL, NULL, NULL, NULL, NULL, NULL, NULL, 625),
(1215, 1, 6, '4806921753', '2017-04-18 22:55:04', NULL, 0, 'Jimmy Nieto', '305300043', 'nieto.jimmy@gmail.com', 1, 0, 0, NULL, '{"Producto interesado":"Responsabilidad civil","Tipo de seguro":"Seguro para feriantes"}', NULL, NULL, NULL, NULL, NULL, NULL, NULL, NULL, NULL, NULL, NULL, NULL, NULL, NULL, NULL, NULL, NULL, NULL, NULL, NULL, NULL, NULL, NULL, NULL, NULL, NULL, NULL, NULL, NULL, NULL, NULL, NULL, NULL, NULL, NULL, NULL, NULL, NULL, NULL, NULL, NULL, NULL, NULL, NULL, NULL, NULL, NULL, NULL, NULL, NULL, NULL, NULL, NULL, NULL, NULL, NULL, NULL, NULL),
(1216, 1, 5, '6457318902', '2017-04-19 07:48:12', NULL, 0, 'prueba', '666555444', 'emilio@redess.es', 1, 0, 0, NULL, '{"primas":{"2":{"id":"16","prima_6m":49.3,"prima_9m":95.5,"prima_12m":152.2,"prima_18m":240.4},"6":{"id":"76","prima_6m":65.98284,"prima_9m":138.7645875,"prima_12m":248.77314,"prima_18m":null}},"Tipo local":"Vivienda"}', NULL, NULL, NULL, NULL, NULL, NULL, NULL, NULL, NULL, NULL, NULL, NULL, NULL, NULL, NULL, NULL, NULL, NULL, NULL, NULL, NULL, NULL, NULL, NULL, NULL, NULL, NULL, NULL, NULL, NULL, NULL, NULL, NULL, NULL, NULL, NULL, NULL, NULL, NULL, NULL, NULL, NULL, NULL, NULL, NULL, NULL, NULL, NULL, NULL, NULL, NULL, NULL, NULL, NULL, NULL, NULL, NULL, 350),
(1217, 1, 5, '0845932761', '2017-04-19 07:53:54', NULL, 0, 'prueba', '666555444', 'emilio@redess.es', 1, 0, 0, NULL, '{"primas":{"2":{"id":"16","prima_6m":49.3,"prima_9m":95.5,"prima_12m":152.2,"prima_18m":240.4},"6":{"id":"76","prima_6m":65.98284,"prima_9m":138.7645875,"prima_12m":248.77314,"prima_18m":null}},"Tipo local":"Vivienda"}', NULL, NULL, NULL, NULL, NULL, NULL, NULL, NULL, NULL, NULL, NULL, NULL, NULL, NULL, NULL, NULL, NULL, NULL, NULL, NULL, NULL, NULL, NULL, NULL, NULL, NULL, NULL, NULL, NULL, NULL, NULL, NULL, NULL, NULL, NULL, NULL, NULL, NULL, NULL, NULL, NULL, NULL, NULL, NULL, NULL, NULL, NULL, NULL, NULL, NULL, NULL, NULL, NULL, NULL, NULL, NULL, NULL, 350),
(1218, 1, 5, '1506748923', '2017-04-19 07:56:32', NULL, 0, 'prueba', '666555444', 'emilio@redess.es', 1, 0, 0, NULL, '{"primas":{"2":{"id":"16","prima_6m":49.3,"prima_9m":95.5,"prima_12m":152.2,"prima_18m":240.4},"6":{"id":"76","prima_6m":65.98284,"prima_9m":138.7645875,"prima_12m":248.77314,"prima_18m":null}},"Tipo local":"Vivienda"}', NULL, NULL, NULL, NULL, NULL, NULL, NULL, NULL, NULL, NULL, NULL, NULL, NULL, NULL, NULL, NULL, NULL, NULL, NULL, NULL, NULL, NULL, NULL, NULL, NULL, NULL, NULL, NULL, NULL, NULL, NULL, NULL, NULL, NULL, NULL, NULL, NULL, NULL, NULL, NULL, NULL, NULL, NULL, NULL, NULL, NULL, NULL, NULL, NULL, NULL, NULL, NULL, NULL, NULL, NULL, NULL, NULL, 350),
(1219, 1, 5, '8412397560', '2017-04-19 07:58:11', NULL, 0, 'prueba', '666555444', 'emilio@redess.es', 1, 0, 0, NULL, '{"primas":{"2":{"id":"16","prima_6m":49.3,"prima_9m":95.5,"prima_12m":152.2,"prima_18m":240.4},"6":{"id":"76","prima_6m":65.98284,"prima_9m":138.7645875,"prima_12m":248.77314,"prima_18m":null}},"Tipo local":"Vivienda"}', NULL, NULL, NULL, NULL, NULL, NULL, NULL, NULL, NULL, NULL, NULL, NULL, NULL, NULL, NULL, NULL, NULL, NULL, NULL, NULL, NULL, NULL, NULL, NULL, NULL, NULL, NULL, NULL, NULL, NULL, NULL, NULL, NULL, NULL, NULL, NULL, NULL, NULL, NULL, NULL, NULL, NULL, NULL, NULL, NULL, NULL, NULL, NULL, NULL, NULL, NULL, NULL, NULL, NULL, NULL, NULL, NULL, 350),
(1227, 1, 6, '2574306918', '2017-04-19 23:32:55', NULL, 0, 'Joel Ossorio Perez', '699351754', 'laradiohechaatuestilo@hotmail.com', 1, 0, 0, NULL, '{"Producto interesado":"Responsabilidad civil","Tipo de seguro":"Seguro para feriantes"}', NULL, NULL, NULL, NULL, NULL, NULL, NULL, NULL, NULL, NULL, NULL, NULL, NULL, NULL, NULL, NULL, NULL, NULL, NULL, NULL, NULL, NULL, NULL, NULL, NULL, NULL, NULL, NULL, NULL, NULL, NULL, NULL, NULL, NULL, NULL, NULL, NULL, NULL, NULL, NULL, NULL, NULL, NULL, NULL, NULL, NULL, NULL, NULL, NULL, NULL, NULL, NULL, NULL, NULL, NULL, NULL, NULL, NULL),
(1228, 9, 5, '7391248605', '2017-04-20 07:46:13', NULL, 0, 'CONCHI', '917100072', 'concepcion@grupotat.com', 0, 0, 0, '2017-05-08 08:43:56', '{"primas":{"1":{"id":"15","prima_6m":null,"prima_9m":null,"prima_12m":150,"prima_18m":null},"4":{"id":"16","prima_6m":null,"prima_9m":null,"prima_12m":271,"prima_18m":null},"5":{"id":"47","prima_6m":null,"prima_9m":null,"prima_12m":240,"prima_18m":null}},"Tipo local":"Vivienda"}', 20, NULL, NULL, NULL, NULL, NULL, NULL, NULL, NULL, NULL, NULL, NULL, NULL, NULL, NULL, NULL, NULL, NULL, NULL, NULL, NULL, NULL, NULL, NULL, NULL, NULL, NULL, NULL, NULL, NULL, NULL, NULL, NULL, NULL, NULL, NULL, NULL, NULL, NULL, NULL, NULL, NULL, NULL, NULL, NULL, NULL, NULL, NULL, NULL, NULL, NULL, NULL, NULL, NULL, NULL, NULL, NULL, 500),
(1231, 1, 6, '8157602943', '2017-04-20 18:40:04', NULL, 0, 'Jose miguel agusto', '698423030', 'dossantossara049@gmail.com', 1, 0, 0, NULL, '{"Producto interesado":"Responsabilidad civil","Tipo de seguro":"Seguro para feriantes"}', NULL, NULL, NULL, NULL, NULL, NULL, NULL, NULL, NULL, NULL, NULL, NULL, NULL, NULL, NULL, NULL, NULL, NULL, NULL, NULL, NULL, NULL, NULL, NULL, NULL, NULL, NULL, NULL, NULL, NULL, NULL, NULL, NULL, NULL, NULL, NULL, NULL, NULL, NULL, NULL, NULL, NULL, NULL, NULL, NULL, NULL, NULL, NULL, NULL, NULL, NULL, NULL, NULL, NULL, NULL, NULL, NULL, NULL),
(1232, 9, 5, '9437260581', '2017-04-21 08:19:22', NULL, 0, 'prueba', '666777888', 'emilio@redess.es', 0, 0, 0, '2017-05-08 08:43:42', '{"primas":{"1":{"id":"15","prima_6m":null,"prima_9m":null,"prima_12m":105,"prima_18m":null},"4":{"id":"16","prima_6m":null,"prima_9m":null,"prima_12m":190,"prima_18m":null},"5":{"id":"47","prima_6m":null,"prima_9m":null,"prima_12m":168,"prima_18m":null}},"Tipo local":"Vivienda"}', 20, NULL, NULL, NULL, NULL, NULL, NULL, NULL, NULL, NULL, NULL, NULL, NULL, NULL, NULL, NULL, NULL, NULL, NULL, NULL, NULL, NULL, NULL, NULL, NULL, NULL, NULL, NULL, NULL, NULL, NULL, NULL, NULL, NULL, NULL, NULL, NULL, NULL, NULL, NULL, NULL, NULL, NULL, NULL, NULL, NULL, NULL, NULL, NULL, NULL, NULL, NULL, NULL, NULL, NULL, NULL, NULL, 350),
(1233, 9, 5, '8906153724', '2017-04-21 08:24:30', NULL, 0, 'prueba 2', '666777888', 'jbravo@redess.es', 0, 0, 0, '2017-05-08 08:43:35', '{"primas":{"1":{"id":"15","prima_6m":null,"prima_9m":null,"prima_12m":120,"prima_18m":null},"4":{"id":"16","prima_6m":null,"prima_9m":null,"prima_12m":217,"prima_18m":null},"5":{"id":"47","prima_6m":null,"prima_9m":null,"prima_12m":192,"prima_18m":null}},"Tipo local":"Vivienda"}', 20, NULL, NULL, NULL, NULL, NULL, NULL, NULL, NULL, NULL, NULL, NULL, NULL, NULL, NULL, NULL, NULL, NULL, NULL, NULL, NULL, NULL, NULL, NULL, NULL, NULL, NULL, NULL, NULL, NULL, NULL, NULL, NULL, NULL, NULL, NULL, NULL, NULL, NULL, NULL, NULL, NULL, NULL, NULL, NULL, NULL, NULL, NULL, NULL, NULL, NULL, NULL, NULL, NULL, NULL, NULL, NULL, 400),
(1234, 9, 5, '2105879463', '2017-04-21 08:45:04', NULL, 0, 'prueba', '666777888', 'emilio@redess.es', 0, 0, 0, '2017-05-08 08:43:31', '{"primas":{"1":{"id":"15","prima_6m":null,"prima_9m":null,"prima_12m":105,"prima_18m":null},"4":{"id":"16","prima_6m":null,"prima_9m":null,"prima_12m":190,"prima_18m":null},"5":{"id":"47","prima_6m":null,"prima_9m":null,"prima_12m":168,"prima_18m":null}},"Tipo local":"Vivienda"}', 20, NULL, NULL, NULL, NULL, NULL, NULL, NULL, NULL, NULL, NULL, NULL, NULL, NULL, NULL, NULL, NULL, NULL, NULL, NULL, NULL, NULL, NULL, NULL, NULL, NULL, NULL, NULL, NULL, NULL, NULL, NULL, NULL, NULL, NULL, NULL, NULL, NULL, NULL, NULL, NULL, NULL, NULL, NULL, NULL, NULL, NULL, NULL, NULL, NULL, NULL, NULL, NULL, NULL, NULL, NULL, NULL, 350),
(1235, 9, 5, '2531794860', '2017-04-21 08:52:33', 20, 0, 'prueba2', '555666777', 'aaa@aaa.com', 0, 0, 0, '2017-05-05 12:20:55', '{"primas":{"1":{"id":"15","prima_6m":null,"prima_9m":null,"prima_12m":120,"prima_18m":null},"4":{"id":"16","prima_6m":null,"prima_9m":null,"prima_12m":217,"prima_18m":null},"5":{"id":"47","prima_6m":null,"prima_9m":null,"prima_12m":192,"prima_18m":null}},"Tipo local":"Vivienda"}', 20, NULL, NULL, NULL, NULL, NULL, NULL, NULL, NULL, NULL, NULL, NULL, NULL, NULL, NULL, NULL, NULL, NULL, NULL, NULL, NULL, NULL, NULL, NULL, NULL, NULL, NULL, NULL, NULL, NULL, NULL, NULL, NULL, NULL, NULL, NULL, NULL, NULL, NULL, NULL, NULL, NULL, NULL, NULL, NULL, NULL, NULL, NULL, NULL, NULL, NULL, NULL, NULL, NULL, NULL, NULL, NULL, 400),
(1236, 5, 7, '2758164390', '2017-04-21 10:48:00', NULL, 0, 'JESUS CARBALLO BERMUDEZ', '922296656', 'jcarballo@canarisk.es', 1, 0, 0, NULL, '{"ramo_especial":"1","primas":{"45":16.23},"params":{"Duraci\\u00f3n":"Hasta 8 d\\u00edas","Residente":"Espa\\u00f1a","Zona de cobertura":"Espa\\u00f1a","N\\u00famero de asegurados":"1"}}', NULL, NULL, NULL, NULL, NULL, NULL, NULL, NULL, NULL, NULL, NULL, NULL, NULL, NULL, NULL, NULL, NULL, NULL, NULL, NULL, NULL, NULL, NULL, NULL, NULL, NULL, NULL, NULL, NULL, NULL, NULL, NULL, NULL, NULL, NULL, NULL, NULL, NULL, NULL, NULL, NULL, NULL, NULL, NULL, NULL, NULL, NULL, NULL, NULL, NULL, NULL, NULL, NULL, NULL, NULL, NULL, NULL, NULL),
(1237, 5, 7, '4327908516', '2017-04-22 18:12:45', NULL, 0, 'Jesus Carballo', '922296656', 'jcarballo@canarisk.es', 1, 0, 0, NULL, '{"ramo_especial":"1","primas":{"45":32.46},"params":{"Duraci\\u00f3n":"Hasta 8 d\\u00edas","Residente":"Espa\\u00f1a","Zona de cobertura":"Espa\\u00f1a","N\\u00famero de asegurados":"2"}}', NULL, NULL, NULL, NULL, NULL, NULL, NULL, NULL, NULL, NULL, NULL, NULL, NULL, NULL, NULL, NULL, NULL, NULL, NULL, NULL, NULL, NULL, NULL, NULL, NULL, NULL, NULL, NULL, NULL, NULL, NULL, NULL, NULL, NULL, NULL, NULL, NULL, NULL, NULL, NULL, NULL, NULL, NULL, NULL, NULL, NULL, NULL, NULL, NULL, NULL, NULL, NULL, NULL, NULL, NULL, NULL, NULL, NULL),
(1238, 5, 7, '8273154609', '2017-04-22 18:16:52', NULL, 0, 'JESUS CARBALLO BERMUDEZ', '922296656', 'jcarballo@canarisk.es', 1, 0, 0, NULL, '{"ramo_especial":"1","primas":{"45":16.23},"params":{"Duraci\\u00f3n":"Hasta 8 d\\u00edas","Residente":"Espa\\u00f1a","Zona de cobertura":"Espa\\u00f1a","N\\u00famero de asegurados":"1"}}', NULL, NULL, NULL, NULL, NULL, NULL, NULL, NULL, NULL, NULL, NULL, NULL, NULL, NULL, NULL, NULL, NULL, NULL, NULL, NULL, NULL, NULL, NULL, NULL, NULL, NULL, NULL, NULL, NULL, NULL, NULL, NULL, NULL, NULL, NULL, NULL, NULL, NULL, NULL, NULL, NULL, NULL, NULL, NULL, NULL, NULL, NULL, NULL, NULL, NULL, NULL, NULL, NULL, NULL, NULL, NULL, NULL, NULL),
(1239, 1, 6, '7536014982', '2017-04-22 19:40:44', NULL, 0, 'Juan Antonio Rodríguez Conde', '636729540', 'latranfulla@gmail.com', 1, 0, 0, NULL, '{"Producto interesado":"Seguro veh\\u00edculo","Tipo de seguro":"Seguro para feriantes"}', NULL, NULL, NULL, NULL, NULL, NULL, NULL, NULL, NULL, NULL, NULL, NULL, NULL, NULL, NULL, NULL, NULL, NULL, NULL, NULL, NULL, NULL, NULL, NULL, NULL, NULL, NULL, NULL, NULL, NULL, NULL, NULL, NULL, NULL, NULL, NULL, NULL, NULL, NULL, NULL, NULL, NULL, NULL, NULL, NULL, NULL, NULL, NULL, NULL, NULL, NULL, NULL, NULL, NULL, NULL, NULL, NULL, NULL),
(1240, 9, 5, '3462085719', '2017-04-25 09:48:27', NULL, 0, 'MARIAN MUÑOZ', '649630445', 'marian@grupotat.com', 0, 0, 0, '2017-05-08 08:44:03', '{"primas":{"1":{"id":"15","prima_6m":null,"prima_9m":null,"prima_12m":150,"prima_18m":null},"4":{"id":"16","prima_6m":null,"prima_9m":null,"prima_12m":271,"prima_18m":null},"5":{"id":"47","prima_6m":null,"prima_9m":null,"prima_12m":240,"prima_18m":null}},"Tipo local":"Vivienda"}', 20, NULL, NULL, NULL, NULL, NULL, NULL, NULL, NULL, NULL, NULL, NULL, NULL, NULL, NULL, NULL, NULL, NULL, NULL, NULL, NULL, NULL, NULL, NULL, NULL, NULL, NULL, NULL, NULL, NULL, NULL, NULL, NULL, NULL, NULL, NULL, NULL, NULL, NULL, NULL, NULL, NULL, NULL, NULL, NULL, NULL, NULL, NULL, NULL, NULL, NULL, NULL, NULL, NULL, NULL, NULL, NULL, 500),
(1241, 9, 5, '1068927543', '2017-04-25 15:40:31', NULL, 0, 'angela', '911921000', 'inmuebles@assel.org', 1, 0, 0, NULL, '{"primas":{"1":{"id":"15","prima_6m":null,"prima_9m":null,"prima_12m":120,"prima_18m":null},"4":{"id":"16","prima_6m":null,"prima_9m":null,"prima_12m":217,"prima_18m":null},"5":{"id":"47","prima_6m":null,"prima_9m":null,"prima_12m":192,"prima_18m":null}},"Tipo local":"Vivienda"}', NULL, NULL, NULL, NULL, NULL, NULL, NULL, NULL, NULL, NULL, NULL, NULL, NULL, NULL, NULL, NULL, NULL, NULL, NULL, NULL, NULL, NULL, NULL, NULL, NULL, NULL, NULL, NULL, NULL, NULL, NULL, NULL, NULL, NULL, NULL, NULL, NULL, NULL, NULL, NULL, NULL, NULL, NULL, NULL, NULL, NULL, NULL, NULL, NULL, NULL, NULL, NULL, NULL, NULL, NULL, NULL, NULL, 400),
(1242, 1, 6, '0217345869', '2017-04-25 16:08:59', NULL, 0, 'Raquel ', '603797406', 'camaraolmedoraquel@gmail.com', 1, 0, 0, NULL, '{"Producto interesado":"Responsabilidad civil","Tipo de seguro":"Seguro para feriantes"}', NULL, NULL, NULL, NULL, NULL, NULL, NULL, NULL, NULL, NULL, NULL, NULL, NULL, NULL, NULL, NULL, NULL, NULL, NULL, NULL, NULL, NULL, NULL, NULL, NULL, NULL, NULL, NULL, NULL, NULL, NULL, NULL, NULL, NULL, NULL, NULL, NULL, NULL, NULL, NULL, NULL, NULL, NULL, NULL, NULL, NULL, NULL, NULL, NULL, NULL, NULL, NULL, NULL, NULL, NULL, NULL, NULL, NULL),
(1243, 1, 6, '5241976830', '2017-04-25 16:11:39', NULL, 0, 'José santiago Ferrero', '603797406', 'camaraolmedoraquel@gmail.com', 1, 0, 0, NULL, '{"Producto interesado":"Seguro veh\\u00edculo","Tipo de seguro":"Seguro para feriantes"}', NULL, NULL, NULL, NULL, NULL, NULL, NULL, NULL, NULL, NULL, NULL, NULL, NULL, NULL, NULL, NULL, NULL, NULL, NULL, NULL, NULL, NULL, NULL, NULL, NULL, NULL, NULL, NULL, NULL, NULL, NULL, NULL, NULL, NULL, NULL, NULL, NULL, NULL, NULL, NULL, NULL, NULL, NULL, NULL, NULL, NULL, NULL, NULL, NULL, NULL, NULL, NULL, NULL, NULL, NULL, NULL, NULL, NULL),
(1244, 1, 6, '4803671925', '2017-04-25 16:11:49', NULL, 0, 'José santiago Ferrero', '603797406', 'camaraolmedoraquel@gmail.com', 1, 0, 0, NULL, '{"Producto interesado":"Seguro veh\\u00edculo","Tipo de seguro":"Seguro para feriantes"}', NULL, NULL, NULL, NULL, NULL, NULL, NULL, NULL, NULL, NULL, NULL, NULL, NULL, NULL, NULL, NULL, NULL, NULL, NULL, NULL, NULL, NULL, NULL, NULL, NULL, NULL, NULL, NULL, NULL, NULL, NULL, NULL, NULL, NULL, NULL, NULL, NULL, NULL, NULL, NULL, NULL, NULL, NULL, NULL, NULL, NULL, NULL, NULL, NULL, NULL, NULL, NULL, NULL, NULL, NULL, NULL, NULL, NULL);
INSERT INTO `tarificaciones` (`id`, `correduria_id`, `ramo_id`, `codigo_tarificacion`, `fecha_creacion`, `creada_por`, `numMensajes`, `nombre_completo`, `telefono`, `email`, `activo`, `documentacionEnviada`, `contratada`, `fecha_borrado`, `data`, `deletedBy_id`, `numeroPersonas`, `vida_capital`, `vida_fechaNacimiento`, `salud_provincia_id`, `salud_contratante_id`, `salud_fechaNacimiento1`, `salud_fechaNacimiento2`, `salud_fechaNacimiento3`, `salud_fechaNacimiento4`, `salud_fechaNacimiento5`, `salud_fechaNacimiento6`, `salud_fechaNacimiento7`, `salud_fechaNacimiento8`, `salud_fechaNacimiento9`, `salud_fechaNacimiento10`, `salud_edad1`, `salud_edad2`, `salud_edad3`, `salud_edad4`, `salud_edad5`, `salud_edad6`, `salud_edad7`, `salud_edad8`, `salud_edad9`, `salud_edad10`, `decesos_provincia_id_1`, `decesos_provincia_id_2`, `decesos_provincia_id_3`, `decesos_provincia_id_4`, `decesos_provincia_id_5`, `decesos_provincia_id_6`, `decesos_provincia_id_7`, `decesos_provincia_id_8`, `decesos_provincia_id_9`, `decesos_provincia_id_10`, `decesos_fechaNacimiento1`, `decesos_fechaNacimiento2`, `decesos_fechaNacimiento3`, `decesos_fechaNacimiento4`, `decesos_fechaNacimiento5`, `decesos_fechaNacimiento6`, `decesos_fechaNacimiento7`, `decesos_fechaNacimiento8`, `decesos_fechaNacimiento9`, `decesos_fechaNacimiento10`, `decesos_edad1`, `decesos_edad2`, `decesos_edad3`, `decesos_edad4`, `decesos_edad5`, `decesos_edad6`, `decesos_edad7`, `decesos_edad8`, `decesos_edad9`, `decesos_edad10`, `alquiler_rentaMensual`, `alquiler_valorAlquiler`) VALUES
(1245, 1, 5, '2783504916', '2017-04-26 15:51:24', NULL, 0, 'Alejandra', '627761772', 'folgui68@hotmail.com', 1, 0, 0, NULL, '{"primas":{"2":{"id":"16","prima_6m":76.9,"prima_9m":149.5,"prima_12m":238.6,"prima_18m":377.2},"6":{"id":"76","prima_6m":103.68732,"prima_9m":218.0586375,"prima_12m":390.92922,"prima_18m":null}},"Tipo local":"Vivienda"}', NULL, NULL, NULL, NULL, NULL, NULL, NULL, NULL, NULL, NULL, NULL, NULL, NULL, NULL, NULL, NULL, NULL, NULL, NULL, NULL, NULL, NULL, NULL, NULL, NULL, NULL, NULL, NULL, NULL, NULL, NULL, NULL, NULL, NULL, NULL, NULL, NULL, NULL, NULL, NULL, NULL, NULL, NULL, NULL, NULL, NULL, NULL, NULL, NULL, NULL, NULL, NULL, NULL, NULL, NULL, NULL, NULL, 550),
(1246, 1, 5, '8541627309', '2017-04-27 08:24:18', NULL, 0, 'PRUEBA', '697812220', 'cristina@starazona.com', 1, 0, 0, NULL, '{"primas":{"2":{"id":"16","prima_6m":139,"prima_9m":181,"prima_12m":217,"prima_18m":229},"6":{"id":"76","prima_6m":188.5224,"prima_9m":264.3135,"prima_12m":355.3902,"prima_18m":null}},"Tipo local":"Vivienda"}', NULL, NULL, NULL, NULL, NULL, NULL, NULL, NULL, NULL, NULL, NULL, NULL, NULL, NULL, NULL, NULL, NULL, NULL, NULL, NULL, NULL, NULL, NULL, NULL, NULL, NULL, NULL, NULL, NULL, NULL, NULL, NULL, NULL, NULL, NULL, NULL, NULL, NULL, NULL, NULL, NULL, NULL, NULL, NULL, NULL, NULL, NULL, NULL, NULL, NULL, NULL, NULL, NULL, NULL, NULL, NULL, NULL, 500),
(1302, 5, 2, '2695013478', '2017-04-29 19:21:39', NULL, 0, 'ingrid de la rosa', '678341654', 'idelarosa78@yahoo.es', 1, 0, 0, NULL, '{"36":{"id_cm":"37","prima_cm":125,"id_re":"50","prima_re":0},"37":{"id_cm":"51","prima_cm":119,"id_re":"50","prima_re":0},"42":{"id_cm":"59","prima_cm":101.14,"id_re":"60","prima_re":0},"43":{"id_cm":"39","prima_cm":115.9,"id_re":"60","prima_re":0}}', NULL, 2, NULL, NULL, 9, 4, NULL, NULL, NULL, NULL, NULL, NULL, NULL, NULL, NULL, NULL, 69, 76, NULL, NULL, NULL, NULL, NULL, NULL, NULL, NULL, NULL, NULL, NULL, NULL, NULL, NULL, NULL, NULL, NULL, NULL, NULL, NULL, NULL, NULL, NULL, NULL, NULL, NULL, NULL, NULL, NULL, NULL, NULL, NULL, NULL, NULL, NULL, NULL, NULL, NULL, NULL, NULL),
(1304, 1, 6, '6120548793', '2017-05-02 02:34:25', NULL, 0, 'Sebastian Fendrik', '612267601', 'mhomeostasis@gmail.com', 1, 0, 0, NULL, '{"Producto interesado":"Responsabilidad civil","Tipo de seguro":"Seguro para feriantes"}', NULL, NULL, NULL, NULL, NULL, NULL, NULL, NULL, NULL, NULL, NULL, NULL, NULL, NULL, NULL, NULL, NULL, NULL, NULL, NULL, NULL, NULL, NULL, NULL, NULL, NULL, NULL, NULL, NULL, NULL, NULL, NULL, NULL, NULL, NULL, NULL, NULL, NULL, NULL, NULL, NULL, NULL, NULL, NULL, NULL, NULL, NULL, NULL, NULL, NULL, NULL, NULL, NULL, NULL, NULL, NULL, NULL, NULL),
(1305, 1, 5, '0964815327', '2017-05-05 08:08:31', NULL, 0, 'Jesús Bravo ', '961255555', 'atletic@redess.es', 1, 0, 0, NULL, '{"primas":{"2":{"id":"16","prima_6m":83.8,"prima_9m":109,"prima_12m":130.6,"prima_18m":137.8},"6":{"id":"76","prima_6m":113.11344,"prima_9m":158.5881,"prima_12m":213.23412,"prima_18m":null}},"Tipo local":"Vivienda"}', NULL, NULL, NULL, NULL, NULL, NULL, NULL, NULL, NULL, NULL, NULL, NULL, NULL, NULL, NULL, NULL, NULL, NULL, NULL, NULL, NULL, NULL, NULL, NULL, NULL, NULL, NULL, NULL, NULL, NULL, NULL, NULL, NULL, NULL, NULL, NULL, NULL, NULL, NULL, NULL, NULL, NULL, NULL, NULL, NULL, NULL, NULL, NULL, NULL, NULL, NULL, NULL, NULL, NULL, NULL, NULL, NULL, 300),
(1306, 1, 5, '5148920637', '2017-05-05 08:08:44', NULL, 0, 'Jesús Bravo ', '961255555', 'atletic@redess.es', 1, 0, 0, NULL, '{"primas":{"2":{"id":"16","prima_6m":83.8,"prima_9m":109,"prima_12m":130.6,"prima_18m":137.8},"6":{"id":"76","prima_6m":113.11344,"prima_9m":158.5881,"prima_12m":213.23412,"prima_18m":null}},"Tipo local":"Vivienda"}', NULL, NULL, NULL, NULL, NULL, NULL, NULL, NULL, NULL, NULL, NULL, NULL, NULL, NULL, NULL, NULL, NULL, NULL, NULL, NULL, NULL, NULL, NULL, NULL, NULL, NULL, NULL, NULL, NULL, NULL, NULL, NULL, NULL, NULL, NULL, NULL, NULL, NULL, NULL, NULL, NULL, NULL, NULL, NULL, NULL, NULL, NULL, NULL, NULL, NULL, NULL, NULL, NULL, NULL, NULL, NULL, NULL, 300),
(1307, 9, 5, '8164395702', '2017-05-05 10:22:25', NULL, 0, 'Jesús', '123456789', 'jesus@grupotat.com', 0, 0, 0, '2017-05-09 10:29:13', '{"primas":{"1":{"id":"15","prima_6m":null,"prima_9m":null,"prima_12m":236.7,"prima_18m":null},"4":{"id":"16","prima_6m":null,"prima_9m":null,"prima_12m":427.06,"prima_18m":null},"5":{"id":"47","prima_6m":null,"prima_9m":null,"prima_12m":378.72,"prima_18m":null}},"Tipo local":"Vivienda"}', 22, NULL, NULL, NULL, NULL, NULL, NULL, NULL, NULL, NULL, NULL, NULL, NULL, NULL, NULL, NULL, NULL, NULL, NULL, NULL, NULL, NULL, NULL, NULL, NULL, NULL, NULL, NULL, NULL, NULL, NULL, NULL, NULL, NULL, NULL, NULL, NULL, NULL, NULL, NULL, NULL, NULL, NULL, NULL, NULL, NULL, NULL, NULL, NULL, NULL, NULL, NULL, NULL, NULL, NULL, NULL, NULL, 789),
(1308, 9, 5, '5834792016', '2017-05-05 12:10:44', NULL, 0, 'MARIAN MUÑOZ', '649630445', 'marian@grupotat.com', 0, 0, 0, '2017-05-09 10:29:09', '{"primas":{"1":{"id":"15","prima_6m":null,"prima_9m":null,"prima_12m":15,"prima_18m":null},"4":{"id":"16","prima_6m":null,"prima_9m":null,"prima_12m":28,"prima_18m":null},"5":{"id":"47","prima_6m":null,"prima_9m":null,"prima_12m":24,"prima_18m":null}},"Tipo local":"Vivienda"}', 22, NULL, NULL, NULL, NULL, NULL, NULL, NULL, NULL, NULL, NULL, NULL, NULL, NULL, NULL, NULL, NULL, NULL, NULL, NULL, NULL, NULL, NULL, NULL, NULL, NULL, NULL, NULL, NULL, NULL, NULL, NULL, NULL, NULL, NULL, NULL, NULL, NULL, NULL, NULL, NULL, NULL, NULL, NULL, NULL, NULL, NULL, NULL, NULL, NULL, NULL, NULL, NULL, NULL, NULL, NULL, NULL, 50),
(1309, 1, 6, '5740319862', '2017-05-05 15:21:16', NULL, 0, 'Miguel Ángel Suárez suarez', '633762946', 'miguelxsj@gmail.com', 1, 0, 0, NULL, '{"Producto interesado":"Seguro veh\\u00edculo","Tipo de seguro":"Seguro para feriantes"}', NULL, NULL, NULL, NULL, NULL, NULL, NULL, NULL, NULL, NULL, NULL, NULL, NULL, NULL, NULL, NULL, NULL, NULL, NULL, NULL, NULL, NULL, NULL, NULL, NULL, NULL, NULL, NULL, NULL, NULL, NULL, NULL, NULL, NULL, NULL, NULL, NULL, NULL, NULL, NULL, NULL, NULL, NULL, NULL, NULL, NULL, NULL, NULL, NULL, NULL, NULL, NULL, NULL, NULL, NULL, NULL, NULL, NULL),
(1310, 1, 6, '1503628947', '2017-05-05 15:21:39', NULL, 0, 'Miguel Ángel Suárez suarez', '633762946', 'miguelxsj@gmail.com', 1, 0, 0, NULL, '{"Producto interesado":"Seguro veh\\u00edculo","Tipo de seguro":"Seguro para feriantes"}', NULL, NULL, NULL, NULL, NULL, NULL, NULL, NULL, NULL, NULL, NULL, NULL, NULL, NULL, NULL, NULL, NULL, NULL, NULL, NULL, NULL, NULL, NULL, NULL, NULL, NULL, NULL, NULL, NULL, NULL, NULL, NULL, NULL, NULL, NULL, NULL, NULL, NULL, NULL, NULL, NULL, NULL, NULL, NULL, NULL, NULL, NULL, NULL, NULL, NULL, NULL, NULL, NULL, NULL, NULL, NULL, NULL, NULL),
(1311, 1, 6, '5682394107', '2017-05-07 13:27:36', NULL, 0, 'roberto', '652352865', 'nhhhyg@hotmail.com', 1, 0, 0, NULL, '{"Producto interesado":"Da\\u00f1os a la atracci\\u00f3n","Tipo de seguro":"Seguro para feriantes"}', NULL, NULL, NULL, NULL, NULL, NULL, NULL, NULL, NULL, NULL, NULL, NULL, NULL, NULL, NULL, NULL, NULL, NULL, NULL, NULL, NULL, NULL, NULL, NULL, NULL, NULL, NULL, NULL, NULL, NULL, NULL, NULL, NULL, NULL, NULL, NULL, NULL, NULL, NULL, NULL, NULL, NULL, NULL, NULL, NULL, NULL, NULL, NULL, NULL, NULL, NULL, NULL, NULL, NULL, NULL, NULL, NULL, NULL),
(1315, 9, 5, '1538269407', '2017-05-08 08:19:47', NULL, 0, 'Jesús TAT (Prueba)', '123456789', 'jesus@grupotat.com', 0, 0, 0, '2017-05-09 10:29:05', '{"primas":{"1":{"id":"15","prima_6m":null,"prima_9m":null,"prima_12m":239.4,"prima_18m":null},"4":{"id":"16","prima_6m":null,"prima_9m":null,"prima_12m":431.92,"prima_18m":null},"5":{"id":"47","prima_6m":null,"prima_9m":null,"prima_12m":383.04,"prima_18m":null}},"Tipo local":"Vivienda"}', 22, NULL, NULL, NULL, NULL, NULL, NULL, NULL, NULL, NULL, NULL, NULL, NULL, NULL, NULL, NULL, NULL, NULL, NULL, NULL, NULL, NULL, NULL, NULL, NULL, NULL, NULL, NULL, NULL, NULL, NULL, NULL, NULL, NULL, NULL, NULL, NULL, NULL, NULL, NULL, NULL, NULL, NULL, NULL, NULL, NULL, NULL, NULL, NULL, NULL, NULL, NULL, NULL, NULL, NULL, NULL, NULL, 798),
(1316, 9, 5, '5792048163', '2017-05-08 08:38:18', NULL, 0, 'Jesús TAT (Prueba)', '123456789', 'jesus@grupotat.com', 0, 0, 0, '2017-05-09 10:29:01', '{"primas":{"1":{"id":"15","prima_6m":null,"prima_9m":null,"prima_12m":296.1,"prima_18m":null},"4":{"id":"16","prima_6m":null,"prima_9m":null,"prima_12m":533.98,"prima_18m":null},"5":{"id":"47","prima_6m":null,"prima_9m":null,"prima_12m":473.76,"prima_18m":null}},"Tipo local":"Vivienda"}', 22, NULL, NULL, NULL, NULL, NULL, NULL, NULL, NULL, NULL, NULL, NULL, NULL, NULL, NULL, NULL, NULL, NULL, NULL, NULL, NULL, NULL, NULL, NULL, NULL, NULL, NULL, NULL, NULL, NULL, NULL, NULL, NULL, NULL, NULL, NULL, NULL, NULL, NULL, NULL, NULL, NULL, NULL, NULL, NULL, NULL, NULL, NULL, NULL, NULL, NULL, NULL, NULL, NULL, NULL, NULL, NULL, 987),
(1336, 1, 6, '1438270695', '2017-05-09 00:32:10', NULL, 0, 'Roberto lopez muñoz', '666361882', 's1s2@hotmail.es', 1, 0, 0, NULL, '{"Producto interesado":"Accidentes","Tipo de seguro":"Seguro para feriantes"}', NULL, NULL, NULL, NULL, NULL, NULL, NULL, NULL, NULL, NULL, NULL, NULL, NULL, NULL, NULL, NULL, NULL, NULL, NULL, NULL, NULL, NULL, NULL, NULL, NULL, NULL, NULL, NULL, NULL, NULL, NULL, NULL, NULL, NULL, NULL, NULL, NULL, NULL, NULL, NULL, NULL, NULL, NULL, NULL, NULL, NULL, NULL, NULL, NULL, NULL, NULL, NULL, NULL, NULL, NULL, NULL, NULL, NULL),
(1337, 9, 5, '1549036287', '2017-05-09 07:41:46', NULL, 0, 'mercedes', '639751733', 'mercedes@grupotat.com', 0, 0, 0, '2017-05-19 10:27:18', '{"primas":{"1":{"id":"15","prima_6m":null,"prima_9m":null,"prima_12m":330,"prima_18m":null},"4":{"id":"16","prima_6m":null,"prima_9m":null,"prima_12m":595,"prima_18m":null},"5":{"id":"47","prima_6m":null,"prima_9m":null,"prima_12m":528,"prima_18m":null}},"Tipo local":"Vivienda"}', 22, NULL, NULL, NULL, NULL, NULL, NULL, NULL, NULL, NULL, NULL, NULL, NULL, NULL, NULL, NULL, NULL, NULL, NULL, NULL, NULL, NULL, NULL, NULL, NULL, NULL, NULL, NULL, NULL, NULL, NULL, NULL, NULL, NULL, NULL, NULL, NULL, NULL, NULL, NULL, NULL, NULL, NULL, NULL, NULL, NULL, NULL, NULL, NULL, NULL, NULL, NULL, NULL, NULL, NULL, NULL, NULL, 1100),
(1338, 9, 5, '8124795360', '2017-05-09 07:48:54', NULL, 0, 'ANTONIO MUÑOZ OLAYA', '639751732', 'antonio@grupotat.com', 0, 0, 0, '2017-05-19 10:27:33', '{"primas":{"1":{"id":"15","prima_6m":null,"prima_9m":null,"prima_12m":330,"prima_18m":null},"4":{"id":"16","prima_6m":null,"prima_9m":null,"prima_12m":595,"prima_18m":null},"5":{"id":"47","prima_6m":null,"prima_9m":null,"prima_12m":528,"prima_18m":null}},"Tipo local":"Vivienda"}', 22, NULL, NULL, NULL, NULL, NULL, NULL, NULL, NULL, NULL, NULL, NULL, NULL, NULL, NULL, NULL, NULL, NULL, NULL, NULL, NULL, NULL, NULL, NULL, NULL, NULL, NULL, NULL, NULL, NULL, NULL, NULL, NULL, NULL, NULL, NULL, NULL, NULL, NULL, NULL, NULL, NULL, NULL, NULL, NULL, NULL, NULL, NULL, NULL, NULL, NULL, NULL, NULL, NULL, NULL, NULL, NULL, 1100),
(1339, 9, 5, '5820397641', '2017-05-09 08:37:57', NULL, 1, 'Jmsalas Salas', '636222003', 'jmsalas@gmail.com', 1, 0, 0, NULL, '{"primas":{"1":{"id":"15","prima_6m":null,"prima_9m":null,"prima_12m":105,"prima_18m":null},"4":{"id":"16","prima_6m":null,"prima_9m":null,"prima_12m":190,"prima_18m":null},"5":{"id":"47","prima_6m":null,"prima_9m":null,"prima_12m":168,"prima_18m":null}},"Tipo local":"Vivienda"}', NULL, NULL, NULL, NULL, NULL, NULL, NULL, NULL, NULL, NULL, NULL, NULL, NULL, NULL, NULL, NULL, NULL, NULL, NULL, NULL, NULL, NULL, NULL, NULL, NULL, NULL, NULL, NULL, NULL, NULL, NULL, NULL, NULL, NULL, NULL, NULL, NULL, NULL, NULL, NULL, NULL, NULL, NULL, NULL, NULL, NULL, NULL, NULL, NULL, NULL, NULL, NULL, NULL, NULL, NULL, NULL, NULL, 350),
(1340, 9, 5, '4631059782', '2017-05-09 10:11:57', NULL, 0, 'CONCHI', '917100072', 'concepcion@grupotat.com', 0, 0, 0, '2017-05-09 10:28:55', '{"primas":{"1":{"id":"15","prima_6m":null,"prima_9m":null,"prima_12m":105,"prima_18m":null},"4":{"id":"16","prima_6m":null,"prima_9m":null,"prima_12m":190,"prima_18m":null},"5":{"id":"47","prima_6m":null,"prima_9m":null,"prima_12m":168,"prima_18m":null}},"Tipo local":"Vivienda"}', 22, NULL, NULL, NULL, NULL, NULL, NULL, NULL, NULL, NULL, NULL, NULL, NULL, NULL, NULL, NULL, NULL, NULL, NULL, NULL, NULL, NULL, NULL, NULL, NULL, NULL, NULL, NULL, NULL, NULL, NULL, NULL, NULL, NULL, NULL, NULL, NULL, NULL, NULL, NULL, NULL, NULL, NULL, NULL, NULL, NULL, NULL, NULL, NULL, NULL, NULL, NULL, NULL, NULL, NULL, NULL, NULL, 350),
(1341, 1, 6, '2601473985', '2017-05-09 11:08:43', NULL, 0, 'jaume Borras Gimenez', '670264237', 'borrasjaime@hotmail.com', 1, 0, 0, NULL, '{"Tipo de seguro":"Seguro para correfocs"}', NULL, NULL, NULL, NULL, NULL, NULL, NULL, NULL, NULL, NULL, NULL, NULL, NULL, NULL, NULL, NULL, NULL, NULL, NULL, NULL, NULL, NULL, NULL, NULL, NULL, NULL, NULL, NULL, NULL, NULL, NULL, NULL, NULL, NULL, NULL, NULL, NULL, NULL, NULL, NULL, NULL, NULL, NULL, NULL, NULL, NULL, NULL, NULL, NULL, NULL, NULL, NULL, NULL, NULL, NULL, NULL, NULL, NULL),
(1342, 9, 5, '0754631829', '2017-05-09 11:16:44', NULL, 0, 'prueba', '666555444', 'emilio@redess.es', 0, 0, 0, '2017-05-10 11:03:40', '{"primas":{"1":{"id":"15","prima_6m":null,"prima_9m":null,"prima_12m":105,"prima_18m":null},"4":{"id":"16","prima_6m":null,"prima_9m":null,"prima_12m":190,"prima_18m":null},"5":{"id":"47","prima_6m":null,"prima_9m":null,"prima_12m":168,"prima_18m":null}},"Tipo local":"Vivienda"}', 20, NULL, NULL, NULL, NULL, NULL, NULL, NULL, NULL, NULL, NULL, NULL, NULL, NULL, NULL, NULL, NULL, NULL, NULL, NULL, NULL, NULL, NULL, NULL, NULL, NULL, NULL, NULL, NULL, NULL, NULL, NULL, NULL, NULL, NULL, NULL, NULL, NULL, NULL, NULL, NULL, NULL, NULL, NULL, NULL, NULL, NULL, NULL, NULL, NULL, NULL, NULL, NULL, NULL, NULL, NULL, NULL, 350),
(1343, 9, 5, '4172689035', '2017-05-09 11:53:23', NULL, 0, 'prueba', '666555444', 'emilio@redess.es', 0, 0, 0, '2017-05-10 11:03:34', '{"primas":{"1":{"id":"15","prima_6m":null,"prima_9m":null,"prima_12m":105,"prima_18m":null},"4":{"id":"16","prima_6m":null,"prima_9m":null,"prima_12m":190,"prima_18m":null},"5":{"id":"47","prima_6m":null,"prima_9m":null,"prima_12m":168,"prima_18m":null}},"Tipo local":"Vivienda"}', 20, NULL, NULL, NULL, NULL, NULL, NULL, NULL, NULL, NULL, NULL, NULL, NULL, NULL, NULL, NULL, NULL, NULL, NULL, NULL, NULL, NULL, NULL, NULL, NULL, NULL, NULL, NULL, NULL, NULL, NULL, NULL, NULL, NULL, NULL, NULL, NULL, NULL, NULL, NULL, NULL, NULL, NULL, NULL, NULL, NULL, NULL, NULL, NULL, NULL, NULL, NULL, NULL, NULL, NULL, NULL, NULL, 350),
(1344, 1, 6, '0496157283', '2017-05-09 12:37:48', NULL, 0, 'Ester jorge rado', '603809769', 'la-mero-93@hotmail.com', 1, 0, 0, NULL, '{"Producto interesado":"Seguro veh\\u00edculo","Tipo de seguro":"Seguro para feriantes"}', NULL, NULL, NULL, NULL, NULL, NULL, NULL, NULL, NULL, NULL, NULL, NULL, NULL, NULL, NULL, NULL, NULL, NULL, NULL, NULL, NULL, NULL, NULL, NULL, NULL, NULL, NULL, NULL, NULL, NULL, NULL, NULL, NULL, NULL, NULL, NULL, NULL, NULL, NULL, NULL, NULL, NULL, NULL, NULL, NULL, NULL, NULL, NULL, NULL, NULL, NULL, NULL, NULL, NULL, NULL, NULL, NULL, NULL),
(1345, 9, 5, '7290186534', '2017-05-10 09:06:19', NULL, 1, 'Héctor ', '619170713', 'maruxa379@gmail.com', 1, 0, 0, NULL, '{"primas":{"1":{"id":"15","prima_6m":null,"prima_9m":null,"prima_12m":195,"prima_18m":null},"4":{"id":"16","prima_6m":null,"prima_9m":null,"prima_12m":352,"prima_18m":null},"5":{"id":"47","prima_6m":null,"prima_9m":null,"prima_12m":312,"prima_18m":null}},"Tipo local":"Vivienda"}', NULL, NULL, NULL, NULL, NULL, NULL, NULL, NULL, NULL, NULL, NULL, NULL, NULL, NULL, NULL, NULL, NULL, NULL, NULL, NULL, NULL, NULL, NULL, NULL, NULL, NULL, NULL, NULL, NULL, NULL, NULL, NULL, NULL, NULL, NULL, NULL, NULL, NULL, NULL, NULL, NULL, NULL, NULL, NULL, NULL, NULL, NULL, NULL, NULL, NULL, NULL, NULL, NULL, NULL, NULL, NULL, NULL, 650),
(1346, 9, 5, '9168527340', '2017-05-10 10:44:17', NULL, 1, 'Peralta Muñoz', '638770921', 'carlosperalta@msn.com', 1, 0, 0, NULL, '{"primas":{"1":{"id":"15","prima_6m":null,"prima_9m":null,"prima_12m":540,"prima_18m":null},"4":{"id":"16","prima_6m":null,"prima_9m":null,"prima_12m":973,"prima_18m":null},"5":{"id":"47","prima_6m":null,"prima_9m":null,"prima_12m":864,"prima_18m":null}},"Tipo local":"Vivienda"}', NULL, NULL, NULL, NULL, NULL, NULL, NULL, NULL, NULL, NULL, NULL, NULL, NULL, NULL, NULL, NULL, NULL, NULL, NULL, NULL, NULL, NULL, NULL, NULL, NULL, NULL, NULL, NULL, NULL, NULL, NULL, NULL, NULL, NULL, NULL, NULL, NULL, NULL, NULL, NULL, NULL, NULL, NULL, NULL, NULL, NULL, NULL, NULL, NULL, NULL, NULL, NULL, NULL, NULL, NULL, NULL, NULL, 1800),
(1347, 9, 5, '8925473106', '2017-05-10 11:17:25', NULL, 0, 'NEUS', '601300207', 'neus-cobo@hotmail.com', 1, 0, 0, NULL, '{"primas":{"1":{"id":"15","prima_6m":null,"prima_9m":null,"prima_12m":195,"prima_18m":null},"4":{"id":"16","prima_6m":null,"prima_9m":null,"prima_12m":352,"prima_18m":null},"5":{"id":"47","prima_6m":null,"prima_9m":null,"prima_12m":312,"prima_18m":null}},"Tipo local":"Vivienda"}', NULL, NULL, NULL, NULL, NULL, NULL, NULL, NULL, NULL, NULL, NULL, NULL, NULL, NULL, NULL, NULL, NULL, NULL, NULL, NULL, NULL, NULL, NULL, NULL, NULL, NULL, NULL, NULL, NULL, NULL, NULL, NULL, NULL, NULL, NULL, NULL, NULL, NULL, NULL, NULL, NULL, NULL, NULL, NULL, NULL, NULL, NULL, NULL, NULL, NULL, NULL, NULL, NULL, NULL, NULL, NULL, NULL, 650),
(1348, 9, 5, '1789034526', '2017-05-10 11:52:06', NULL, 1, 'Jose Manuel Moreno Hidalgo', '672766530', 'yamten05@hotmail.es', 1, 0, 0, NULL, '{"primas":{"1":{"id":"15","prima_6m":null,"prima_9m":null,"prima_12m":171,"prima_18m":null},"4":{"id":"16","prima_6m":null,"prima_9m":null,"prima_12m":308.8,"prima_18m":null},"5":{"id":"47","prima_6m":null,"prima_9m":null,"prima_12m":273.6,"prima_18m":null}},"Tipo local":"Vivienda"}', NULL, NULL, NULL, NULL, NULL, NULL, NULL, NULL, NULL, NULL, NULL, NULL, NULL, NULL, NULL, NULL, NULL, NULL, NULL, NULL, NULL, NULL, NULL, NULL, NULL, NULL, NULL, NULL, NULL, NULL, NULL, NULL, NULL, NULL, NULL, NULL, NULL, NULL, NULL, NULL, NULL, NULL, NULL, NULL, NULL, NULL, NULL, NULL, NULL, NULL, NULL, NULL, NULL, NULL, NULL, NULL, NULL, 570),
(1349, 9, 5, '8397152064', '2017-05-10 11:54:13', NULL, 0, 'Jose Manuel Moreno Hidalgo', '672766530', 'yamten05@hotmail.es', 0, 0, 0, '2017-05-19 10:30:48', '{"primas":{"1":{"id":"15","prima_6m":null,"prima_9m":null,"prima_12m":171,"prima_18m":null},"4":{"id":"16","prima_6m":null,"prima_9m":null,"prima_12m":308.8,"prima_18m":null},"5":{"id":"47","prima_6m":null,"prima_9m":null,"prima_12m":273.6,"prima_18m":null}},"Tipo local":"Vivienda"}', 22, NULL, NULL, NULL, NULL, NULL, NULL, NULL, NULL, NULL, NULL, NULL, NULL, NULL, NULL, NULL, NULL, NULL, NULL, NULL, NULL, NULL, NULL, NULL, NULL, NULL, NULL, NULL, NULL, NULL, NULL, NULL, NULL, NULL, NULL, NULL, NULL, NULL, NULL, NULL, NULL, NULL, NULL, NULL, NULL, NULL, NULL, NULL, NULL, NULL, NULL, NULL, NULL, NULL, NULL, NULL, NULL, 570),
(1350, 5, 7, '2964753018', '2017-05-10 13:27:11', NULL, 0, 'Juan Prueba', '922296656', 'produccion@canarisk.es', 1, 0, 0, NULL, '{"ramo_especial":"1","primas":{"45":108.38},"params":{"Duraci\\u00f3n":"Hasta 4 meses","Residente":"Espa\\u00f1a","Zona de cobertura":"Espa\\u00f1a","N\\u00famero de asegurados":"1"}}', NULL, NULL, NULL, NULL, NULL, NULL, NULL, NULL, NULL, NULL, NULL, NULL, NULL, NULL, NULL, NULL, NULL, NULL, NULL, NULL, NULL, NULL, NULL, NULL, NULL, NULL, NULL, NULL, NULL, NULL, NULL, NULL, NULL, NULL, NULL, NULL, NULL, NULL, NULL, NULL, NULL, NULL, NULL, NULL, NULL, NULL, NULL, NULL, NULL, NULL, NULL, NULL, NULL, NULL, NULL, NULL, NULL, NULL),
(1351, 5, 7, '8069452713', '2017-05-10 13:30:02', NULL, 0, 'Juan Prueba', '922296656', 'produccion@canarisk.es', 1, 0, 0, NULL, '{"ramo_especial":"1","primas":{"45":35.72},"params":{"Duraci\\u00f3n":"Hasta 31 d\\u00edas","Residente":"Espa\\u00f1a","Zona de cobertura":"Espa\\u00f1a","N\\u00famero de asegurados":"1"}}', NULL, NULL, NULL, NULL, NULL, NULL, NULL, NULL, NULL, NULL, NULL, NULL, NULL, NULL, NULL, NULL, NULL, NULL, NULL, NULL, NULL, NULL, NULL, NULL, NULL, NULL, NULL, NULL, NULL, NULL, NULL, NULL, NULL, NULL, NULL, NULL, NULL, NULL, NULL, NULL, NULL, NULL, NULL, NULL, NULL, NULL, NULL, NULL, NULL, NULL, NULL, NULL, NULL, NULL, NULL, NULL, NULL, NULL),
(1352, 5, 7, '2068951473', '2017-05-10 13:30:50', NULL, 0, 'juan delgado', '922296656', 'produccion@canarisk.es', 1, 0, 0, NULL, '{"ramo_especial":"1","primas":{"45":59.94},"params":{"Duraci\\u00f3n":"Hasta 2 meses","Residente":"Espa\\u00f1a","Zona de cobertura":"Espa\\u00f1a","N\\u00famero de asegurados":"1"}}', NULL, NULL, NULL, NULL, NULL, NULL, NULL, NULL, NULL, NULL, NULL, NULL, NULL, NULL, NULL, NULL, NULL, NULL, NULL, NULL, NULL, NULL, NULL, NULL, NULL, NULL, NULL, NULL, NULL, NULL, NULL, NULL, NULL, NULL, NULL, NULL, NULL, NULL, NULL, NULL, NULL, NULL, NULL, NULL, NULL, NULL, NULL, NULL, NULL, NULL, NULL, NULL, NULL, NULL, NULL, NULL, NULL, NULL),
(1353, 5, 7, '3175984062', '2017-05-10 13:31:32', NULL, 0, 'Juan Prueba', '922296656', 'produccion@canarisk.es', 1, 0, 0, NULL, '{"ramo_especial":"1","primas":{"45":108.38},"params":{"Duraci\\u00f3n":"Hasta 4 meses","Residente":"Espa\\u00f1a","Zona de cobertura":"Espa\\u00f1a","N\\u00famero de asegurados":"1"}}', NULL, NULL, NULL, NULL, NULL, NULL, NULL, NULL, NULL, NULL, NULL, NULL, NULL, NULL, NULL, NULL, NULL, NULL, NULL, NULL, NULL, NULL, NULL, NULL, NULL, NULL, NULL, NULL, NULL, NULL, NULL, NULL, NULL, NULL, NULL, NULL, NULL, NULL, NULL, NULL, NULL, NULL, NULL, NULL, NULL, NULL, NULL, NULL, NULL, NULL, NULL, NULL, NULL, NULL, NULL, NULL, NULL, NULL),
(1354, 5, 7, '3269751840', '2017-05-10 13:32:23', NULL, 0, 'oprueba', '922229665', 'produccion@canarisk.es', 1, 0, 0, NULL, '{"ramo_especial":"1","primas":{"45":132.6},"params":{"Duraci\\u00f3n":"Hasta 5 meses","Residente":"Espa\\u00f1a","Zona de cobertura":"Espa\\u00f1a","N\\u00famero de asegurados":"1"}}', NULL, NULL, NULL, NULL, NULL, NULL, NULL, NULL, NULL, NULL, NULL, NULL, NULL, NULL, NULL, NULL, NULL, NULL, NULL, NULL, NULL, NULL, NULL, NULL, NULL, NULL, NULL, NULL, NULL, NULL, NULL, NULL, NULL, NULL, NULL, NULL, NULL, NULL, NULL, NULL, NULL, NULL, NULL, NULL, NULL, NULL, NULL, NULL, NULL, NULL, NULL, NULL, NULL, NULL, NULL, NULL, NULL, NULL),
(1355, 5, 7, '7205694381', '2017-05-10 13:33:29', NULL, 0, 'juan delgado', '922296656', 'produccion@canarisk.es', 1, 0, 0, NULL, '{"ramo_especial":"1","primas":{"45":181.04},"params":{"Duraci\\u00f3n":"Hasta 7 meses","Residente":"Espa\\u00f1a","Zona de cobertura":"Espa\\u00f1a","N\\u00famero de asegurados":"1"}}', NULL, NULL, NULL, NULL, NULL, NULL, NULL, NULL, NULL, NULL, NULL, NULL, NULL, NULL, NULL, NULL, NULL, NULL, NULL, NULL, NULL, NULL, NULL, NULL, NULL, NULL, NULL, NULL, NULL, NULL, NULL, NULL, NULL, NULL, NULL, NULL, NULL, NULL, NULL, NULL, NULL, NULL, NULL, NULL, NULL, NULL, NULL, NULL, NULL, NULL, NULL, NULL, NULL, NULL, NULL, NULL, NULL, NULL),
(1356, 5, 7, '9031786245', '2017-05-10 13:34:46', NULL, 0, 'juan delgado', '922296656', 'produccion@canarisk.es', 1, 0, 0, NULL, '{"ramo_especial":"1","primas":{"45":205.26},"params":{"Duraci\\u00f3n":"Hasta 8 meses","Residente":"Espa\\u00f1a","Zona de cobertura":"Espa\\u00f1a","N\\u00famero de asegurados":"1"}}', NULL, NULL, NULL, NULL, NULL, NULL, NULL, NULL, NULL, NULL, NULL, NULL, NULL, NULL, NULL, NULL, NULL, NULL, NULL, NULL, NULL, NULL, NULL, NULL, NULL, NULL, NULL, NULL, NULL, NULL, NULL, NULL, NULL, NULL, NULL, NULL, NULL, NULL, NULL, NULL, NULL, NULL, NULL, NULL, NULL, NULL, NULL, NULL, NULL, NULL, NULL, NULL, NULL, NULL, NULL, NULL, NULL, NULL),
(1357, 5, 7, '3895276140', '2017-05-10 13:35:12', NULL, 0, 'juan delgado', '922296656', 'produccion@canarisk.es', 1, 0, 0, NULL, '{"ramo_especial":"1","primas":{"45":229.48},"params":{"Duraci\\u00f3n":"Hasta 9 meses","Residente":"Espa\\u00f1a","Zona de cobertura":"Espa\\u00f1a","N\\u00famero de asegurados":"1"}}', NULL, NULL, NULL, NULL, NULL, NULL, NULL, NULL, NULL, NULL, NULL, NULL, NULL, NULL, NULL, NULL, NULL, NULL, NULL, NULL, NULL, NULL, NULL, NULL, NULL, NULL, NULL, NULL, NULL, NULL, NULL, NULL, NULL, NULL, NULL, NULL, NULL, NULL, NULL, NULL, NULL, NULL, NULL, NULL, NULL, NULL, NULL, NULL, NULL, NULL, NULL, NULL, NULL, NULL, NULL, NULL, NULL, NULL),
(1358, 5, 7, '8760123945', '2017-05-10 13:35:28', NULL, 0, 'juan delgado', '922296656', 'produccion@canarisk.es', 1, 0, 0, NULL, '{"ramo_especial":"1","primas":{"45":253.7},"params":{"Duraci\\u00f3n":"Hasta 10 meses","Residente":"Espa\\u00f1a","Zona de cobertura":"Espa\\u00f1a","N\\u00famero de asegurados":"1"}}', NULL, NULL, NULL, NULL, NULL, NULL, NULL, NULL, NULL, NULL, NULL, NULL, NULL, NULL, NULL, NULL, NULL, NULL, NULL, NULL, NULL, NULL, NULL, NULL, NULL, NULL, NULL, NULL, NULL, NULL, NULL, NULL, NULL, NULL, NULL, NULL, NULL, NULL, NULL, NULL, NULL, NULL, NULL, NULL, NULL, NULL, NULL, NULL, NULL, NULL, NULL, NULL, NULL, NULL, NULL, NULL, NULL, NULL),
(1359, 5, 7, '2856470319', '2017-05-10 13:35:43', NULL, 0, 'juan delgado', '922296656', 'produccion@canarisk.es', 1, 0, 0, NULL, '{"ramo_especial":"1","primas":{"45":277.92},"params":{"Duraci\\u00f3n":"Hasta 11 meses","Residente":"Espa\\u00f1a","Zona de cobertura":"Espa\\u00f1a","N\\u00famero de asegurados":"1"}}', NULL, NULL, NULL, NULL, NULL, NULL, NULL, NULL, NULL, NULL, NULL, NULL, NULL, NULL, NULL, NULL, NULL, NULL, NULL, NULL, NULL, NULL, NULL, NULL, NULL, NULL, NULL, NULL, NULL, NULL, NULL, NULL, NULL, NULL, NULL, NULL, NULL, NULL, NULL, NULL, NULL, NULL, NULL, NULL, NULL, NULL, NULL, NULL, NULL, NULL, NULL, NULL, NULL, NULL, NULL, NULL, NULL, NULL),
(1360, 5, 7, '0317845269', '2017-05-10 13:35:56', NULL, 0, 'juan delgado', '922296656', 'produccion@canarisk.es', 1, 0, 0, NULL, '{"ramo_especial":"1","primas":{"45":302.14},"params":{"Duraci\\u00f3n":"Hasta 362 d\\u00edas","Residente":"Espa\\u00f1a","Zona de cobertura":"Espa\\u00f1a","N\\u00famero de asegurados":"1"}}', NULL, NULL, NULL, NULL, NULL, NULL, NULL, NULL, NULL, NULL, NULL, NULL, NULL, NULL, NULL, NULL, NULL, NULL, NULL, NULL, NULL, NULL, NULL, NULL, NULL, NULL, NULL, NULL, NULL, NULL, NULL, NULL, NULL, NULL, NULL, NULL, NULL, NULL, NULL, NULL, NULL, NULL, NULL, NULL, NULL, NULL, NULL, NULL, NULL, NULL, NULL, NULL, NULL, NULL, NULL, NULL, NULL, NULL),
(1361, 5, 7, '4672183590', '2017-05-10 13:38:43', NULL, 0, 'JUAN DELGADO', '922296656', 'produccion@canarisk.es', 1, 0, 0, NULL, '{"ramo_especial":"1","primas":{"45":302.14},"params":{"Duraci\\u00f3n":"Hasta 362 d\\u00edas","Residente":"Espa\\u00f1a","Zona de cobertura":"Espa\\u00f1a","N\\u00famero de asegurados":"1"}}', NULL, NULL, NULL, NULL, NULL, NULL, NULL, NULL, NULL, NULL, NULL, NULL, NULL, NULL, NULL, NULL, NULL, NULL, NULL, NULL, NULL, NULL, NULL, NULL, NULL, NULL, NULL, NULL, NULL, NULL, NULL, NULL, NULL, NULL, NULL, NULL, NULL, NULL, NULL, NULL, NULL, NULL, NULL, NULL, NULL, NULL, NULL, NULL, NULL, NULL, NULL, NULL, NULL, NULL, NULL, NULL, NULL, NULL),
(1362, 5, 7, '4589167023', '2017-05-10 13:45:20', NULL, 0, 'JUAN PRUEBA', '922296656', 'produccion@canarisk.es', 1, 0, 0, NULL, '{"ramo_especial":"1","primas":{"45":246.66},"params":{"Duraci\\u00f3n":"Hasta 4 meses","Residente":"Espa\\u00f1a","Zona de cobertura":"Mundo","N\\u00famero de asegurados":"1"}}', NULL, NULL, NULL, NULL, NULL, NULL, NULL, NULL, NULL, NULL, NULL, NULL, NULL, NULL, NULL, NULL, NULL, NULL, NULL, NULL, NULL, NULL, NULL, NULL, NULL, NULL, NULL, NULL, NULL, NULL, NULL, NULL, NULL, NULL, NULL, NULL, NULL, NULL, NULL, NULL, NULL, NULL, NULL, NULL, NULL, NULL, NULL, NULL, NULL, NULL, NULL, NULL, NULL, NULL, NULL, NULL, NULL, NULL),
(1363, 5, 7, '9362704851', '2017-05-10 13:45:58', NULL, 0, 'JUAN PRUEBA', '922296656', 'produccion@canarisk.es', 1, 0, 0, NULL, '{"ramo_especial":"1","primas":{"45":108.38},"params":{"Duraci\\u00f3n":"Hasta 4 meses","Residente":"Espa\\u00f1a","Zona de cobertura":"Espa\\u00f1a","N\\u00famero de asegurados":"1"}}', NULL, NULL, NULL, NULL, NULL, NULL, NULL, NULL, NULL, NULL, NULL, NULL, NULL, NULL, NULL, NULL, NULL, NULL, NULL, NULL, NULL, NULL, NULL, NULL, NULL, NULL, NULL, NULL, NULL, NULL, NULL, NULL, NULL, NULL, NULL, NULL, NULL, NULL, NULL, NULL, NULL, NULL, NULL, NULL, NULL, NULL, NULL, NULL, NULL, NULL, NULL, NULL, NULL, NULL, NULL, NULL, NULL, NULL),
(1364, 5, 7, '5176403928', '2017-05-10 13:46:14', NULL, 0, 'JUAN PRUEBA', '922296656', 'produccion@canarisk.es', 1, 0, 0, NULL, '{"ramo_especial":"1","primas":{"45":146.63},"params":{"Duraci\\u00f3n":"Hasta 4 meses","Residente":"Espa\\u00f1a","Zona de cobertura":"Europa","N\\u00famero de asegurados":"1"}}', NULL, NULL, NULL, NULL, NULL, NULL, NULL, NULL, NULL, NULL, NULL, NULL, NULL, NULL, NULL, NULL, NULL, NULL, NULL, NULL, NULL, NULL, NULL, NULL, NULL, NULL, NULL, NULL, NULL, NULL, NULL, NULL, NULL, NULL, NULL, NULL, NULL, NULL, NULL, NULL, NULL, NULL, NULL, NULL, NULL, NULL, NULL, NULL, NULL, NULL, NULL, NULL, NULL, NULL, NULL, NULL, NULL, NULL),
(1365, 9, 5, '9315207486', '2017-05-10 13:47:27', 22, 0, 'conchi', '917100072', 'concepcion@grupotat.com', 0, 0, 0, '2017-05-12 12:05:32', '{"primas":{"1":{"id":"15","prima_6m":null,"prima_9m":null,"prima_12m":150,"prima_18m":null},"4":{"id":"16","prima_6m":null,"prima_9m":null,"prima_12m":271,"prima_18m":null},"5":{"id":"47","prima_6m":null,"prima_9m":null,"prima_12m":240,"prima_18m":null}},"Tipo local":"Vivienda"}', 22, NULL, NULL, NULL, NULL, NULL, NULL, NULL, NULL, NULL, NULL, NULL, NULL, NULL, NULL, NULL, NULL, NULL, NULL, NULL, NULL, NULL, NULL, NULL, NULL, NULL, NULL, NULL, NULL, NULL, NULL, NULL, NULL, NULL, NULL, NULL, NULL, NULL, NULL, NULL, NULL, NULL, NULL, NULL, NULL, NULL, NULL, NULL, NULL, NULL, NULL, NULL, NULL, NULL, NULL, NULL, NULL, 500),
(1366, 5, 7, '2091537486', '2017-05-10 13:48:13', NULL, 0, 'prueba juan', '922296656', 'produccion@canarisk.es', 1, 0, 0, NULL, '{"ramo_especial":"1","primas":{"45":73.97},"params":{"Duraci\\u00f3n":"Hasta 31 d\\u00edas","Residente":"Espa\\u00f1a","Zona de cobertura":"Europa","N\\u00famero de asegurados":"1"}}', NULL, NULL, NULL, NULL, NULL, NULL, NULL, NULL, NULL, NULL, NULL, NULL, NULL, NULL, NULL, NULL, NULL, NULL, NULL, NULL, NULL, NULL, NULL, NULL, NULL, NULL, NULL, NULL, NULL, NULL, NULL, NULL, NULL, NULL, NULL, NULL, NULL, NULL, NULL, NULL, NULL, NULL, NULL, NULL, NULL, NULL, NULL, NULL, NULL, NULL, NULL, NULL, NULL, NULL, NULL, NULL, NULL, NULL),
(1367, 5, 7, '9028164375', '2017-05-10 13:49:29', NULL, 0, 'juan', '922296656', 'produccion@canarisk.es', 1, 0, 0, NULL, '{"ramo_especial":"1","primas":{"45":122.41},"params":{"Duraci\\u00f3n":"Hasta 3 meses","Residente":"Espa\\u00f1a","Zona de cobertura":"Europa","N\\u00famero de asegurados":"1"}}', NULL, NULL, NULL, NULL, NULL, NULL, NULL, NULL, NULL, NULL, NULL, NULL, NULL, NULL, NULL, NULL, NULL, NULL, NULL, NULL, NULL, NULL, NULL, NULL, NULL, NULL, NULL, NULL, NULL, NULL, NULL, NULL, NULL, NULL, NULL, NULL, NULL, NULL, NULL, NULL, NULL, NULL, NULL, NULL, NULL, NULL, NULL, NULL, NULL, NULL, NULL, NULL, NULL, NULL, NULL, NULL, NULL, NULL),
(1368, 5, 7, '8412756039', '2017-05-10 13:52:42', NULL, 0, 'PRUEBA', '922296656', 'produccion@canarisk.es', 1, 0, 0, NULL, '{"ramo_especial":"1","primas":{"45":122.41},"params":{"Duraci\\u00f3n":"Hasta 3 meses","Residente":"Espa\\u00f1a","Zona de cobertura":"Europa","N\\u00famero de asegurados":"1"}}', NULL, NULL, NULL, NULL, NULL, NULL, NULL, NULL, NULL, NULL, NULL, NULL, NULL, NULL, NULL, NULL, NULL, NULL, NULL, NULL, NULL, NULL, NULL, NULL, NULL, NULL, NULL, NULL, NULL, NULL, NULL, NULL, NULL, NULL, NULL, NULL, NULL, NULL, NULL, NULL, NULL, NULL, NULL, NULL, NULL, NULL, NULL, NULL, NULL, NULL, NULL, NULL, NULL, NULL, NULL, NULL, NULL, NULL),
(1369, 5, 7, '6147930258', '2017-05-10 13:57:35', NULL, 0, 'PRUEBA', '922296656', 'produccion@canarisk.es', 1, 0, 0, NULL, '{"ramo_especial":"1","primas":{"45":222.44},"params":{"Duraci\\u00f3n":"Hasta 3 meses","Residente":"Espa\\u00f1a","Zona de cobertura":"Mundo","N\\u00famero de asegurados":"1"}}', NULL, NULL, NULL, NULL, NULL, NULL, NULL, NULL, NULL, NULL, NULL, NULL, NULL, NULL, NULL, NULL, NULL, NULL, NULL, NULL, NULL, NULL, NULL, NULL, NULL, NULL, NULL, NULL, NULL, NULL, NULL, NULL, NULL, NULL, NULL, NULL, NULL, NULL, NULL, NULL, NULL, NULL, NULL, NULL, NULL, NULL, NULL, NULL, NULL, NULL, NULL, NULL, NULL, NULL, NULL, NULL, NULL, NULL),
(1370, 9, 5, '2157364890', '2017-05-10 13:59:20', NULL, 0, 'Beatriz Cuenca Cuenca', '656667449', 'beat.cuenca@gmail.com', 1, 0, 0, NULL, '{"primas":{"1":{"id":"15","prima_6m":null,"prima_9m":null,"prima_12m":450,"prima_18m":null},"4":{"id":"16","prima_6m":null,"prima_9m":null,"prima_12m":811,"prima_18m":null},"5":{"id":"47","prima_6m":null,"prima_9m":null,"prima_12m":720,"prima_18m":null}},"Tipo local":"Vivienda"}', NULL, NULL, NULL, NULL, NULL, NULL, NULL, NULL, NULL, NULL, NULL, NULL, NULL, NULL, NULL, NULL, NULL, NULL, NULL, NULL, NULL, NULL, NULL, NULL, NULL, NULL, NULL, NULL, NULL, NULL, NULL, NULL, NULL, NULL, NULL, NULL, NULL, NULL, NULL, NULL, NULL, NULL, NULL, NULL, NULL, NULL, NULL, NULL, NULL, NULL, NULL, NULL, NULL, NULL, NULL, NULL, NULL, 1500),
(1371, 5, 7, '3769421850', '2017-05-10 14:00:05', NULL, 0, 'PRUEBA', '922296656', 'produccion@canarisk.es', 1, 0, 0, NULL, '{"ramo_especial":"1","primas":{"45":122.41},"params":{"Duraci\\u00f3n":"Hasta 3 meses","Residente":"Europa","Zona de cobertura":"Espa\\u00f1a","N\\u00famero de asegurados":"1"}}', NULL, NULL, NULL, NULL, NULL, NULL, NULL, NULL, NULL, NULL, NULL, NULL, NULL, NULL, NULL, NULL, NULL, NULL, NULL, NULL, NULL, NULL, NULL, NULL, NULL, NULL, NULL, NULL, NULL, NULL, NULL, NULL, NULL, NULL, NULL, NULL, NULL, NULL, NULL, NULL, NULL, NULL, NULL, NULL, NULL, NULL, NULL, NULL, NULL, NULL, NULL, NULL, NULL, NULL, NULL, NULL, NULL, NULL),
(1372, 5, 7, '0346129857', '2017-05-10 14:01:04', NULL, 0, 'PRUEBA', '922296656', 'produccion@canarisk.es', 1, 0, 0, NULL, '{"ramo_especial":"1","primas":{"45":222.44},"params":{"Duraci\\u00f3n":"Hasta 3 meses","Residente":"Mundo","Zona de cobertura":"Espa\\u00f1a","N\\u00famero de asegurados":"1"}}', NULL, NULL, NULL, NULL, NULL, NULL, NULL, NULL, NULL, NULL, NULL, NULL, NULL, NULL, NULL, NULL, NULL, NULL, NULL, NULL, NULL, NULL, NULL, NULL, NULL, NULL, NULL, NULL, NULL, NULL, NULL, NULL, NULL, NULL, NULL, NULL, NULL, NULL, NULL, NULL, NULL, NULL, NULL, NULL, NULL, NULL, NULL, NULL, NULL, NULL, NULL, NULL, NULL, NULL, NULL, NULL, NULL, NULL),
(1373, 5, 7, '2176309458', '2017-05-10 14:01:52', NULL, 0, 'PRUEBA', '922296656', 'produccion@canarisk.es', 1, 0, 0, NULL, '{"ramo_especial":"1","primas":{"45":222.44},"params":{"Duraci\\u00f3n":"Hasta 3 meses","Residente":"Mundo","Zona de cobertura":"Espa\\u00f1a","N\\u00famero de asegurados":"1"}}', NULL, NULL, NULL, NULL, NULL, NULL, NULL, NULL, NULL, NULL, NULL, NULL, NULL, NULL, NULL, NULL, NULL, NULL, NULL, NULL, NULL, NULL, NULL, NULL, NULL, NULL, NULL, NULL, NULL, NULL, NULL, NULL, NULL, NULL, NULL, NULL, NULL, NULL, NULL, NULL, NULL, NULL, NULL, NULL, NULL, NULL, NULL, NULL, NULL, NULL, NULL, NULL, NULL, NULL, NULL, NULL, NULL, NULL),
(1374, 9, 5, '1628403597', '2017-05-10 14:10:15', NULL, 1, 'Debora', '663414813', 'deboritikas@hotmail.es', 1, 0, 0, NULL, '{"primas":{"1":{"id":"15","prima_6m":null,"prima_9m":null,"prima_12m":90,"prima_18m":null},"4":{"id":"16","prima_6m":null,"prima_9m":null,"prima_12m":163,"prima_18m":null},"5":{"id":"47","prima_6m":null,"prima_9m":null,"prima_12m":144,"prima_18m":null}},"Tipo local":"Vivienda"}', NULL, NULL, NULL, NULL, NULL, NULL, NULL, NULL, NULL, NULL, NULL, NULL, NULL, NULL, NULL, NULL, NULL, NULL, NULL, NULL, NULL, NULL, NULL, NULL, NULL, NULL, NULL, NULL, NULL, NULL, NULL, NULL, NULL, NULL, NULL, NULL, NULL, NULL, NULL, NULL, NULL, NULL, NULL, NULL, NULL, NULL, NULL, NULL, NULL, NULL, NULL, NULL, NULL, NULL, NULL, NULL, NULL, 300),
(1375, 9, 5, '0175398246', '2017-05-10 14:51:12', NULL, 0, 'Peralta Muñoz', '638770921', 'carlosperalta@msn.com', 0, 0, 0, '2017-05-19 10:32:32', '{"primas":{"1":{"id":"15","prima_6m":null,"prima_9m":null,"prima_12m":540,"prima_18m":null},"4":{"id":"16","prima_6m":null,"prima_9m":null,"prima_12m":973,"prima_18m":null},"5":{"id":"47","prima_6m":null,"prima_9m":null,"prima_12m":864,"prima_18m":null}},"Tipo local":"Vivienda"}', 22, NULL, NULL, NULL, NULL, NULL, NULL, NULL, NULL, NULL, NULL, NULL, NULL, NULL, NULL, NULL, NULL, NULL, NULL, NULL, NULL, NULL, NULL, NULL, NULL, NULL, NULL, NULL, NULL, NULL, NULL, NULL, NULL, NULL, NULL, NULL, NULL, NULL, NULL, NULL, NULL, NULL, NULL, NULL, NULL, NULL, NULL, NULL, NULL, NULL, NULL, NULL, NULL, NULL, NULL, NULL, NULL, 1800),
(1376, 9, 5, '8653794210', '2017-05-10 15:14:43', NULL, 1, 'Francisca Selva', '630481667', 'xescaselva@gmail.com', 1, 0, 0, NULL, '{"primas":{"1":{"id":"15","prima_6m":null,"prima_9m":null,"prima_12m":189,"prima_18m":null},"4":{"id":"16","prima_6m":null,"prima_9m":null,"prima_12m":341.2,"prima_18m":null},"5":{"id":"47","prima_6m":null,"prima_9m":null,"prima_12m":302.4,"prima_18m":null}},"Tipo local":"Vivienda"}', NULL, NULL, NULL, NULL, NULL, NULL, NULL, NULL, NULL, NULL, NULL, NULL, NULL, NULL, NULL, NULL, NULL, NULL, NULL, NULL, NULL, NULL, NULL, NULL, NULL, NULL, NULL, NULL, NULL, NULL, NULL, NULL, NULL, NULL, NULL, NULL, NULL, NULL, NULL, NULL, NULL, NULL, NULL, NULL, NULL, NULL, NULL, NULL, NULL, NULL, NULL, NULL, NULL, NULL, NULL, NULL, NULL, 630),
(1377, 9, 5, '6578309421', '2017-05-11 08:49:10', NULL, 0, 'Maria ', '649630445', 'marian@grupotat.com', 0, 0, 0, '2017-05-12 11:05:32', '{"primas":{"1":{"id":"15","prima_6m":null,"prima_9m":null,"prima_12m":270,"prima_18m":null},"4":{"id":"16","prima_6m":null,"prima_9m":null,"prima_12m":487,"prima_18m":null},"5":{"id":"47","prima_6m":null,"prima_9m":null,"prima_12m":432,"prima_18m":null}},"Tipo local":"Vivienda"}', 22, NULL, NULL, NULL, NULL, NULL, NULL, NULL, NULL, NULL, NULL, NULL, NULL, NULL, NULL, NULL, NULL, NULL, NULL, NULL, NULL, NULL, NULL, NULL, NULL, NULL, NULL, NULL, NULL, NULL, NULL, NULL, NULL, NULL, NULL, NULL, NULL, NULL, NULL, NULL, NULL, NULL, NULL, NULL, NULL, NULL, NULL, NULL, NULL, NULL, NULL, NULL, NULL, NULL, NULL, NULL, NULL, 900),
(1378, 9, 5, '8497136250', '2017-05-11 08:59:39', NULL, 0, 'Maria ', '649630445', 'marian@grupotat.com', 0, 0, 0, '2017-05-12 11:05:25', '{"primas":{"1":{"id":"15","prima_6m":null,"prima_9m":null,"prima_12m":270,"prima_18m":null},"4":{"id":"16","prima_6m":null,"prima_9m":null,"prima_12m":487,"prima_18m":null},"5":{"id":"47","prima_6m":null,"prima_9m":null,"prima_12m":432,"prima_18m":null}},"Tipo local":"Vivienda"}', 22, NULL, NULL, NULL, NULL, NULL, NULL, NULL, NULL, NULL, NULL, NULL, NULL, NULL, NULL, NULL, NULL, NULL, NULL, NULL, NULL, NULL, NULL, NULL, NULL, NULL, NULL, NULL, NULL, NULL, NULL, NULL, NULL, NULL, NULL, NULL, NULL, NULL, NULL, NULL, NULL, NULL, NULL, NULL, NULL, NULL, NULL, NULL, NULL, NULL, NULL, NULL, NULL, NULL, NULL, NULL, NULL, 900),
(1379, 9, 5, '4105673892', '2017-05-11 09:38:01', NULL, 0, 'LOLA', '647503193', 'lola@grupotat.com', 0, 0, 0, '2017-05-12 11:05:17', '{"primas":{"1":{"id":"15","prima_6m":null,"prima_9m":null,"prima_12m":180,"prima_18m":null},"4":{"id":"16","prima_6m":null,"prima_9m":null,"prima_12m":325,"prima_18m":null},"5":{"id":"47","prima_6m":null,"prima_9m":null,"prima_12m":288,"prima_18m":null}},"Tipo local":"Vivienda"}', 22, NULL, NULL, NULL, NULL, NULL, NULL, NULL, NULL, NULL, NULL, NULL, NULL, NULL, NULL, NULL, NULL, NULL, NULL, NULL, NULL, NULL, NULL, NULL, NULL, NULL, NULL, NULL, NULL, NULL, NULL, NULL, NULL, NULL, NULL, NULL, NULL, NULL, NULL, NULL, NULL, NULL, NULL, NULL, NULL, NULL, NULL, NULL, NULL, NULL, NULL, NULL, NULL, NULL, NULL, NULL, NULL, 600),
(1380, 5, 7, '7512064839', '2017-05-11 10:10:08', NULL, 0, 'prueba', '666555444', 'emilio@redess.es', 1, 0, 0, NULL, '{"ramo_especial":"1","primas":{"45":122.41},"params":{"Duraci\\u00f3n":"Hasta 3 meses","Residente":"Espa\\u00f1a","Zona de cobertura":"Europa","N\\u00famero de asegurados":"1"}}', NULL, NULL, NULL, NULL, NULL, NULL, NULL, NULL, NULL, NULL, NULL, NULL, NULL, NULL, NULL, NULL, NULL, NULL, NULL, NULL, NULL, NULL, NULL, NULL, NULL, NULL, NULL, NULL, NULL, NULL, NULL, NULL, NULL, NULL, NULL, NULL, NULL, NULL, NULL, NULL, NULL, NULL, NULL, NULL, NULL, NULL, NULL, NULL, NULL, NULL, NULL, NULL, NULL, NULL, NULL, NULL, NULL, NULL),
(1381, 5, 7, '6890712354', '2017-05-11 10:16:02', NULL, 0, 'prueba', '666555444', 'emilio@redess.es', 1, 0, 0, NULL, '{"ramo_especial":"1","primas":{"45":169.31},"params":{"Duraci\\u00f3n":"Hasta 3 meses","Residente":"Espa\\u00f1a","Zona de cobertura":"Europa","N\\u00famero de asegurados":"1"}}', NULL, NULL, NULL, NULL, NULL, NULL, NULL, NULL, NULL, NULL, NULL, NULL, NULL, NULL, NULL, NULL, NULL, NULL, NULL, NULL, NULL, NULL, NULL, NULL, NULL, NULL, NULL, NULL, NULL, NULL, NULL, NULL, NULL, NULL, NULL, NULL, NULL, NULL, NULL, NULL, NULL, NULL, NULL, NULL, NULL, NULL, NULL, NULL, NULL, NULL, NULL, NULL, NULL, NULL, NULL, NULL, NULL, NULL),
(1382, 5, 7, '0124836957', '2017-05-11 10:16:31', NULL, 0, 'prueba', '666555444', 'emilio@redess.es', 1, 0, 0, NULL, '{"ramo_especial":"1","primas":{"45":495.44},"params":{"Duraci\\u00f3n":"Hasta 3 meses","Residente":"Espa\\u00f1a","Zona de cobertura":"Mundo","N\\u00famero de asegurados":"1"}}', NULL, NULL, NULL, NULL, NULL, NULL, NULL, NULL, NULL, NULL, NULL, NULL, NULL, NULL, NULL, NULL, NULL, NULL, NULL, NULL, NULL, NULL, NULL, NULL, NULL, NULL, NULL, NULL, NULL, NULL, NULL, NULL, NULL, NULL, NULL, NULL, NULL, NULL, NULL, NULL, NULL, NULL, NULL, NULL, NULL, NULL, NULL, NULL, NULL, NULL, NULL, NULL, NULL, NULL, NULL, NULL, NULL, NULL),
(1383, 5, 7, '7365189240', '2017-05-11 10:17:54', NULL, 0, 'prueba', '666555444', 'emilio@redess.es', 1, 0, 0, NULL, '{"ramo_especial":"1","primas":{"45":495.54},"params":{"Duraci\\u00f3n":"Hasta 3 meses","Residente":"Espa\\u00f1a","Zona de cobertura":"Mundo","N\\u00famero de asegurados":"1"}}', NULL, NULL, NULL, NULL, NULL, NULL, NULL, NULL, NULL, NULL, NULL, NULL, NULL, NULL, NULL, NULL, NULL, NULL, NULL, NULL, NULL, NULL, NULL, NULL, NULL, NULL, NULL, NULL, NULL, NULL, NULL, NULL, NULL, NULL, NULL, NULL, NULL, NULL, NULL, NULL, NULL, NULL, NULL, NULL, NULL, NULL, NULL, NULL, NULL, NULL, NULL, NULL, NULL, NULL, NULL, NULL, NULL, NULL),
(1384, 5, 7, '5941238706', '2017-05-11 10:18:31', NULL, 0, 'prueba', '666555444', 'emilio@redess.es', 1, 0, 0, NULL, '{"ramo_especial":"1","primas":{"45":169.31},"params":{"Duraci\\u00f3n":"Hasta 3 meses","Residente":"Europa","Zona de cobertura":"Espa\\u00f1a","N\\u00famero de asegurados":"1"}}', NULL, NULL, NULL, NULL, NULL, NULL, NULL, NULL, NULL, NULL, NULL, NULL, NULL, NULL, NULL, NULL, NULL, NULL, NULL, NULL, NULL, NULL, NULL, NULL, NULL, NULL, NULL, NULL, NULL, NULL, NULL, NULL, NULL, NULL, NULL, NULL, NULL, NULL, NULL, NULL, NULL, NULL, NULL, NULL, NULL, NULL, NULL, NULL, NULL, NULL, NULL, NULL, NULL, NULL, NULL, NULL, NULL, NULL),
(1385, 5, 7, '4376821095', '2017-05-11 10:19:19', NULL, 0, 'prueba', '666555444', 'emilio@redess.es', 1, 0, 0, NULL, '{"ramo_especial":"1","primas":{"45":495.54},"params":{"Duraci\\u00f3n":"Hasta 3 meses","Residente":"Mundo","Zona de cobertura":"Espa\\u00f1a","N\\u00famero de asegurados":"1"}}', NULL, NULL, NULL, NULL, NULL, NULL, NULL, NULL, NULL, NULL, NULL, NULL, NULL, NULL, NULL, NULL, NULL, NULL, NULL, NULL, NULL, NULL, NULL, NULL, NULL, NULL, NULL, NULL, NULL, NULL, NULL, NULL, NULL, NULL, NULL, NULL, NULL, NULL, NULL, NULL, NULL, NULL, NULL, NULL, NULL, NULL, NULL, NULL, NULL, NULL, NULL, NULL, NULL, NULL, NULL, NULL, NULL, NULL),
(1386, 5, 7, '7230951486', '2017-05-11 10:19:33', NULL, 0, 'prueba', '666555444', 'emilio@redess.es', 1, 0, 0, NULL, '{"ramo_especial":"1","primas":{"45":84.16},"params":{"Duraci\\u00f3n":"Hasta 3 meses","Residente":"Espa\\u00f1a","Zona de cobertura":"Espa\\u00f1a","N\\u00famero de asegurados":"1"}}', NULL, NULL, NULL, NULL, NULL, NULL, NULL, NULL, NULL, NULL, NULL, NULL, NULL, NULL, NULL, NULL, NULL, NULL, NULL, NULL, NULL, NULL, NULL, NULL, NULL, NULL, NULL, NULL, NULL, NULL, NULL, NULL, NULL, NULL, NULL, NULL, NULL, NULL, NULL, NULL, NULL, NULL, NULL, NULL, NULL, NULL, NULL, NULL, NULL, NULL, NULL, NULL, NULL, NULL, NULL, NULL, NULL, NULL),
(1387, 5, 7, '6035479821', '2017-05-11 10:27:14', NULL, 0, 'prueba', '666555444', 'emilio@redess.es', 1, 0, 0, NULL, '{"ramo_especial":"1","primas":{"45":84.16},"params":{"Duraci\\u00f3n":"Hasta 3 meses","Residente":"Espa\\u00f1a","Zona de cobertura":"Espa\\u00f1a","N\\u00famero de asegurados":"1"}}', NULL, NULL, NULL, NULL, NULL, NULL, NULL, NULL, NULL, NULL, NULL, NULL, NULL, NULL, NULL, NULL, NULL, NULL, NULL, NULL, NULL, NULL, NULL, NULL, NULL, NULL, NULL, NULL, NULL, NULL, NULL, NULL, NULL, NULL, NULL, NULL, NULL, NULL, NULL, NULL, NULL, NULL, NULL, NULL, NULL, NULL, NULL, NULL, NULL, NULL, NULL, NULL, NULL, NULL, NULL, NULL, NULL, NULL),
(1388, 1, 5, '0942561783', '2017-05-11 11:02:59', NULL, 0, 'Yolanda', '699938247', 'ymatinez@preventiva.com', 1, 0, 0, NULL, '{"primas":{"2":{"id":"16","prima_6m":332.2,"prima_9m":433,"prima_12m":519.4,"prima_18m":548.2},"6":{"id":"76","prima_6m":452.45376,"prima_9m":634.3524,"prima_12m":852.93648,"prima_18m":null}},"Tipo local":"Vivienda"}', NULL, NULL, NULL, NULL, NULL, NULL, NULL, NULL, NULL, NULL, NULL, NULL, NULL, NULL, NULL, NULL, NULL, NULL, NULL, NULL, NULL, NULL, NULL, NULL, NULL, NULL, NULL, NULL, NULL, NULL, NULL, NULL, NULL, NULL, NULL, NULL, NULL, NULL, NULL, NULL, NULL, NULL, NULL, NULL, NULL, NULL, NULL, NULL, NULL, NULL, NULL, NULL, NULL, NULL, NULL, NULL, NULL, 1200),
(1389, 1, 5, '2319465708', '2017-05-11 11:04:14', NULL, 0, 'Jesús Bravo PRUEBAS', '961255555', 'jbravo@redess.es', 1, 0, 0, NULL, '{"primas":{"2":{"id":"16","prima_6m":332.2,"prima_9m":433,"prima_12m":519.4,"prima_18m":548.2},"6":{"id":"76","prima_6m":452.45376,"prima_9m":634.3524,"prima_12m":852.93648,"prima_18m":null}},"Tipo local":"Vivienda"}', NULL, NULL, NULL, NULL, NULL, NULL, NULL, NULL, NULL, NULL, NULL, NULL, NULL, NULL, NULL, NULL, NULL, NULL, NULL, NULL, NULL, NULL, NULL, NULL, NULL, NULL, NULL, NULL, NULL, NULL, NULL, NULL, NULL, NULL, NULL, NULL, NULL, NULL, NULL, NULL, NULL, NULL, NULL, NULL, NULL, NULL, NULL, NULL, NULL, NULL, NULL, NULL, NULL, NULL, NULL, NULL, NULL, 1200),
(1390, 1, 6, '7058691432', '2017-05-11 11:22:23', NULL, 0, 'Rafael Byczyk', '681679230', 'tts.rafal23@gmail.com', 1, 0, 0, NULL, '{"Producto interesado":"Seguro veh\\u00edculo","Tipo de seguro":"Seguro para feriantes"}', NULL, NULL, NULL, NULL, NULL, NULL, NULL, NULL, NULL, NULL, NULL, NULL, NULL, NULL, NULL, NULL, NULL, NULL, NULL, NULL, NULL, NULL, NULL, NULL, NULL, NULL, NULL, NULL, NULL, NULL, NULL, NULL, NULL, NULL, NULL, NULL, NULL, NULL, NULL, NULL, NULL, NULL, NULL, NULL, NULL, NULL, NULL, NULL, NULL, NULL, NULL, NULL, NULL, NULL, NULL, NULL, NULL, NULL),
(1391, 9, 5, '5973420168', '2017-05-11 13:26:16', NULL, 1, 'DAVID MORALES MESA', '678449466', 'endamaju2013@gmail.com', 1, 0, 0, NULL, '{"primas":{"1":{"id":"15","prima_6m":null,"prima_9m":null,"prima_12m":120,"prima_18m":null},"4":{"id":"16","prima_6m":null,"prima_9m":null,"prima_12m":217,"prima_18m":null},"5":{"id":"47","prima_6m":null,"prima_9m":null,"prima_12m":192,"prima_18m":null}},"Tipo local":"Vivienda"}', NULL, NULL, NULL, NULL, NULL, NULL, NULL, NULL, NULL, NULL, NULL, NULL, NULL, NULL, NULL, NULL, NULL, NULL, NULL, NULL, NULL, NULL, NULL, NULL, NULL, NULL, NULL, NULL, NULL, NULL, NULL, NULL, NULL, NULL, NULL, NULL, NULL, NULL, NULL, NULL, NULL, NULL, NULL, NULL, NULL, NULL, NULL, NULL, NULL, NULL, NULL, NULL, NULL, NULL, NULL, NULL, NULL, 400),
(1392, 9, 5, '5736491028', '2017-05-11 15:53:34', NULL, 1, 'Juan Carlos Moreno Arranz', '686308894', 'mor3rom@gmail.com', 1, 0, 0, NULL, '{"primas":{"1":{"id":"15","prima_6m":null,"prima_9m":null,"prima_12m":195,"prima_18m":null},"4":{"id":"16","prima_6m":null,"prima_9m":null,"prima_12m":352,"prima_18m":null},"5":{"id":"47","prima_6m":null,"prima_9m":null,"prima_12m":312,"prima_18m":null}},"Tipo local":"Vivienda"}', NULL, NULL, NULL, NULL, NULL, NULL, NULL, NULL, NULL, NULL, NULL, NULL, NULL, NULL, NULL, NULL, NULL, NULL, NULL, NULL, NULL, NULL, NULL, NULL, NULL, NULL, NULL, NULL, NULL, NULL, NULL, NULL, NULL, NULL, NULL, NULL, NULL, NULL, NULL, NULL, NULL, NULL, NULL, NULL, NULL, NULL, NULL, NULL, NULL, NULL, NULL, NULL, NULL, NULL, NULL, NULL, NULL, 650);
INSERT INTO `tarificaciones` (`id`, `correduria_id`, `ramo_id`, `codigo_tarificacion`, `fecha_creacion`, `creada_por`, `numMensajes`, `nombre_completo`, `telefono`, `email`, `activo`, `documentacionEnviada`, `contratada`, `fecha_borrado`, `data`, `deletedBy_id`, `numeroPersonas`, `vida_capital`, `vida_fechaNacimiento`, `salud_provincia_id`, `salud_contratante_id`, `salud_fechaNacimiento1`, `salud_fechaNacimiento2`, `salud_fechaNacimiento3`, `salud_fechaNacimiento4`, `salud_fechaNacimiento5`, `salud_fechaNacimiento6`, `salud_fechaNacimiento7`, `salud_fechaNacimiento8`, `salud_fechaNacimiento9`, `salud_fechaNacimiento10`, `salud_edad1`, `salud_edad2`, `salud_edad3`, `salud_edad4`, `salud_edad5`, `salud_edad6`, `salud_edad7`, `salud_edad8`, `salud_edad9`, `salud_edad10`, `decesos_provincia_id_1`, `decesos_provincia_id_2`, `decesos_provincia_id_3`, `decesos_provincia_id_4`, `decesos_provincia_id_5`, `decesos_provincia_id_6`, `decesos_provincia_id_7`, `decesos_provincia_id_8`, `decesos_provincia_id_9`, `decesos_provincia_id_10`, `decesos_fechaNacimiento1`, `decesos_fechaNacimiento2`, `decesos_fechaNacimiento3`, `decesos_fechaNacimiento4`, `decesos_fechaNacimiento5`, `decesos_fechaNacimiento6`, `decesos_fechaNacimiento7`, `decesos_fechaNacimiento8`, `decesos_fechaNacimiento9`, `decesos_fechaNacimiento10`, `decesos_edad1`, `decesos_edad2`, `decesos_edad3`, `decesos_edad4`, `decesos_edad5`, `decesos_edad6`, `decesos_edad7`, `decesos_edad8`, `decesos_edad9`, `decesos_edad10`, `alquiler_rentaMensual`, `alquiler_valorAlquiler`) VALUES
(1393, 9, 5, '3564290781', '2017-05-12 07:56:25', NULL, 1, 'DAVID SALA', '630554919', 'deividcansala@yahoo.es', 1, 0, 0, NULL, '{"primas":{"1":{"id":"15","prima_6m":null,"prima_9m":null,"prima_12m":1050,"prima_18m":null},"4":{"id":"16","prima_6m":null,"prima_9m":null,"prima_12m":1891,"prima_18m":null},"5":{"id":"47","prima_6m":null,"prima_9m":null,"prima_12m":1680,"prima_18m":null}},"Tipo local":"Vivienda"}', NULL, NULL, NULL, NULL, NULL, NULL, NULL, NULL, NULL, NULL, NULL, NULL, NULL, NULL, NULL, NULL, NULL, NULL, NULL, NULL, NULL, NULL, NULL, NULL, NULL, NULL, NULL, NULL, NULL, NULL, NULL, NULL, NULL, NULL, NULL, NULL, NULL, NULL, NULL, NULL, NULL, NULL, NULL, NULL, NULL, NULL, NULL, NULL, NULL, NULL, NULL, NULL, NULL, NULL, NULL, NULL, NULL, 3500),
(1394, 9, 5, '5324780169', '2017-05-12 08:13:23', NULL, 1, 'yuri', '519658874', 'yuri88@hotmail.com', 1, 0, 0, NULL, '{"primas":{"1":{"id":"15","prima_6m":null,"prima_9m":null,"prima_12m":556.5,"prima_18m":null},"4":{"id":"16","prima_6m":null,"prima_9m":null,"prima_12m":1002.7,"prima_18m":null},"5":{"id":"47","prima_6m":null,"prima_9m":null,"prima_12m":890.4,"prima_18m":null}},"Tipo local":"Vivienda"}', NULL, NULL, NULL, NULL, NULL, NULL, NULL, NULL, NULL, NULL, NULL, NULL, NULL, NULL, NULL, NULL, NULL, NULL, NULL, NULL, NULL, NULL, NULL, NULL, NULL, NULL, NULL, NULL, NULL, NULL, NULL, NULL, NULL, NULL, NULL, NULL, NULL, NULL, NULL, NULL, NULL, NULL, NULL, NULL, NULL, NULL, NULL, NULL, NULL, NULL, NULL, NULL, NULL, NULL, NULL, NULL, NULL, 1855),
(1395, 9, 5, '4237056891', '2017-05-12 11:01:48', NULL, 0, 'Jesús', '123456789', 'jesus@grupotat.com', 0, 0, 0, '2017-05-12 11:05:10', '{"primas":{"1":{"id":"15","prima_6m":null,"prima_9m":null,"prima_12m":270,"prima_18m":null},"4":{"id":"16","prima_6m":null,"prima_9m":null,"prima_12m":487,"prima_18m":null},"5":{"id":"47","prima_6m":null,"prima_9m":null,"prima_12m":432,"prima_18m":null}},"Tipo local":"Vivienda"}', 22, NULL, NULL, NULL, NULL, NULL, NULL, NULL, NULL, NULL, NULL, NULL, NULL, NULL, NULL, NULL, NULL, NULL, NULL, NULL, NULL, NULL, NULL, NULL, NULL, NULL, NULL, NULL, NULL, NULL, NULL, NULL, NULL, NULL, NULL, NULL, NULL, NULL, NULL, NULL, NULL, NULL, NULL, NULL, NULL, NULL, NULL, NULL, NULL, NULL, NULL, NULL, NULL, NULL, NULL, NULL, NULL, 900),
(1396, 1, 6, '3756829041', '2017-05-12 18:35:07', NULL, 0, 'Ángel Serena Rios', '616006493', 'aserenarrios@hotmail.es', 1, 0, 0, NULL, '{"Producto interesado":"Da\\u00f1os a la atracci\\u00f3n","Tipo de seguro":"Seguro para feriantes"}', NULL, NULL, NULL, NULL, NULL, NULL, NULL, NULL, NULL, NULL, NULL, NULL, NULL, NULL, NULL, NULL, NULL, NULL, NULL, NULL, NULL, NULL, NULL, NULL, NULL, NULL, NULL, NULL, NULL, NULL, NULL, NULL, NULL, NULL, NULL, NULL, NULL, NULL, NULL, NULL, NULL, NULL, NULL, NULL, NULL, NULL, NULL, NULL, NULL, NULL, NULL, NULL, NULL, NULL, NULL, NULL, NULL, NULL),
(1397, 1, 6, '8964172053', '2017-05-12 18:35:20', NULL, 0, 'Ángel Serena Rios', '616006493', 'aserenarrios@hotmail.es', 1, 0, 0, NULL, '{"Producto interesado":"Da\\u00f1os a la atracci\\u00f3n","Tipo de seguro":"Seguro para feriantes"}', NULL, NULL, NULL, NULL, NULL, NULL, NULL, NULL, NULL, NULL, NULL, NULL, NULL, NULL, NULL, NULL, NULL, NULL, NULL, NULL, NULL, NULL, NULL, NULL, NULL, NULL, NULL, NULL, NULL, NULL, NULL, NULL, NULL, NULL, NULL, NULL, NULL, NULL, NULL, NULL, NULL, NULL, NULL, NULL, NULL, NULL, NULL, NULL, NULL, NULL, NULL, NULL, NULL, NULL, NULL, NULL, NULL, NULL),
(1398, 5, 2, '7526394081', '2017-05-14 09:11:56', NULL, 0, 'Krisztina Kocsis', '678952547', 'kocsis.krisztina@gmail.com', 1, 0, 0, NULL, '{"3":{"id_cm":"2","prima_cm":85.81,"id_re":"3","prima_re":113.9},"35":{"id_cm":"48","prima_cm":78.16,"id_re":"49","prima_re":126.58},"36":{"id_cm":"37","prima_cm":47,"id_re":"50","prima_re":79},"37":{"id_cm":"51","prima_cm":32,"id_re":"50","prima_re":79},"41":{"id_cm":"36","prima_cm":63,"id_re":"58","prima_re":95.66},"42":{"id_cm":"59","prima_cm":47.3,"id_re":"60","prima_re":75.492},"43":{"id_cm":"39","prima_cm":61.452,"id_re":"60","prima_re":75.492},"46":{"id_cm":"64","prima_cm":46.58,"id_re":"65","prima_re":141.01},"47":{"id_cm":"66","prima_cm":67.25,"id_re":"67","prima_re":163.35}}', NULL, 1, NULL, NULL, 38, 4, NULL, NULL, NULL, NULL, NULL, NULL, NULL, NULL, NULL, NULL, 50, NULL, NULL, NULL, NULL, NULL, NULL, NULL, NULL, NULL, NULL, NULL, NULL, NULL, NULL, NULL, NULL, NULL, NULL, NULL, NULL, NULL, NULL, NULL, NULL, NULL, NULL, NULL, NULL, NULL, NULL, NULL, NULL, NULL, NULL, NULL, NULL, NULL, NULL, NULL, NULL, NULL),
(1399, 5, 2, '6590123874', '2017-05-14 09:12:00', NULL, 0, 'Krisztina Kocsis', '678952547', 'kocsis.krisztina@gmail.com', 1, 0, 0, NULL, '{"3":{"id_cm":"2","prima_cm":68.3,"id_re":"3","prima_re":89.46},"35":{"id_cm":"48","prima_cm":63.61,"id_re":"49","prima_re":98.43},"36":{"id_cm":"37","prima_cm":47,"id_re":"50","prima_re":79},"37":{"id_cm":"51","prima_cm":32,"id_re":"50","prima_re":79},"41":{"id_cm":"36","prima_cm":55.7,"id_re":"58","prima_re":83.39},"42":{"id_cm":"59","prima_cm":34.28,"id_re":"60","prima_re":60.372},"43":{"id_cm":"39","prima_cm":46.332,"id_re":"60","prima_re":60.372},"46":{"id_cm":"64","prima_cm":39.42,"id_re":"65","prima_re":117.03},"47":{"id_cm":"66","prima_cm":47.5,"id_re":"67","prima_re":135.04}}', NULL, 1, NULL, NULL, 38, 4, NULL, NULL, NULL, NULL, NULL, NULL, NULL, NULL, NULL, NULL, 38, NULL, NULL, NULL, NULL, NULL, NULL, NULL, NULL, NULL, NULL, NULL, NULL, NULL, NULL, NULL, NULL, NULL, NULL, NULL, NULL, NULL, NULL, NULL, NULL, NULL, NULL, NULL, NULL, NULL, NULL, NULL, NULL, NULL, NULL, NULL, NULL, NULL, NULL, NULL, NULL, NULL),
(1401, 9, 5, '0496153872', '2017-05-14 17:23:47', NULL, 1, 'Pepe garcia pi', '652986504', 'basauri68@hotmail.com', 1, 0, 0, NULL, '{"primas":{"1":{"id":"15","prima_6m":null,"prima_9m":null,"prima_12m":135,"prima_18m":null},"4":{"id":"16","prima_6m":null,"prima_9m":null,"prima_12m":244,"prima_18m":null},"5":{"id":"47","prima_6m":null,"prima_9m":null,"prima_12m":216,"prima_18m":null}},"Tipo local":"Vivienda"}', NULL, NULL, NULL, NULL, NULL, NULL, NULL, NULL, NULL, NULL, NULL, NULL, NULL, NULL, NULL, NULL, NULL, NULL, NULL, NULL, NULL, NULL, NULL, NULL, NULL, NULL, NULL, NULL, NULL, NULL, NULL, NULL, NULL, NULL, NULL, NULL, NULL, NULL, NULL, NULL, NULL, NULL, NULL, NULL, NULL, NULL, NULL, NULL, NULL, NULL, NULL, NULL, NULL, NULL, NULL, NULL, NULL, 450),
(1402, 9, 5, '7342096518', '2017-05-14 20:40:39', NULL, 1, 'Javier del rey', '639083248', 'vicenjavi@hotmail.es', 1, 0, 0, NULL, '{"primas":{"1":{"id":"15","prima_6m":null,"prima_9m":null,"prima_12m":135,"prima_18m":null},"4":{"id":"16","prima_6m":null,"prima_9m":null,"prima_12m":244,"prima_18m":null},"5":{"id":"47","prima_6m":null,"prima_9m":null,"prima_12m":216,"prima_18m":null}},"Tipo local":"Vivienda"}', NULL, NULL, NULL, NULL, NULL, NULL, NULL, NULL, NULL, NULL, NULL, NULL, NULL, NULL, NULL, NULL, NULL, NULL, NULL, NULL, NULL, NULL, NULL, NULL, NULL, NULL, NULL, NULL, NULL, NULL, NULL, NULL, NULL, NULL, NULL, NULL, NULL, NULL, NULL, NULL, NULL, NULL, NULL, NULL, NULL, NULL, NULL, NULL, NULL, NULL, NULL, NULL, NULL, NULL, NULL, NULL, NULL, 450),
(1403, 9, 5, '5647108392', '2017-05-15 10:58:05', NULL, 0, 'Rafael Baena Jiménez', '635505673', 'info@decapadosbaena.com', 0, 0, 0, '2017-05-19 12:14:20', '{"primas":{"1":{"id":"15","prima_6m":null,"prima_9m":null,"prima_12m":105,"prima_18m":null},"4":{"id":"16","prima_6m":null,"prima_9m":null,"prima_12m":190,"prima_18m":null},"5":{"id":"47","prima_6m":null,"prima_9m":null,"prima_12m":168,"prima_18m":null}},"Tipo local":"Vivienda"}', 22, NULL, NULL, NULL, NULL, NULL, NULL, NULL, NULL, NULL, NULL, NULL, NULL, NULL, NULL, NULL, NULL, NULL, NULL, NULL, NULL, NULL, NULL, NULL, NULL, NULL, NULL, NULL, NULL, NULL, NULL, NULL, NULL, NULL, NULL, NULL, NULL, NULL, NULL, NULL, NULL, NULL, NULL, NULL, NULL, NULL, NULL, NULL, NULL, NULL, NULL, NULL, NULL, NULL, NULL, NULL, NULL, 350),
(1404, 9, 5, '4826750139', '2017-05-15 10:59:45', NULL, 1, 'Rafael Baena Jiménez', '635505673', 'info@decapadosbaena.com', 1, 0, 0, NULL, '{"primas":{"1":{"id":"15","prima_6m":null,"prima_9m":null,"prima_12m":105,"prima_18m":null},"4":{"id":"16","prima_6m":null,"prima_9m":null,"prima_12m":190,"prima_18m":null},"5":{"id":"47","prima_6m":null,"prima_9m":null,"prima_12m":168,"prima_18m":null}},"Tipo local":"Vivienda"}', NULL, NULL, NULL, NULL, NULL, NULL, NULL, NULL, NULL, NULL, NULL, NULL, NULL, NULL, NULL, NULL, NULL, NULL, NULL, NULL, NULL, NULL, NULL, NULL, NULL, NULL, NULL, NULL, NULL, NULL, NULL, NULL, NULL, NULL, NULL, NULL, NULL, NULL, NULL, NULL, NULL, NULL, NULL, NULL, NULL, NULL, NULL, NULL, NULL, NULL, NULL, NULL, NULL, NULL, NULL, NULL, NULL, 350),
(1405, 9, 5, '0632951748', '2017-05-15 11:52:14', NULL, 1, 'Guillermo Pérez', '695241834', 'perezortizdezarate@gmail.com', 1, 0, 0, NULL, '{"primas":{"1":{"id":"15","prima_6m":null,"prima_9m":null,"prima_12m":285,"prima_18m":null},"4":{"id":"16","prima_6m":null,"prima_9m":null,"prima_12m":514,"prima_18m":null},"5":{"id":"47","prima_6m":null,"prima_9m":null,"prima_12m":456,"prima_18m":null}},"Tipo local":"Vivienda"}', NULL, NULL, NULL, NULL, NULL, NULL, NULL, NULL, NULL, NULL, NULL, NULL, NULL, NULL, NULL, NULL, NULL, NULL, NULL, NULL, NULL, NULL, NULL, NULL, NULL, NULL, NULL, NULL, NULL, NULL, NULL, NULL, NULL, NULL, NULL, NULL, NULL, NULL, NULL, NULL, NULL, NULL, NULL, NULL, NULL, NULL, NULL, NULL, NULL, NULL, NULL, NULL, NULL, NULL, NULL, NULL, NULL, 950),
(1406, 1, 6, '3412876059', '2017-05-15 12:11:44', NULL, 0, 'Sandra Cuadros', '644812464', 'sandracugar@gmail.com', 1, 0, 0, NULL, '{"Producto interesado":"Responsabilidad civil","Tipo de seguro":"Seguro para feriantes"}', NULL, NULL, NULL, NULL, NULL, NULL, NULL, NULL, NULL, NULL, NULL, NULL, NULL, NULL, NULL, NULL, NULL, NULL, NULL, NULL, NULL, NULL, NULL, NULL, NULL, NULL, NULL, NULL, NULL, NULL, NULL, NULL, NULL, NULL, NULL, NULL, NULL, NULL, NULL, NULL, NULL, NULL, NULL, NULL, NULL, NULL, NULL, NULL, NULL, NULL, NULL, NULL, NULL, NULL, NULL, NULL, NULL, NULL),
(1407, 1, 6, '8319047256', '2017-05-15 12:12:10', NULL, 0, 'Sandra Cuadros', '644812464', 'sandracugar@gmail.com', 1, 0, 0, NULL, '{"Producto interesado":"Responsabilidad civil","Tipo de seguro":"Seguro para feriantes"}', NULL, NULL, NULL, NULL, NULL, NULL, NULL, NULL, NULL, NULL, NULL, NULL, NULL, NULL, NULL, NULL, NULL, NULL, NULL, NULL, NULL, NULL, NULL, NULL, NULL, NULL, NULL, NULL, NULL, NULL, NULL, NULL, NULL, NULL, NULL, NULL, NULL, NULL, NULL, NULL, NULL, NULL, NULL, NULL, NULL, NULL, NULL, NULL, NULL, NULL, NULL, NULL, NULL, NULL, NULL, NULL, NULL, NULL),
(1408, 9, 5, '9826713504', '2017-05-15 12:35:12', NULL, 0, 'prueba', '626111222', 'prueba@prueba.com', 0, 0, 0, '2017-05-16 11:09:33', '{"primas":{"1":{"id":"15","prima_6m":null,"prima_9m":null,"prima_12m":69,"prima_18m":null},"4":{"id":"16","prima_6m":null,"prima_9m":null,"prima_12m":125.2,"prima_18m":null},"5":{"id":"47","prima_6m":null,"prima_9m":null,"prima_12m":110.4,"prima_18m":null}},"Tipo local":"Vivienda"}', 22, NULL, NULL, NULL, NULL, NULL, NULL, NULL, NULL, NULL, NULL, NULL, NULL, NULL, NULL, NULL, NULL, NULL, NULL, NULL, NULL, NULL, NULL, NULL, NULL, NULL, NULL, NULL, NULL, NULL, NULL, NULL, NULL, NULL, NULL, NULL, NULL, NULL, NULL, NULL, NULL, NULL, NULL, NULL, NULL, NULL, NULL, NULL, NULL, NULL, NULL, NULL, NULL, NULL, NULL, NULL, NULL, 230),
(1409, 1, 6, '6951730824', '2017-05-15 12:36:23', NULL, 0, 'Soraya Rodríguez Morgado', '616747392', 'soraya_eso@hotmail.com', 1, 0, 0, NULL, '{"Producto interesado":"Seguro veh\\u00edculo","Tipo de seguro":"Seguro para feriantes"}', NULL, NULL, NULL, NULL, NULL, NULL, NULL, NULL, NULL, NULL, NULL, NULL, NULL, NULL, NULL, NULL, NULL, NULL, NULL, NULL, NULL, NULL, NULL, NULL, NULL, NULL, NULL, NULL, NULL, NULL, NULL, NULL, NULL, NULL, NULL, NULL, NULL, NULL, NULL, NULL, NULL, NULL, NULL, NULL, NULL, NULL, NULL, NULL, NULL, NULL, NULL, NULL, NULL, NULL, NULL, NULL, NULL, NULL),
(1410, 9, 5, '6213745098', '2017-05-15 15:22:17', NULL, 0, 'Elia', '691818418', 'tappungbio@hotmail.com', 0, 0, 0, '2017-05-17 12:03:01', '{"primas":{"1":{"id":"15","prima_6m":null,"prima_9m":null,"prima_12m":180,"prima_18m":null},"4":{"id":"16","prima_6m":null,"prima_9m":null,"prima_12m":325,"prima_18m":null},"5":{"id":"47","prima_6m":null,"prima_9m":null,"prima_12m":288,"prima_18m":null}},"Tipo local":"Vivienda"}', 3, NULL, NULL, NULL, NULL, NULL, NULL, NULL, NULL, NULL, NULL, NULL, NULL, NULL, NULL, NULL, NULL, NULL, NULL, NULL, NULL, NULL, NULL, NULL, NULL, NULL, NULL, NULL, NULL, NULL, NULL, NULL, NULL, NULL, NULL, NULL, NULL, NULL, NULL, NULL, NULL, NULL, NULL, NULL, NULL, NULL, NULL, NULL, NULL, NULL, NULL, NULL, NULL, NULL, NULL, NULL, NULL, 600),
(1411, 1, 6, '3742015869', '2017-05-15 16:31:31', NULL, 0, 'Maria Elena', '096985412', 'maria_elena25@hotmail.com', 1, 0, 0, NULL, '{"Producto interesado":"Da\\u00f1os a la atracci\\u00f3n","Tipo de seguro":"Seguro para feriantes"}', NULL, NULL, NULL, NULL, NULL, NULL, NULL, NULL, NULL, NULL, NULL, NULL, NULL, NULL, NULL, NULL, NULL, NULL, NULL, NULL, NULL, NULL, NULL, NULL, NULL, NULL, NULL, NULL, NULL, NULL, NULL, NULL, NULL, NULL, NULL, NULL, NULL, NULL, NULL, NULL, NULL, NULL, NULL, NULL, NULL, NULL, NULL, NULL, NULL, NULL, NULL, NULL, NULL, NULL, NULL, NULL, NULL, NULL),
(1412, 9, 5, '3674829150', '2017-05-16 11:23:33', NULL, 1, 'beatriz', '678187163', 'bandradelegoff@gmail.com', 1, 0, 0, NULL, '{"primas":{"1":{"id":"15","prima_6m":null,"prima_9m":null,"prima_12m":270,"prima_18m":null},"4":{"id":"16","prima_6m":null,"prima_9m":null,"prima_12m":487,"prima_18m":null},"5":{"id":"47","prima_6m":null,"prima_9m":null,"prima_12m":432,"prima_18m":null}},"Tipo local":"Vivienda"}', NULL, NULL, NULL, NULL, NULL, NULL, NULL, NULL, NULL, NULL, NULL, NULL, NULL, NULL, NULL, NULL, NULL, NULL, NULL, NULL, NULL, NULL, NULL, NULL, NULL, NULL, NULL, NULL, NULL, NULL, NULL, NULL, NULL, NULL, NULL, NULL, NULL, NULL, NULL, NULL, NULL, NULL, NULL, NULL, NULL, NULL, NULL, NULL, NULL, NULL, NULL, NULL, NULL, NULL, NULL, NULL, NULL, 900),
(1413, 9, 5, '7389650241', '2017-05-16 12:14:46', NULL, 1, 'ángel', '618262572', 'atleangel@hotmail.com', 1, 0, 0, NULL, '{"primas":{"1":{"id":"15","prima_6m":null,"prima_9m":null,"prima_12m":105,"prima_18m":null},"4":{"id":"16","prima_6m":null,"prima_9m":null,"prima_12m":190,"prima_18m":null},"5":{"id":"47","prima_6m":null,"prima_9m":null,"prima_12m":168,"prima_18m":null}},"Tipo local":"Vivienda"}', NULL, NULL, NULL, NULL, NULL, NULL, NULL, NULL, NULL, NULL, NULL, NULL, NULL, NULL, NULL, NULL, NULL, NULL, NULL, NULL, NULL, NULL, NULL, NULL, NULL, NULL, NULL, NULL, NULL, NULL, NULL, NULL, NULL, NULL, NULL, NULL, NULL, NULL, NULL, NULL, NULL, NULL, NULL, NULL, NULL, NULL, NULL, NULL, NULL, NULL, NULL, NULL, NULL, NULL, NULL, NULL, NULL, 350),
(1414, 9, 5, '8719460523', '2017-05-16 13:42:38', NULL, 1, 'ana maria farrona `platero', '687422438', 'anafarrona@hotmail.com', 1, 0, 0, NULL, '{"primas":{"1":{"id":"15","prima_6m":null,"prima_9m":null,"prima_12m":90,"prima_18m":null},"4":{"id":"16","prima_6m":null,"prima_9m":null,"prima_12m":163,"prima_18m":null},"5":{"id":"47","prima_6m":null,"prima_9m":null,"prima_12m":144,"prima_18m":null}},"Tipo local":"Vivienda"}', NULL, NULL, NULL, NULL, NULL, NULL, NULL, NULL, NULL, NULL, NULL, NULL, NULL, NULL, NULL, NULL, NULL, NULL, NULL, NULL, NULL, NULL, NULL, NULL, NULL, NULL, NULL, NULL, NULL, NULL, NULL, NULL, NULL, NULL, NULL, NULL, NULL, NULL, NULL, NULL, NULL, NULL, NULL, NULL, NULL, NULL, NULL, NULL, NULL, NULL, NULL, NULL, NULL, NULL, NULL, NULL, NULL, 300),
(1415, 9, 5, '0473189625', '2017-05-16 14:16:17', NULL, 1, 'JOSE ANGEL LONDOÑO ORTIZ', '658040823', 'ingjoseangel7855@gmail.com', 0, 0, 0, '2017-05-19 10:26:58', '{"primas":{"1":{"id":"15","prima_6m":null,"prima_9m":null,"prima_12m":180,"prima_18m":null},"4":{"id":"16","prima_6m":null,"prima_9m":null,"prima_12m":325,"prima_18m":null},"5":{"id":"47","prima_6m":null,"prima_9m":null,"prima_12m":288,"prima_18m":null}},"Tipo local":"Vivienda"}', 22, NULL, NULL, NULL, NULL, NULL, NULL, NULL, NULL, NULL, NULL, NULL, NULL, NULL, NULL, NULL, NULL, NULL, NULL, NULL, NULL, NULL, NULL, NULL, NULL, NULL, NULL, NULL, NULL, NULL, NULL, NULL, NULL, NULL, NULL, NULL, NULL, NULL, NULL, NULL, NULL, NULL, NULL, NULL, NULL, NULL, NULL, NULL, NULL, NULL, NULL, NULL, NULL, NULL, NULL, NULL, NULL, 600),
(1416, 9, 5, '8215497630', '2017-05-16 14:16:50', NULL, 1, 'JOSE ANGEL LONDOÑO ORTIZ', '658040823', 'ingjoseangel7855@gmail.com', 1, 0, 0, NULL, '{"primas":{"1":{"id":"15","prima_6m":null,"prima_9m":null,"prima_12m":180,"prima_18m":null},"4":{"id":"16","prima_6m":null,"prima_9m":null,"prima_12m":325,"prima_18m":null},"5":{"id":"47","prima_6m":null,"prima_9m":null,"prima_12m":288,"prima_18m":null}},"Tipo local":"Vivienda"}', NULL, NULL, NULL, NULL, NULL, NULL, NULL, NULL, NULL, NULL, NULL, NULL, NULL, NULL, NULL, NULL, NULL, NULL, NULL, NULL, NULL, NULL, NULL, NULL, NULL, NULL, NULL, NULL, NULL, NULL, NULL, NULL, NULL, NULL, NULL, NULL, NULL, NULL, NULL, NULL, NULL, NULL, NULL, NULL, NULL, NULL, NULL, NULL, NULL, NULL, NULL, NULL, NULL, NULL, NULL, NULL, NULL, 600),
(1417, 9, 5, '7352680941', '2017-05-16 14:38:44', NULL, 1, 'laura', '666456789', 'lauragarnacho@gmail.com', 1, 0, 0, NULL, '{"primas":{"1":{"id":"15","prima_6m":null,"prima_9m":null,"prima_12m":150,"prima_18m":null},"4":{"id":"16","prima_6m":null,"prima_9m":null,"prima_12m":271,"prima_18m":null},"5":{"id":"47","prima_6m":null,"prima_9m":null,"prima_12m":240,"prima_18m":null}},"Tipo local":"Vivienda"}', NULL, NULL, NULL, NULL, NULL, NULL, NULL, NULL, NULL, NULL, NULL, NULL, NULL, NULL, NULL, NULL, NULL, NULL, NULL, NULL, NULL, NULL, NULL, NULL, NULL, NULL, NULL, NULL, NULL, NULL, NULL, NULL, NULL, NULL, NULL, NULL, NULL, NULL, NULL, NULL, NULL, NULL, NULL, NULL, NULL, NULL, NULL, NULL, NULL, NULL, NULL, NULL, NULL, NULL, NULL, NULL, NULL, 500),
(1418, 9, 5, '8501734269', '2017-05-16 15:10:10', NULL, 1, 'ELENA DOMINGO MELLADO', '638051639', 'elena@sutilimagen.es', 1, 0, 0, NULL, '{"primas":{"1":{"id":"15","prima_6m":null,"prima_9m":null,"prima_12m":600,"prima_18m":null},"4":{"id":"16","prima_6m":null,"prima_9m":null,"prima_12m":1081,"prima_18m":null},"5":{"id":"47","prima_6m":null,"prima_9m":null,"prima_12m":960,"prima_18m":null}},"Tipo local":"Vivienda"}', NULL, NULL, NULL, NULL, NULL, NULL, NULL, NULL, NULL, NULL, NULL, NULL, NULL, NULL, NULL, NULL, NULL, NULL, NULL, NULL, NULL, NULL, NULL, NULL, NULL, NULL, NULL, NULL, NULL, NULL, NULL, NULL, NULL, NULL, NULL, NULL, NULL, NULL, NULL, NULL, NULL, NULL, NULL, NULL, NULL, NULL, NULL, NULL, NULL, NULL, NULL, NULL, NULL, NULL, NULL, NULL, NULL, 2000),
(1419, 9, 5, '9465273801', '2017-05-17 08:45:44', NULL, 2, 'miguel angel herrero sales', '616009505', 'mi.herreros@comv.es', 1, 0, 0, NULL, '{"primas":{"1":{"id":"15","prima_6m":null,"prima_9m":null,"prima_12m":240,"prima_18m":null},"4":{"id":"16","prima_6m":null,"prima_9m":null,"prima_12m":433,"prima_18m":null},"5":{"id":"47","prima_6m":null,"prima_9m":null,"prima_12m":384,"prima_18m":null}},"Tipo local":"Vivienda"}', NULL, NULL, NULL, NULL, NULL, NULL, NULL, NULL, NULL, NULL, NULL, NULL, NULL, NULL, NULL, NULL, NULL, NULL, NULL, NULL, NULL, NULL, NULL, NULL, NULL, NULL, NULL, NULL, NULL, NULL, NULL, NULL, NULL, NULL, NULL, NULL, NULL, NULL, NULL, NULL, NULL, NULL, NULL, NULL, NULL, NULL, NULL, NULL, NULL, NULL, NULL, NULL, NULL, NULL, NULL, NULL, NULL, 800),
(1420, 1, 6, '1843567092', '2017-05-17 08:57:19', NULL, 0, 'José kostich costa', '664381476', 'jonatanjose@hotmail.es', 1, 0, 0, NULL, '{"Producto interesado":"Seguro veh\\u00edculo","Tipo de seguro":"Seguro para feriantes"}', NULL, NULL, NULL, NULL, NULL, NULL, NULL, NULL, NULL, NULL, NULL, NULL, NULL, NULL, NULL, NULL, NULL, NULL, NULL, NULL, NULL, NULL, NULL, NULL, NULL, NULL, NULL, NULL, NULL, NULL, NULL, NULL, NULL, NULL, NULL, NULL, NULL, NULL, NULL, NULL, NULL, NULL, NULL, NULL, NULL, NULL, NULL, NULL, NULL, NULL, NULL, NULL, NULL, NULL, NULL, NULL, NULL, NULL),
(1421, 5, 2, '5480912637', '2017-05-17 10:11:16', NULL, 0, 'Alejandro  Medina Nolasco ', '625402799', 'alex_the_pro@hotmail.com', 1, 0, 0, NULL, '{"3":{"id_cm":"2","prima_cm":62.93,"id_re":"3","prima_re":74.85},"35":{"id_cm":"48","prima_cm":63.61,"id_re":"49","prima_re":98.43},"36":{"id_cm":"37","prima_cm":47,"id_re":"50","prima_re":79},"37":{"id_cm":"51","prima_cm":32,"id_re":"50","prima_re":79},"41":{"id_cm":"36","prima_cm":55.7,"id_re":"58","prima_re":70.6},"42":{"id_cm":"59","prima_cm":30.66,"id_re":"60","prima_re":56.052},"43":{"id_cm":"39","prima_cm":42.012,"id_re":"60","prima_re":56.052},"46":{"id_cm":"64","prima_cm":36.82,"id_re":"65","prima_re":99.09},"47":{"id_cm":"66","prima_cm":47.5,"id_re":"67","prima_re":111.91}}', NULL, 1, NULL, NULL, 38, 4, NULL, NULL, NULL, NULL, NULL, NULL, NULL, NULL, NULL, NULL, 27, NULL, NULL, NULL, NULL, NULL, NULL, NULL, NULL, NULL, NULL, NULL, NULL, NULL, NULL, NULL, NULL, NULL, NULL, NULL, NULL, NULL, NULL, NULL, NULL, NULL, NULL, NULL, NULL, NULL, NULL, NULL, NULL, NULL, NULL, NULL, NULL, NULL, NULL, NULL, NULL, NULL),
(1422, 9, 5, '9738651240', '2017-05-17 10:18:43', NULL, 1, 'Karla', '685087688', 'joda_3209@hotmail.com', 1, 0, 0, NULL, '{"primas":{"1":{"id":"15","prima_6m":null,"prima_9m":null,"prima_12m":195,"prima_18m":null},"4":{"id":"16","prima_6m":null,"prima_9m":null,"prima_12m":352,"prima_18m":null},"5":{"id":"47","prima_6m":null,"prima_9m":null,"prima_12m":312,"prima_18m":null}},"Tipo local":"Vivienda"}', NULL, NULL, NULL, NULL, NULL, NULL, NULL, NULL, NULL, NULL, NULL, NULL, NULL, NULL, NULL, NULL, NULL, NULL, NULL, NULL, NULL, NULL, NULL, NULL, NULL, NULL, NULL, NULL, NULL, NULL, NULL, NULL, NULL, NULL, NULL, NULL, NULL, NULL, NULL, NULL, NULL, NULL, NULL, NULL, NULL, NULL, NULL, NULL, NULL, NULL, NULL, NULL, NULL, NULL, NULL, NULL, NULL, 650),
(1423, 9, 5, '1693578204', '2017-05-17 12:07:03', NULL, 1, 'Montse', '630138917', 'mparrasanchez@hotmail.com', 1, 0, 0, NULL, '{"primas":{"1":{"id":"15","prima_6m":null,"prima_9m":null,"prima_12m":210,"prima_18m":null},"4":{"id":"16","prima_6m":null,"prima_9m":null,"prima_12m":379,"prima_18m":null},"5":{"id":"47","prima_6m":null,"prima_9m":null,"prima_12m":336,"prima_18m":null}},"Tipo local":"Vivienda"}', NULL, NULL, NULL, NULL, NULL, NULL, NULL, NULL, NULL, NULL, NULL, NULL, NULL, NULL, NULL, NULL, NULL, NULL, NULL, NULL, NULL, NULL, NULL, NULL, NULL, NULL, NULL, NULL, NULL, NULL, NULL, NULL, NULL, NULL, NULL, NULL, NULL, NULL, NULL, NULL, NULL, NULL, NULL, NULL, NULL, NULL, NULL, NULL, NULL, NULL, NULL, NULL, NULL, NULL, NULL, NULL, NULL, 700),
(1424, 9, 5, '5364071928', '2017-05-17 12:30:25', NULL, 1, 'Ramon Bravo Querol', '633192884', 'ramon.bravo.quel@gmail.com', 1, 0, 0, NULL, '{"primas":{"1":{"id":"15","prima_6m":null,"prima_9m":null,"prima_12m":195,"prima_18m":null},"4":{"id":"16","prima_6m":null,"prima_9m":null,"prima_12m":352,"prima_18m":null},"5":{"id":"47","prima_6m":null,"prima_9m":null,"prima_12m":312,"prima_18m":null}},"Tipo local":"Vivienda"}', NULL, NULL, NULL, NULL, NULL, NULL, NULL, NULL, NULL, NULL, NULL, NULL, NULL, NULL, NULL, NULL, NULL, NULL, NULL, NULL, NULL, NULL, NULL, NULL, NULL, NULL, NULL, NULL, NULL, NULL, NULL, NULL, NULL, NULL, NULL, NULL, NULL, NULL, NULL, NULL, NULL, NULL, NULL, NULL, NULL, NULL, NULL, NULL, NULL, NULL, NULL, NULL, NULL, NULL, NULL, NULL, NULL, 650),
(1425, 5, 2, '3975801264', '2017-05-17 13:30:55', NULL, 0, 'Javier A', '718818888', 'xxx_S_S@hotmail.com', 1, 0, 0, NULL, '{"3":{"id_cm":"2","prima_cm":123.37,"id_re":"3","prima_re":145.74},"35":{"id_cm":"48","prima_cm":127.22,"id_re":"49","prima_re":196.86},"36":{"id_cm":"37","prima_cm":94,"id_re":"50","prima_re":158},"37":{"id_cm":"51","prima_cm":64,"id_re":"50","prima_re":158},"41":{"id_cm":"36","prima_cm":108,"id_re":"58","prima_re":136.08},"42":{"id_cm":"59","prima_cm":60.42,"id_re":"60","prima_re":103.8},"43":{"id_cm":"39","prima_cm":77.8,"id_re":"60","prima_re":103.8},"46":{"id_cm":"64","prima_cm":71.61,"id_re":"65","prima_re":194.11},"47":{"id_cm":"66","prima_cm":95,"id_re":"67","prima_re":219.61}}', NULL, 2, NULL, NULL, 42, 4, NULL, NULL, NULL, NULL, NULL, NULL, NULL, NULL, NULL, NULL, 25, 27, NULL, NULL, NULL, NULL, NULL, NULL, NULL, NULL, NULL, NULL, NULL, NULL, NULL, NULL, NULL, NULL, NULL, NULL, NULL, NULL, NULL, NULL, NULL, NULL, NULL, NULL, NULL, NULL, NULL, NULL, NULL, NULL, NULL, NULL, NULL, NULL, NULL, NULL, NULL, NULL),
(1426, 9, 5, '5912648073', '2017-05-17 13:50:18', NULL, 1, 'Jose', '664767011', 'bourbon136@gmail.com', 1, 0, 0, NULL, '{"primas":{"1":{"id":"15","prima_6m":null,"prima_9m":null,"prima_12m":150,"prima_18m":null},"4":{"id":"16","prima_6m":null,"prima_9m":null,"prima_12m":271,"prima_18m":null},"5":{"id":"47","prima_6m":null,"prima_9m":null,"prima_12m":240,"prima_18m":null}},"Tipo local":"Vivienda"}', NULL, NULL, NULL, NULL, NULL, NULL, NULL, NULL, NULL, NULL, NULL, NULL, NULL, NULL, NULL, NULL, NULL, NULL, NULL, NULL, NULL, NULL, NULL, NULL, NULL, NULL, NULL, NULL, NULL, NULL, NULL, NULL, NULL, NULL, NULL, NULL, NULL, NULL, NULL, NULL, NULL, NULL, NULL, NULL, NULL, NULL, NULL, NULL, NULL, NULL, NULL, NULL, NULL, NULL, NULL, NULL, NULL, 500),
(1427, 1, 6, '5640378291', '2017-05-17 18:51:39', NULL, 0, 'jose oliver collado', '652931159', 'euroatracciones_oli@hotmail.com', 1, 0, 0, NULL, '{"Producto interesado":"Da\\u00f1os a la atracci\\u00f3n","Tipo de seguro":"Seguro para feriantes"}', NULL, NULL, NULL, NULL, NULL, NULL, NULL, NULL, NULL, NULL, NULL, NULL, NULL, NULL, NULL, NULL, NULL, NULL, NULL, NULL, NULL, NULL, NULL, NULL, NULL, NULL, NULL, NULL, NULL, NULL, NULL, NULL, NULL, NULL, NULL, NULL, NULL, NULL, NULL, NULL, NULL, NULL, NULL, NULL, NULL, NULL, NULL, NULL, NULL, NULL, NULL, NULL, NULL, NULL, NULL, NULL, NULL, NULL),
(1428, 9, 5, '2849517063', '2017-05-18 10:23:18', NULL, 0, 'carlos llopis', '933397951', 'cllopisal@gmail.com', 0, 0, 0, '2017-05-19 10:10:49', '{"primas":{"1":{"id":"15","prima_6m":null,"prima_9m":null,"prima_12m":360,"prima_18m":null},"4":{"id":"16","prima_6m":null,"prima_9m":null,"prima_12m":649,"prima_18m":null},"5":{"id":"47","prima_6m":null,"prima_9m":null,"prima_12m":576,"prima_18m":null}},"Tipo local":"Vivienda"}', 22, NULL, NULL, NULL, NULL, NULL, NULL, NULL, NULL, NULL, NULL, NULL, NULL, NULL, NULL, NULL, NULL, NULL, NULL, NULL, NULL, NULL, NULL, NULL, NULL, NULL, NULL, NULL, NULL, NULL, NULL, NULL, NULL, NULL, NULL, NULL, NULL, NULL, NULL, NULL, NULL, NULL, NULL, NULL, NULL, NULL, NULL, NULL, NULL, NULL, NULL, NULL, NULL, NULL, NULL, NULL, NULL, 1200),
(1429, 9, 5, '1526798430', '2017-05-18 10:24:37', NULL, 0, 'carlos llopis', '933397951', 'cllopisal@gmail.com', 0, 0, 0, '2017-05-19 10:10:38', '{"primas":{"1":{"id":"15","prima_6m":null,"prima_9m":null,"prima_12m":360,"prima_18m":null},"4":{"id":"16","prima_6m":null,"prima_9m":null,"prima_12m":649,"prima_18m":null},"5":{"id":"47","prima_6m":null,"prima_9m":null,"prima_12m":576,"prima_18m":null}},"Tipo local":"Vivienda"}', 22, NULL, NULL, NULL, NULL, NULL, NULL, NULL, NULL, NULL, NULL, NULL, NULL, NULL, NULL, NULL, NULL, NULL, NULL, NULL, NULL, NULL, NULL, NULL, NULL, NULL, NULL, NULL, NULL, NULL, NULL, NULL, NULL, NULL, NULL, NULL, NULL, NULL, NULL, NULL, NULL, NULL, NULL, NULL, NULL, NULL, NULL, NULL, NULL, NULL, NULL, NULL, NULL, NULL, NULL, NULL, NULL, 1200),
(1430, 9, 5, '1698370524', '2017-05-18 10:31:28', NULL, 1, 'carlos llopis', '933397951', 'cllopisal@gmail.com', 1, 0, 0, NULL, '{"primas":{"1":{"id":"15","prima_6m":null,"prima_9m":null,"prima_12m":360,"prima_18m":null},"4":{"id":"16","prima_6m":null,"prima_9m":null,"prima_12m":649,"prima_18m":null},"5":{"id":"47","prima_6m":null,"prima_9m":null,"prima_12m":576,"prima_18m":null}},"Tipo local":"Vivienda"}', NULL, NULL, NULL, NULL, NULL, NULL, NULL, NULL, NULL, NULL, NULL, NULL, NULL, NULL, NULL, NULL, NULL, NULL, NULL, NULL, NULL, NULL, NULL, NULL, NULL, NULL, NULL, NULL, NULL, NULL, NULL, NULL, NULL, NULL, NULL, NULL, NULL, NULL, NULL, NULL, NULL, NULL, NULL, NULL, NULL, NULL, NULL, NULL, NULL, NULL, NULL, NULL, NULL, NULL, NULL, NULL, NULL, 1200),
(1431, 9, 5, '4790612358', '2017-05-18 10:31:28', NULL, 0, 'carlos llopis', '933397951', 'cllopisal@gmail.com', 0, 0, 0, '2017-05-19 10:08:53', '{"primas":{"1":{"id":"15","prima_6m":null,"prima_9m":null,"prima_12m":360,"prima_18m":null},"4":{"id":"16","prima_6m":null,"prima_9m":null,"prima_12m":649,"prima_18m":null},"5":{"id":"47","prima_6m":null,"prima_9m":null,"prima_12m":576,"prima_18m":null}},"Tipo local":"Vivienda"}', 22, NULL, NULL, NULL, NULL, NULL, NULL, NULL, NULL, NULL, NULL, NULL, NULL, NULL, NULL, NULL, NULL, NULL, NULL, NULL, NULL, NULL, NULL, NULL, NULL, NULL, NULL, NULL, NULL, NULL, NULL, NULL, NULL, NULL, NULL, NULL, NULL, NULL, NULL, NULL, NULL, NULL, NULL, NULL, NULL, NULL, NULL, NULL, NULL, NULL, NULL, NULL, NULL, NULL, NULL, NULL, NULL, 1200),
(1432, 9, 5, '1724903658', '2017-05-18 10:52:56', NULL, 1, 'ana garcia', '685471235', 'angar@terra.es', 1, 0, 0, NULL, '{"primas":{"1":{"id":"15","prima_6m":null,"prima_9m":null,"prima_12m":147,"prima_18m":null},"4":{"id":"16","prima_6m":null,"prima_9m":null,"prima_12m":265.6,"prima_18m":null},"5":{"id":"47","prima_6m":null,"prima_9m":null,"prima_12m":235.2,"prima_18m":null}},"Tipo local":"Vivienda"}', NULL, NULL, NULL, NULL, NULL, NULL, NULL, NULL, NULL, NULL, NULL, NULL, NULL, NULL, NULL, NULL, NULL, NULL, NULL, NULL, NULL, NULL, NULL, NULL, NULL, NULL, NULL, NULL, NULL, NULL, NULL, NULL, NULL, NULL, NULL, NULL, NULL, NULL, NULL, NULL, NULL, NULL, NULL, NULL, NULL, NULL, NULL, NULL, NULL, NULL, NULL, NULL, NULL, NULL, NULL, NULL, NULL, 490),
(1433, 9, 5, '0318594672', '2017-05-18 12:41:16', NULL, 1, 'rosita perez', '651056165', 'rosita@hotmail.com', 1, 0, 0, NULL, '{"primas":{"1":{"id":"15","prima_6m":null,"prima_9m":null,"prima_12m":150,"prima_18m":null},"4":{"id":"16","prima_6m":null,"prima_9m":null,"prima_12m":271,"prima_18m":null},"5":{"id":"47","prima_6m":null,"prima_9m":null,"prima_12m":240,"prima_18m":null}},"Tipo local":"Vivienda"}', NULL, NULL, NULL, NULL, NULL, NULL, NULL, NULL, NULL, NULL, NULL, NULL, NULL, NULL, NULL, NULL, NULL, NULL, NULL, NULL, NULL, NULL, NULL, NULL, NULL, NULL, NULL, NULL, NULL, NULL, NULL, NULL, NULL, NULL, NULL, NULL, NULL, NULL, NULL, NULL, NULL, NULL, NULL, NULL, NULL, NULL, NULL, NULL, NULL, NULL, NULL, NULL, NULL, NULL, NULL, NULL, NULL, 500),
(1434, 9, 5, '1830472596', '2017-05-18 13:36:58', NULL, 0, 'Nicola rioda', '684065333', 'nicola.rioda@gmail.com', 0, 0, 0, '2017-05-19 10:06:33', '{"primas":{"1":{"id":"15","prima_6m":null,"prima_9m":null,"prima_12m":228,"prima_18m":null},"4":{"id":"16","prima_6m":null,"prima_9m":null,"prima_12m":411.4,"prima_18m":null},"5":{"id":"47","prima_6m":null,"prima_9m":null,"prima_12m":364.8,"prima_18m":null}},"Tipo local":"Vivienda"}', 22, NULL, NULL, NULL, NULL, NULL, NULL, NULL, NULL, NULL, NULL, NULL, NULL, NULL, NULL, NULL, NULL, NULL, NULL, NULL, NULL, NULL, NULL, NULL, NULL, NULL, NULL, NULL, NULL, NULL, NULL, NULL, NULL, NULL, NULL, NULL, NULL, NULL, NULL, NULL, NULL, NULL, NULL, NULL, NULL, NULL, NULL, NULL, NULL, NULL, NULL, NULL, NULL, NULL, NULL, NULL, NULL, 760),
(1435, 9, 5, '1873960254', '2017-05-18 13:59:12', NULL, 1, 'Nicola rioda', '684065333', 'nicola.rioda@gmail.com', 1, 0, 0, NULL, '{"primas":{"1":{"id":"15","prima_6m":null,"prima_9m":null,"prima_12m":228,"prima_18m":null},"4":{"id":"16","prima_6m":null,"prima_9m":null,"prima_12m":411.4,"prima_18m":null},"5":{"id":"47","prima_6m":null,"prima_9m":null,"prima_12m":364.8,"prima_18m":null}},"Tipo local":"Vivienda"}', NULL, NULL, NULL, NULL, NULL, NULL, NULL, NULL, NULL, NULL, NULL, NULL, NULL, NULL, NULL, NULL, NULL, NULL, NULL, NULL, NULL, NULL, NULL, NULL, NULL, NULL, NULL, NULL, NULL, NULL, NULL, NULL, NULL, NULL, NULL, NULL, NULL, NULL, NULL, NULL, NULL, NULL, NULL, NULL, NULL, NULL, NULL, NULL, NULL, NULL, NULL, NULL, NULL, NULL, NULL, NULL, NULL, 760),
(1436, 9, 5, '6517430928', '2017-05-18 15:34:02', NULL, 1, 'Xavier', '666556655', 'xavier@yopmail.com', 1, 0, 0, NULL, '{"primas":{"1":{"id":"15","prima_6m":null,"prima_9m":null,"prima_12m":150,"prima_18m":null},"4":{"id":"16","prima_6m":null,"prima_9m":null,"prima_12m":271,"prima_18m":null},"5":{"id":"47","prima_6m":null,"prima_9m":null,"prima_12m":240,"prima_18m":null}},"Tipo local":"Vivienda"}', NULL, NULL, NULL, NULL, NULL, NULL, NULL, NULL, NULL, NULL, NULL, NULL, NULL, NULL, NULL, NULL, NULL, NULL, NULL, NULL, NULL, NULL, NULL, NULL, NULL, NULL, NULL, NULL, NULL, NULL, NULL, NULL, NULL, NULL, NULL, NULL, NULL, NULL, NULL, NULL, NULL, NULL, NULL, NULL, NULL, NULL, NULL, NULL, NULL, NULL, NULL, NULL, NULL, NULL, NULL, NULL, NULL, 500),
(1437, 9, 5, '3720645819', '2017-05-19 07:32:11', NULL, 1, 'pedro porras carton', '698548754', 'pppp@ono.com', 1, 0, 0, NULL, '{"primas":{"1":{"id":"15","prima_6m":null,"prima_9m":null,"prima_12m":210,"prima_18m":null},"4":{"id":"16","prima_6m":null,"prima_9m":null,"prima_12m":379,"prima_18m":null},"5":{"id":"47","prima_6m":null,"prima_9m":null,"prima_12m":336,"prima_18m":null}},"Tipo local":"Vivienda"}', NULL, NULL, NULL, NULL, NULL, NULL, NULL, NULL, NULL, NULL, NULL, NULL, NULL, NULL, NULL, NULL, NULL, NULL, NULL, NULL, NULL, NULL, NULL, NULL, NULL, NULL, NULL, NULL, NULL, NULL, NULL, NULL, NULL, NULL, NULL, NULL, NULL, NULL, NULL, NULL, NULL, NULL, NULL, NULL, NULL, NULL, NULL, NULL, NULL, NULL, NULL, NULL, NULL, NULL, NULL, NULL, NULL, 700),
(1438, 9, 5, '7045689213', '2017-05-19 11:06:41', NULL, 1, 'Gabriel malagon giron', '684374233', 'olfa1983@hotmail.com', 1, 0, 0, NULL, '{"primas":{"1":{"id":"15","prima_6m":null,"prima_9m":null,"prima_12m":180,"prima_18m":null},"4":{"id":"16","prima_6m":null,"prima_9m":null,"prima_12m":325,"prima_18m":null},"5":{"id":"47","prima_6m":null,"prima_9m":null,"prima_12m":288,"prima_18m":null}},"Tipo local":"Vivienda"}', NULL, NULL, NULL, NULL, NULL, NULL, NULL, NULL, NULL, NULL, NULL, NULL, NULL, NULL, NULL, NULL, NULL, NULL, NULL, NULL, NULL, NULL, NULL, NULL, NULL, NULL, NULL, NULL, NULL, NULL, NULL, NULL, NULL, NULL, NULL, NULL, NULL, NULL, NULL, NULL, NULL, NULL, NULL, NULL, NULL, NULL, NULL, NULL, NULL, NULL, NULL, NULL, NULL, NULL, NULL, NULL, NULL, 600),
(1439, 5, 7, '4523198670', '2017-05-20 11:31:51', NULL, 0, 'Juan Prueba', '922296656', 'produccion@canarisk.es', 1, 0, 0, NULL, '{"ramo_especial":"1","primas":{"45":11.9},"params":{"Duraci\\u00f3n":"Hasta 3 d\\u00edas","Residente":"Espa\\u00f1a","Zona de cobertura":"Espa\\u00f1a","N\\u00famero de asegurados":"1"}}', NULL, NULL, NULL, NULL, NULL, NULL, NULL, NULL, NULL, NULL, NULL, NULL, NULL, NULL, NULL, NULL, NULL, NULL, NULL, NULL, NULL, NULL, NULL, NULL, NULL, NULL, NULL, NULL, NULL, NULL, NULL, NULL, NULL, NULL, NULL, NULL, NULL, NULL, NULL, NULL, NULL, NULL, NULL, NULL, NULL, NULL, NULL, NULL, NULL, NULL, NULL, NULL, NULL, NULL, NULL, NULL, NULL, NULL),
(1440, 5, 7, '9280461735', '2017-05-20 11:34:56', NULL, 0, 'Juan Prueba', '922296656', 'produccion@canarisk.es', 1, 0, 0, NULL, '{"ramo_especial":"1","primas":{"45":16.23},"params":{"Duraci\\u00f3n":"Hasta 8 d\\u00edas","Residente":"Espa\\u00f1a","Zona de cobertura":"Espa\\u00f1a","N\\u00famero de asegurados":"1"}}', NULL, NULL, NULL, NULL, NULL, NULL, NULL, NULL, NULL, NULL, NULL, NULL, NULL, NULL, NULL, NULL, NULL, NULL, NULL, NULL, NULL, NULL, NULL, NULL, NULL, NULL, NULL, NULL, NULL, NULL, NULL, NULL, NULL, NULL, NULL, NULL, NULL, NULL, NULL, NULL, NULL, NULL, NULL, NULL, NULL, NULL, NULL, NULL, NULL, NULL, NULL, NULL, NULL, NULL, NULL, NULL, NULL, NULL),
(1441, 1, 5, '8752614390', '2017-05-21 13:13:11', NULL, 0, 'joaquin domingo', '626172211', 'jdomi@gmail.com', 1, 0, 0, NULL, '{"primas":{"2":{"id":"16","prima_6m":326.34,"prima_9m":null,"prima_12m":502.74,"prima_18m":null}},"Tipo local":"Local comercial"}', NULL, NULL, NULL, NULL, NULL, NULL, NULL, NULL, NULL, NULL, NULL, NULL, NULL, NULL, NULL, NULL, NULL, NULL, NULL, NULL, NULL, NULL, NULL, NULL, NULL, NULL, NULL, NULL, NULL, NULL, NULL, NULL, NULL, NULL, NULL, NULL, NULL, NULL, NULL, NULL, NULL, NULL, NULL, NULL, NULL, NULL, NULL, NULL, NULL, NULL, NULL, NULL, NULL, NULL, NULL, NULL, NULL, 600),
(1442, 9, 5, '7823410659', '2017-05-21 13:56:09', NULL, 1, 'Fernando Granados', '261112223', 'fgrana@gmail.com', 1, 0, 0, NULL, '{"primas":{"1":{"id":"15","prima_6m":null,"prima_9m":null,"prima_12m":180,"prima_18m":null},"4":{"id":"16","prima_6m":null,"prima_9m":null,"prima_12m":325,"prima_18m":null},"5":{"id":"47","prima_6m":null,"prima_9m":null,"prima_12m":288,"prima_18m":null}},"Tipo local":"Vivienda"}', NULL, NULL, NULL, NULL, NULL, NULL, NULL, NULL, NULL, NULL, NULL, NULL, NULL, NULL, NULL, NULL, NULL, NULL, NULL, NULL, NULL, NULL, NULL, NULL, NULL, NULL, NULL, NULL, NULL, NULL, NULL, NULL, NULL, NULL, NULL, NULL, NULL, NULL, NULL, NULL, NULL, NULL, NULL, NULL, NULL, NULL, NULL, NULL, NULL, NULL, NULL, NULL, NULL, NULL, NULL, NULL, NULL, 600),
(1443, 1, 5, '7025498136', '2017-05-21 13:56:41', NULL, 0, 'Maria Lopez', '212333222', 'mlop@hotmail.com', 1, 0, 0, NULL, '{"primas":{"2":{"id":"16","prima_6m":83.8,"prima_9m":109,"prima_12m":130.6,"prima_18m":137.8},"6":{"id":"76","prima_6m":113.11344,"prima_9m":158.5881,"prima_12m":213.23412,"prima_18m":null}},"Tipo local":"Vivienda"}', NULL, NULL, NULL, NULL, NULL, NULL, NULL, NULL, NULL, NULL, NULL, NULL, NULL, NULL, NULL, NULL, NULL, NULL, NULL, NULL, NULL, NULL, NULL, NULL, NULL, NULL, NULL, NULL, NULL, NULL, NULL, NULL, NULL, NULL, NULL, NULL, NULL, NULL, NULL, NULL, NULL, NULL, NULL, NULL, NULL, NULL, NULL, NULL, NULL, NULL, NULL, NULL, NULL, NULL, NULL, NULL, NULL, 300),
(1453, 9, 5, '3506478291', '2017-05-21 17:05:34', NULL, 1, 'jose luis lopez lopez', '699101804', 'delrio.juan.a@hotmail.com', 1, 0, 0, NULL, '{"primas":{"1":{"id":"15","prima_6m":null,"prima_9m":null,"prima_12m":165,"prima_18m":null},"4":{"id":"16","prima_6m":null,"prima_9m":null,"prima_12m":298,"prima_18m":null},"5":{"id":"47","prima_6m":null,"prima_9m":null,"prima_12m":264,"prima_18m":null}},"Tipo local":"Vivienda"}', NULL, NULL, NULL, NULL, NULL, NULL, NULL, NULL, NULL, NULL, NULL, NULL, NULL, NULL, NULL, NULL, NULL, NULL, NULL, NULL, NULL, NULL, NULL, NULL, NULL, NULL, NULL, NULL, NULL, NULL, NULL, NULL, NULL, NULL, NULL, NULL, NULL, NULL, NULL, NULL, NULL, NULL, NULL, NULL, NULL, NULL, NULL, NULL, NULL, NULL, NULL, NULL, NULL, NULL, NULL, NULL, NULL, 550),
(1454, 9, 5, '0735941682', '2017-05-21 20:53:17', NULL, 1, 'Paco albaladejo', '652314566', 'pacoalba@gmail.com', 1, 0, 0, NULL, '{"primas":{"1":{"id":"15","prima_6m":null,"prima_9m":null,"prima_12m":120,"prima_18m":null},"4":{"id":"16","prima_6m":null,"prima_9m":null,"prima_12m":217,"prima_18m":null},"5":{"id":"47","prima_6m":null,"prima_9m":null,"prima_12m":192,"prima_18m":null}},"Tipo local":"Vivienda"}', NULL, NULL, NULL, NULL, NULL, NULL, NULL, NULL, NULL, NULL, NULL, NULL, NULL, NULL, NULL, NULL, NULL, NULL, NULL, NULL, NULL, NULL, NULL, NULL, NULL, NULL, NULL, NULL, NULL, NULL, NULL, NULL, NULL, NULL, NULL, NULL, NULL, NULL, NULL, NULL, NULL, NULL, NULL, NULL, NULL, NULL, NULL, NULL, NULL, NULL, NULL, NULL, NULL, NULL, NULL, NULL, NULL, 400),
(1455, 9, 5, '7256813904', '2017-05-21 20:53:29', NULL, 1, 'Paco albaladejo', '652314566', 'pacoalba@gmail.com', 1, 0, 0, NULL, '{"primas":{"1":{"id":"15","prima_6m":null,"prima_9m":null,"prima_12m":120,"prima_18m":null},"4":{"id":"16","prima_6m":null,"prima_9m":null,"prima_12m":217,"prima_18m":null},"5":{"id":"47","prima_6m":null,"prima_9m":null,"prima_12m":192,"prima_18m":null}},"Tipo local":"Vivienda"}', NULL, NULL, NULL, NULL, NULL, NULL, NULL, NULL, NULL, NULL, NULL, NULL, NULL, NULL, NULL, NULL, NULL, NULL, NULL, NULL, NULL, NULL, NULL, NULL, NULL, NULL, NULL, NULL, NULL, NULL, NULL, NULL, NULL, NULL, NULL, NULL, NULL, NULL, NULL, NULL, NULL, NULL, NULL, NULL, NULL, NULL, NULL, NULL, NULL, NULL, NULL, NULL, NULL, NULL, NULL, NULL, NULL, 400),
(1456, 9, 5, '1857693042', '2017-05-22 10:14:09', NULL, 1, 'DELFIN I. ACIN LISA', '629404576', 'delfinacinisa@yahoo.es', 1, 0, 0, NULL, '{"primas":{"1":{"id":"15","prima_6m":null,"prima_9m":null,"prima_12m":240,"prima_18m":null},"4":{"id":"16","prima_6m":null,"prima_9m":null,"prima_12m":433,"prima_18m":null},"5":{"id":"47","prima_6m":null,"prima_9m":null,"prima_12m":384,"prima_18m":null}},"Tipo local":"Vivienda"}', NULL, NULL, NULL, NULL, NULL, NULL, NULL, NULL, NULL, NULL, NULL, NULL, NULL, NULL, NULL, NULL, NULL, NULL, NULL, NULL, NULL, NULL, NULL, NULL, NULL, NULL, NULL, NULL, NULL, NULL, NULL, NULL, NULL, NULL, NULL, NULL, NULL, NULL, NULL, NULL, NULL, NULL, NULL, NULL, NULL, NULL, NULL, NULL, NULL, NULL, NULL, NULL, NULL, NULL, NULL, NULL, NULL, 800),
(1457, 9, 5, '5132970648', '2017-05-22 10:52:54', NULL, 1, 'Ángeles ', '682688922', 'toty8029@hotmail.com', 1, 0, 0, NULL, '{"primas":{"1":{"id":"15","prima_6m":null,"prima_9m":null,"prima_12m":195,"prima_18m":null},"4":{"id":"16","prima_6m":null,"prima_9m":null,"prima_12m":352,"prima_18m":null},"5":{"id":"47","prima_6m":null,"prima_9m":null,"prima_12m":312,"prima_18m":null}},"Tipo local":"Vivienda"}', NULL, NULL, NULL, NULL, NULL, NULL, NULL, NULL, NULL, NULL, NULL, NULL, NULL, NULL, NULL, NULL, NULL, NULL, NULL, NULL, NULL, NULL, NULL, NULL, NULL, NULL, NULL, NULL, NULL, NULL, NULL, NULL, NULL, NULL, NULL, NULL, NULL, NULL, NULL, NULL, NULL, NULL, NULL, NULL, NULL, NULL, NULL, NULL, NULL, NULL, NULL, NULL, NULL, NULL, NULL, NULL, NULL, 650),
(1458, 5, 7, '1096534827', '2017-05-22 11:00:52', NULL, 0, 'Juan Prueba', '922296656', 'produccion@canarisk.es', 1, 0, 0, NULL, '{"ramo_especial":"1","primas":{"45":35.72},"params":{"Duraci\\u00f3n":"Hasta 31 d\\u00edas","Residente":"Espa\\u00f1a","Zona de cobertura":"Espa\\u00f1a","N\\u00famero de asegurados":"1"}}', NULL, NULL, NULL, NULL, NULL, NULL, NULL, NULL, NULL, NULL, NULL, NULL, NULL, NULL, NULL, NULL, NULL, NULL, NULL, NULL, NULL, NULL, NULL, NULL, NULL, NULL, NULL, NULL, NULL, NULL, NULL, NULL, NULL, NULL, NULL, NULL, NULL, NULL, NULL, NULL, NULL, NULL, NULL, NULL, NULL, NULL, NULL, NULL, NULL, NULL, NULL, NULL, NULL, NULL, NULL, NULL, NULL, NULL),
(1459, 5, 7, '3649805172', '2017-05-22 11:01:44', NULL, 0, 'Juan Prueba', '922296656', 'produccion@canarisk.es', 1, 0, 0, NULL, '{"ramo_especial":"1","primas":{"45":107.16},"params":{"Duraci\\u00f3n":"Hasta 31 d\\u00edas","Residente":"Espa\\u00f1a","Zona de cobertura":"Espa\\u00f1a","N\\u00famero de asegurados":"3"}}', NULL, NULL, NULL, NULL, NULL, NULL, NULL, NULL, NULL, NULL, NULL, NULL, NULL, NULL, NULL, NULL, NULL, NULL, NULL, NULL, NULL, NULL, NULL, NULL, NULL, NULL, NULL, NULL, NULL, NULL, NULL, NULL, NULL, NULL, NULL, NULL, NULL, NULL, NULL, NULL, NULL, NULL, NULL, NULL, NULL, NULL, NULL, NULL, NULL, NULL, NULL, NULL, NULL, NULL, NULL, NULL, NULL, NULL),
(1460, 5, 7, '0721586349', '2017-05-22 11:02:58', NULL, 0, 'Juan Prueba', '922296656', 'produccion@canarisk.es', 1, 0, 0, NULL, '{"ramo_especial":"1","primas":{"45":73.97},"params":{"Duraci\\u00f3n":"Hasta 31 d\\u00edas","Residente":"Espa\\u00f1a","Zona de cobertura":"Europa","N\\u00famero de asegurados":"1"}}', NULL, NULL, NULL, NULL, NULL, NULL, NULL, NULL, NULL, NULL, NULL, NULL, NULL, NULL, NULL, NULL, NULL, NULL, NULL, NULL, NULL, NULL, NULL, NULL, NULL, NULL, NULL, NULL, NULL, NULL, NULL, NULL, NULL, NULL, NULL, NULL, NULL, NULL, NULL, NULL, NULL, NULL, NULL, NULL, NULL, NULL, NULL, NULL, NULL, NULL, NULL, NULL, NULL, NULL, NULL, NULL, NULL, NULL),
(1461, 5, 7, '3869450127', '2017-05-22 11:03:51', NULL, 0, 'Juan Prueba', '922296656', 'produccion@canarisk.es', 1, 0, 0, NULL, '{"ramo_especial":"1","primas":{"45":121.64},"params":{"Duraci\\u00f3n":"Hasta 2 meses","Residente":"Espa\\u00f1a","Zona de cobertura":"Europa","N\\u00famero de asegurados":"1"}}', NULL, NULL, NULL, NULL, NULL, NULL, NULL, NULL, NULL, NULL, NULL, NULL, NULL, NULL, NULL, NULL, NULL, NULL, NULL, NULL, NULL, NULL, NULL, NULL, NULL, NULL, NULL, NULL, NULL, NULL, NULL, NULL, NULL, NULL, NULL, NULL, NULL, NULL, NULL, NULL, NULL, NULL, NULL, NULL, NULL, NULL, NULL, NULL, NULL, NULL, NULL, NULL, NULL, NULL, NULL, NULL, NULL, NULL),
(1462, 5, 7, '3751928460', '2017-05-22 11:04:31', NULL, 0, 'Juan Prueba', '922296656', 'produccion@canarisk.es', 1, 0, 0, NULL, '{"ramo_especial":"1","primas":{"45":169.31},"params":{"Duraci\\u00f3n":"Hasta 3 meses","Residente":"Espa\\u00f1a","Zona de cobertura":"Europa","N\\u00famero de asegurados":"1"}}', NULL, NULL, NULL, NULL, NULL, NULL, NULL, NULL, NULL, NULL, NULL, NULL, NULL, NULL, NULL, NULL, NULL, NULL, NULL, NULL, NULL, NULL, NULL, NULL, NULL, NULL, NULL, NULL, NULL, NULL, NULL, NULL, NULL, NULL, NULL, NULL, NULL, NULL, NULL, NULL, NULL, NULL, NULL, NULL, NULL, NULL, NULL, NULL, NULL, NULL, NULL, NULL, NULL, NULL, NULL, NULL, NULL, NULL),
(1463, 5, 7, '3564780192', '2017-05-22 11:05:01', NULL, 0, 'Juan Prueba', '922296656', 'produccion@canarisk.es', 1, 0, 0, NULL, '{"ramo_especial":"1","primas":{"45":216.98},"params":{"Duraci\\u00f3n":"Hasta 4 meses","Residente":"Espa\\u00f1a","Zona de cobertura":"Europa","N\\u00famero de asegurados":"1"}}', NULL, NULL, NULL, NULL, NULL, NULL, NULL, NULL, NULL, NULL, NULL, NULL, NULL, NULL, NULL, NULL, NULL, NULL, NULL, NULL, NULL, NULL, NULL, NULL, NULL, NULL, NULL, NULL, NULL, NULL, NULL, NULL, NULL, NULL, NULL, NULL, NULL, NULL, NULL, NULL, NULL, NULL, NULL, NULL, NULL, NULL, NULL, NULL, NULL, NULL, NULL, NULL, NULL, NULL, NULL, NULL, NULL, NULL),
(1464, 5, 7, '6254130897', '2017-05-22 11:05:34', NULL, 0, 'Juan Prueba', '922296656', 'produccion@canarisk.es', 1, 0, 0, NULL, '{"ramo_especial":"1","primas":{"45":264.65},"params":{"Duraci\\u00f3n":"Hasta 5 meses","Residente":"Espa\\u00f1a","Zona de cobertura":"Europa","N\\u00famero de asegurados":"1"}}', NULL, NULL, NULL, NULL, NULL, NULL, NULL, NULL, NULL, NULL, NULL, NULL, NULL, NULL, NULL, NULL, NULL, NULL, NULL, NULL, NULL, NULL, NULL, NULL, NULL, NULL, NULL, NULL, NULL, NULL, NULL, NULL, NULL, NULL, NULL, NULL, NULL, NULL, NULL, NULL, NULL, NULL, NULL, NULL, NULL, NULL, NULL, NULL, NULL, NULL, NULL, NULL, NULL, NULL, NULL, NULL, NULL, NULL),
(1465, 5, 7, '9078516342', '2017-05-22 11:06:08', NULL, 0, 'Juan Prueba', '922296656', 'produccion@canarisk.es', 1, 0, 0, NULL, '{"ramo_especial":"1","primas":{"45":26.71},"params":{"Duraci\\u00f3n":"Hasta 3 d\\u00edas","Residente":"Espa\\u00f1a","Zona de cobertura":"Europa","N\\u00famero de asegurados":"1"}}', NULL, NULL, NULL, NULL, NULL, NULL, NULL, NULL, NULL, NULL, NULL, NULL, NULL, NULL, NULL, NULL, NULL, NULL, NULL, NULL, NULL, NULL, NULL, NULL, NULL, NULL, NULL, NULL, NULL, NULL, NULL, NULL, NULL, NULL, NULL, NULL, NULL, NULL, NULL, NULL, NULL, NULL, NULL, NULL, NULL, NULL, NULL, NULL, NULL, NULL, NULL, NULL, NULL, NULL, NULL, NULL, NULL, NULL),
(1466, 5, 7, '2798654301', '2017-05-22 11:06:52', NULL, 0, 'Juan Prueba', '922296656', 'produccion@canarisk.es', 1, 0, 0, NULL, '{"ramo_especial":"1","primas":{"45":312.32},"params":{"Duraci\\u00f3n":"Hasta 6 meses","Residente":"Espa\\u00f1a","Zona de cobertura":"Europa","N\\u00famero de asegurados":"1"}}', NULL, NULL, NULL, NULL, NULL, NULL, NULL, NULL, NULL, NULL, NULL, NULL, NULL, NULL, NULL, NULL, NULL, NULL, NULL, NULL, NULL, NULL, NULL, NULL, NULL, NULL, NULL, NULL, NULL, NULL, NULL, NULL, NULL, NULL, NULL, NULL, NULL, NULL, NULL, NULL, NULL, NULL, NULL, NULL, NULL, NULL, NULL, NULL, NULL, NULL, NULL, NULL, NULL, NULL, NULL, NULL, NULL, NULL),
(1467, 5, 7, '0758412963', '2017-05-22 11:07:14', NULL, 0, 'Juan Prueba', '922296656', 'produccion@canarisk.es', 1, 0, 0, NULL, '{"ramo_especial":"1","primas":{"45":359.99},"params":{"Duraci\\u00f3n":"Hasta 7 meses","Residente":"Espa\\u00f1a","Zona de cobertura":"Europa","N\\u00famero de asegurados":"1"}}', NULL, NULL, NULL, NULL, NULL, NULL, NULL, NULL, NULL, NULL, NULL, NULL, NULL, NULL, NULL, NULL, NULL, NULL, NULL, NULL, NULL, NULL, NULL, NULL, NULL, NULL, NULL, NULL, NULL, NULL, NULL, NULL, NULL, NULL, NULL, NULL, NULL, NULL, NULL, NULL, NULL, NULL, NULL, NULL, NULL, NULL, NULL, NULL, NULL, NULL, NULL, NULL, NULL, NULL, NULL, NULL, NULL, NULL);
INSERT INTO `tarificaciones` (`id`, `correduria_id`, `ramo_id`, `codigo_tarificacion`, `fecha_creacion`, `creada_por`, `numMensajes`, `nombre_completo`, `telefono`, `email`, `activo`, `documentacionEnviada`, `contratada`, `fecha_borrado`, `data`, `deletedBy_id`, `numeroPersonas`, `vida_capital`, `vida_fechaNacimiento`, `salud_provincia_id`, `salud_contratante_id`, `salud_fechaNacimiento1`, `salud_fechaNacimiento2`, `salud_fechaNacimiento3`, `salud_fechaNacimiento4`, `salud_fechaNacimiento5`, `salud_fechaNacimiento6`, `salud_fechaNacimiento7`, `salud_fechaNacimiento8`, `salud_fechaNacimiento9`, `salud_fechaNacimiento10`, `salud_edad1`, `salud_edad2`, `salud_edad3`, `salud_edad4`, `salud_edad5`, `salud_edad6`, `salud_edad7`, `salud_edad8`, `salud_edad9`, `salud_edad10`, `decesos_provincia_id_1`, `decesos_provincia_id_2`, `decesos_provincia_id_3`, `decesos_provincia_id_4`, `decesos_provincia_id_5`, `decesos_provincia_id_6`, `decesos_provincia_id_7`, `decesos_provincia_id_8`, `decesos_provincia_id_9`, `decesos_provincia_id_10`, `decesos_fechaNacimiento1`, `decesos_fechaNacimiento2`, `decesos_fechaNacimiento3`, `decesos_fechaNacimiento4`, `decesos_fechaNacimiento5`, `decesos_fechaNacimiento6`, `decesos_fechaNacimiento7`, `decesos_fechaNacimiento8`, `decesos_fechaNacimiento9`, `decesos_fechaNacimiento10`, `decesos_edad1`, `decesos_edad2`, `decesos_edad3`, `decesos_edad4`, `decesos_edad5`, `decesos_edad6`, `decesos_edad7`, `decesos_edad8`, `decesos_edad9`, `decesos_edad10`, `alquiler_rentaMensual`, `alquiler_valorAlquiler`) VALUES
(1468, 5, 7, '5432801697', '2017-05-22 11:07:48', NULL, 0, 'Juan Prueba', '922296656', 'produccion@canarisk.es', 1, 0, 0, NULL, '{"ramo_especial":"1","primas":{"45":407.66},"params":{"Duraci\\u00f3n":"Hasta 8 meses","Residente":"Espa\\u00f1a","Zona de cobertura":"Europa","N\\u00famero de asegurados":"1"}}', NULL, NULL, NULL, NULL, NULL, NULL, NULL, NULL, NULL, NULL, NULL, NULL, NULL, NULL, NULL, NULL, NULL, NULL, NULL, NULL, NULL, NULL, NULL, NULL, NULL, NULL, NULL, NULL, NULL, NULL, NULL, NULL, NULL, NULL, NULL, NULL, NULL, NULL, NULL, NULL, NULL, NULL, NULL, NULL, NULL, NULL, NULL, NULL, NULL, NULL, NULL, NULL, NULL, NULL, NULL, NULL, NULL, NULL),
(1469, 5, 7, '4392670158', '2017-05-22 11:08:49', NULL, 0, 'Juan Prueba', '922296656', 'produccion@canarisk.es', 1, 0, 0, NULL, '{"ramo_especial":"1","primas":{"45":455.33},"params":{"Duraci\\u00f3n":"Hasta 9 meses","Residente":"Espa\\u00f1a","Zona de cobertura":"Europa","N\\u00famero de asegurados":"1"}}', NULL, NULL, NULL, NULL, NULL, NULL, NULL, NULL, NULL, NULL, NULL, NULL, NULL, NULL, NULL, NULL, NULL, NULL, NULL, NULL, NULL, NULL, NULL, NULL, NULL, NULL, NULL, NULL, NULL, NULL, NULL, NULL, NULL, NULL, NULL, NULL, NULL, NULL, NULL, NULL, NULL, NULL, NULL, NULL, NULL, NULL, NULL, NULL, NULL, NULL, NULL, NULL, NULL, NULL, NULL, NULL, NULL, NULL),
(1470, 5, 7, '6594127308', '2017-05-22 11:09:19', NULL, 0, 'Juan Prueba', '922296656', 'produccion@canarisk.es', 1, 0, 0, NULL, '{"ramo_especial":"1","primas":{"45":503},"params":{"Duraci\\u00f3n":"Hasta 10 meses","Residente":"Espa\\u00f1a","Zona de cobertura":"Europa","N\\u00famero de asegurados":"1"}}', NULL, NULL, NULL, NULL, NULL, NULL, NULL, NULL, NULL, NULL, NULL, NULL, NULL, NULL, NULL, NULL, NULL, NULL, NULL, NULL, NULL, NULL, NULL, NULL, NULL, NULL, NULL, NULL, NULL, NULL, NULL, NULL, NULL, NULL, NULL, NULL, NULL, NULL, NULL, NULL, NULL, NULL, NULL, NULL, NULL, NULL, NULL, NULL, NULL, NULL, NULL, NULL, NULL, NULL, NULL, NULL, NULL, NULL),
(1471, 5, 7, '9025846137', '2017-05-22 11:10:04', NULL, 0, 'Juan PRueba', '922296656', 'produccion@canarisk.es', 1, 0, 0, NULL, '{"ramo_especial":"1","primas":{"45":550.67},"params":{"Duraci\\u00f3n":"Hasta 11 meses","Residente":"Espa\\u00f1a","Zona de cobertura":"Europa","N\\u00famero de asegurados":"1"}}', NULL, NULL, NULL, NULL, NULL, NULL, NULL, NULL, NULL, NULL, NULL, NULL, NULL, NULL, NULL, NULL, NULL, NULL, NULL, NULL, NULL, NULL, NULL, NULL, NULL, NULL, NULL, NULL, NULL, NULL, NULL, NULL, NULL, NULL, NULL, NULL, NULL, NULL, NULL, NULL, NULL, NULL, NULL, NULL, NULL, NULL, NULL, NULL, NULL, NULL, NULL, NULL, NULL, NULL, NULL, NULL, NULL, NULL),
(1472, 5, 7, '1932784560', '2017-05-22 11:10:35', NULL, 0, 'Juan PRueba', '922296656', 'produccion@canarisk.es', 1, 0, 0, NULL, '{"ramo_especial":"1","primas":{"45":73.97},"params":{"Duraci\\u00f3n":null,"Residente":"Espa\\u00f1a","Zona de cobertura":"Europa","N\\u00famero de asegurados":"1"}}', NULL, NULL, NULL, NULL, NULL, NULL, NULL, NULL, NULL, NULL, NULL, NULL, NULL, NULL, NULL, NULL, NULL, NULL, NULL, NULL, NULL, NULL, NULL, NULL, NULL, NULL, NULL, NULL, NULL, NULL, NULL, NULL, NULL, NULL, NULL, NULL, NULL, NULL, NULL, NULL, NULL, NULL, NULL, NULL, NULL, NULL, NULL, NULL, NULL, NULL, NULL, NULL, NULL, NULL, NULL, NULL, NULL, NULL),
(1473, 5, 7, '9572140683', '2017-05-22 11:10:55', NULL, 0, 'Juan PRueba', '922296656', 'produccion@canarisk.es', 1, 0, 0, NULL, '{"ramo_especial":"1","primas":{"45":73.97},"params":{"Duraci\\u00f3n":null,"Residente":"Espa\\u00f1a","Zona de cobertura":"Europa","N\\u00famero de asegurados":"1"}}', NULL, NULL, NULL, NULL, NULL, NULL, NULL, NULL, NULL, NULL, NULL, NULL, NULL, NULL, NULL, NULL, NULL, NULL, NULL, NULL, NULL, NULL, NULL, NULL, NULL, NULL, NULL, NULL, NULL, NULL, NULL, NULL, NULL, NULL, NULL, NULL, NULL, NULL, NULL, NULL, NULL, NULL, NULL, NULL, NULL, NULL, NULL, NULL, NULL, NULL, NULL, NULL, NULL, NULL, NULL, NULL, NULL, NULL),
(1474, 5, 7, '9503624718', '2017-05-22 11:11:09', NULL, 0, 'Juan PRueba', '922296656', 'produccion@canarisk.es', 1, 0, 0, NULL, '{"ramo_especial":"1","primas":{"45":73.97},"params":{"Duraci\\u00f3n":null,"Residente":"Espa\\u00f1a","Zona de cobertura":"Europa","N\\u00famero de asegurados":"1"}}', NULL, NULL, NULL, NULL, NULL, NULL, NULL, NULL, NULL, NULL, NULL, NULL, NULL, NULL, NULL, NULL, NULL, NULL, NULL, NULL, NULL, NULL, NULL, NULL, NULL, NULL, NULL, NULL, NULL, NULL, NULL, NULL, NULL, NULL, NULL, NULL, NULL, NULL, NULL, NULL, NULL, NULL, NULL, NULL, NULL, NULL, NULL, NULL, NULL, NULL, NULL, NULL, NULL, NULL, NULL, NULL, NULL, NULL),
(1475, 5, 7, '4196082735', '2017-05-22 11:11:28', NULL, 0, 'Juan PRueba', '922296656', 'produccion@canarisk.es', 1, 0, 0, NULL, '{"ramo_especial":"1","primas":{"45":598.34},"params":{"Duraci\\u00f3n":"Hasta 362 d\\u00edas","Residente":"Espa\\u00f1a","Zona de cobertura":"Europa","N\\u00famero de asegurados":"1"}}', NULL, NULL, NULL, NULL, NULL, NULL, NULL, NULL, NULL, NULL, NULL, NULL, NULL, NULL, NULL, NULL, NULL, NULL, NULL, NULL, NULL, NULL, NULL, NULL, NULL, NULL, NULL, NULL, NULL, NULL, NULL, NULL, NULL, NULL, NULL, NULL, NULL, NULL, NULL, NULL, NULL, NULL, NULL, NULL, NULL, NULL, NULL, NULL, NULL, NULL, NULL, NULL, NULL, NULL, NULL, NULL, NULL, NULL),
(1476, 5, 7, '8534697012', '2017-05-22 11:12:11', NULL, 0, 'Juan PRueba', '922296656', 'produccion@canarisk.es', 1, 0, 0, NULL, '{"ramo_especial":"1","primas":{"45":1942.47},"params":{"Duraci\\u00f3n":"Hasta 362 d\\u00edas","Residente":"Espa\\u00f1a","Zona de cobertura":"Mundo","N\\u00famero de asegurados":"1"}}', NULL, NULL, NULL, NULL, NULL, NULL, NULL, NULL, NULL, NULL, NULL, NULL, NULL, NULL, NULL, NULL, NULL, NULL, NULL, NULL, NULL, NULL, NULL, NULL, NULL, NULL, NULL, NULL, NULL, NULL, NULL, NULL, NULL, NULL, NULL, NULL, NULL, NULL, NULL, NULL, NULL, NULL, NULL, NULL, NULL, NULL, NULL, NULL, NULL, NULL, NULL, NULL, NULL, NULL, NULL, NULL, NULL, NULL),
(1477, 5, 7, '5819374062', '2017-05-22 11:12:51', NULL, 0, 'Juan PRueba', '922296656', 'produccion@canarisk.es', 1, 0, 0, NULL, '{"ramo_especial":"1","primas":{"45":1781.7},"params":{"Duraci\\u00f3n":"Hasta 11 meses","Residente":"Espa\\u00f1a","Zona de cobertura":"Mundo","N\\u00famero de asegurados":"1"}}', NULL, NULL, NULL, NULL, NULL, NULL, NULL, NULL, NULL, NULL, NULL, NULL, NULL, NULL, NULL, NULL, NULL, NULL, NULL, NULL, NULL, NULL, NULL, NULL, NULL, NULL, NULL, NULL, NULL, NULL, NULL, NULL, NULL, NULL, NULL, NULL, NULL, NULL, NULL, NULL, NULL, NULL, NULL, NULL, NULL, NULL, NULL, NULL, NULL, NULL, NULL, NULL, NULL, NULL, NULL, NULL, NULL, NULL),
(1478, 5, 7, '0534218679', '2017-05-22 11:13:24', NULL, 0, 'Juan PRueba', '922296656', 'produccion@canarisk.es', 1, 0, 0, NULL, '{"ramo_especial":"1","primas":{"45":1620.93},"params":{"Duraci\\u00f3n":"Hasta 10 meses","Residente":"Espa\\u00f1a","Zona de cobertura":"Mundo","N\\u00famero de asegurados":"1"}}', NULL, NULL, NULL, NULL, NULL, NULL, NULL, NULL, NULL, NULL, NULL, NULL, NULL, NULL, NULL, NULL, NULL, NULL, NULL, NULL, NULL, NULL, NULL, NULL, NULL, NULL, NULL, NULL, NULL, NULL, NULL, NULL, NULL, NULL, NULL, NULL, NULL, NULL, NULL, NULL, NULL, NULL, NULL, NULL, NULL, NULL, NULL, NULL, NULL, NULL, NULL, NULL, NULL, NULL, NULL, NULL, NULL, NULL),
(1479, 5, 7, '0692514738', '2017-05-22 11:13:49', NULL, 0, 'Juan PRueba', '922296656', 'produccion@canarisk.es', 1, 0, 0, NULL, '{"ramo_especial":"1","primas":{"45":1460.16},"params":{"Duraci\\u00f3n":"Hasta 9 meses","Residente":"Espa\\u00f1a","Zona de cobertura":"Mundo","N\\u00famero de asegurados":"1"}}', NULL, NULL, NULL, NULL, NULL, NULL, NULL, NULL, NULL, NULL, NULL, NULL, NULL, NULL, NULL, NULL, NULL, NULL, NULL, NULL, NULL, NULL, NULL, NULL, NULL, NULL, NULL, NULL, NULL, NULL, NULL, NULL, NULL, NULL, NULL, NULL, NULL, NULL, NULL, NULL, NULL, NULL, NULL, NULL, NULL, NULL, NULL, NULL, NULL, NULL, NULL, NULL, NULL, NULL, NULL, NULL, NULL, NULL),
(1480, 5, 7, '2503714689', '2017-05-22 11:14:13', NULL, 0, 'Juan PRueba', '922296656', 'produccion@canarisk.es', 1, 0, 0, NULL, '{"ramo_especial":"1","primas":{"45":1299.39},"params":{"Duraci\\u00f3n":"Hasta 8 meses","Residente":"Espa\\u00f1a","Zona de cobertura":"Mundo","N\\u00famero de asegurados":"1"}}', NULL, NULL, NULL, NULL, NULL, NULL, NULL, NULL, NULL, NULL, NULL, NULL, NULL, NULL, NULL, NULL, NULL, NULL, NULL, NULL, NULL, NULL, NULL, NULL, NULL, NULL, NULL, NULL, NULL, NULL, NULL, NULL, NULL, NULL, NULL, NULL, NULL, NULL, NULL, NULL, NULL, NULL, NULL, NULL, NULL, NULL, NULL, NULL, NULL, NULL, NULL, NULL, NULL, NULL, NULL, NULL, NULL, NULL),
(1481, 5, 7, '1592407836', '2017-05-22 11:15:04', NULL, 0, 'juan delgado', '922296656', 'produccion@canarisk.es', 1, 0, 0, NULL, '{"ramo_especial":"1","primas":{"45":1138.62},"params":{"Duraci\\u00f3n":"Hasta 7 meses","Residente":"Espa\\u00f1a","Zona de cobertura":"Mundo","N\\u00famero de asegurados":"1"}}', NULL, NULL, NULL, NULL, NULL, NULL, NULL, NULL, NULL, NULL, NULL, NULL, NULL, NULL, NULL, NULL, NULL, NULL, NULL, NULL, NULL, NULL, NULL, NULL, NULL, NULL, NULL, NULL, NULL, NULL, NULL, NULL, NULL, NULL, NULL, NULL, NULL, NULL, NULL, NULL, NULL, NULL, NULL, NULL, NULL, NULL, NULL, NULL, NULL, NULL, NULL, NULL, NULL, NULL, NULL, NULL, NULL, NULL),
(1482, 5, 7, '1749685302', '2017-05-22 11:15:24', NULL, 0, 'juan delgado', '922296656', 'produccion@canarisk.es', 1, 0, 0, NULL, '{"ramo_especial":"1","primas":{"45":977.85},"params":{"Duraci\\u00f3n":"Hasta 6 meses","Residente":"Espa\\u00f1a","Zona de cobertura":"Mundo","N\\u00famero de asegurados":"1"}}', NULL, NULL, NULL, NULL, NULL, NULL, NULL, NULL, NULL, NULL, NULL, NULL, NULL, NULL, NULL, NULL, NULL, NULL, NULL, NULL, NULL, NULL, NULL, NULL, NULL, NULL, NULL, NULL, NULL, NULL, NULL, NULL, NULL, NULL, NULL, NULL, NULL, NULL, NULL, NULL, NULL, NULL, NULL, NULL, NULL, NULL, NULL, NULL, NULL, NULL, NULL, NULL, NULL, NULL, NULL, NULL, NULL, NULL),
(1483, 5, 7, '5743026189', '2017-05-22 11:15:51', NULL, 0, 'juan delgado', '922296656', 'produccion@canarisk.es', 1, 0, 0, NULL, '{"ramo_especial":"1","primas":{"45":817.08},"params":{"Duraci\\u00f3n":"Hasta 5 meses","Residente":"Espa\\u00f1a","Zona de cobertura":"Mundo","N\\u00famero de asegurados":"1"}}', NULL, NULL, NULL, NULL, NULL, NULL, NULL, NULL, NULL, NULL, NULL, NULL, NULL, NULL, NULL, NULL, NULL, NULL, NULL, NULL, NULL, NULL, NULL, NULL, NULL, NULL, NULL, NULL, NULL, NULL, NULL, NULL, NULL, NULL, NULL, NULL, NULL, NULL, NULL, NULL, NULL, NULL, NULL, NULL, NULL, NULL, NULL, NULL, NULL, NULL, NULL, NULL, NULL, NULL, NULL, NULL, NULL, NULL),
(1484, 5, 7, '2845137069', '2017-05-22 11:16:15', NULL, 0, 'juan delgado', '922296656', 'produccion@canarisk.es', 1, 0, 0, NULL, '{"ramo_especial":"1","primas":{"45":656.31},"params":{"Duraci\\u00f3n":"Hasta 4 meses","Residente":"Espa\\u00f1a","Zona de cobertura":"Mundo","N\\u00famero de asegurados":"1"}}', NULL, NULL, NULL, NULL, NULL, NULL, NULL, NULL, NULL, NULL, NULL, NULL, NULL, NULL, NULL, NULL, NULL, NULL, NULL, NULL, NULL, NULL, NULL, NULL, NULL, NULL, NULL, NULL, NULL, NULL, NULL, NULL, NULL, NULL, NULL, NULL, NULL, NULL, NULL, NULL, NULL, NULL, NULL, NULL, NULL, NULL, NULL, NULL, NULL, NULL, NULL, NULL, NULL, NULL, NULL, NULL, NULL, NULL),
(1485, 5, 7, '8241056793', '2017-05-22 11:18:11', NULL, 0, 'Juan Prueba', '922296656', 'produccion@canarisk.es', 1, 0, 0, NULL, '{"ramo_especial":"1","primas":{"45":495.54},"params":{"Duraci\\u00f3n":"Hasta 3 meses","Residente":"Espa\\u00f1a","Zona de cobertura":"Mundo","N\\u00famero de asegurados":"1"}}', NULL, NULL, NULL, NULL, NULL, NULL, NULL, NULL, NULL, NULL, NULL, NULL, NULL, NULL, NULL, NULL, NULL, NULL, NULL, NULL, NULL, NULL, NULL, NULL, NULL, NULL, NULL, NULL, NULL, NULL, NULL, NULL, NULL, NULL, NULL, NULL, NULL, NULL, NULL, NULL, NULL, NULL, NULL, NULL, NULL, NULL, NULL, NULL, NULL, NULL, NULL, NULL, NULL, NULL, NULL, NULL, NULL, NULL),
(1486, 5, 7, '6197825034', '2017-05-22 11:19:21', NULL, 0, 'juan delgado', '922296656', 'produccion@canarisk.es', 1, 0, 0, NULL, '{"ramo_especial":"1","primas":{"45":495.54},"params":{"Duraci\\u00f3n":"Hasta 3 meses","Residente":"Espa\\u00f1a","Zona de cobertura":"Mundo","N\\u00famero de asegurados":"1"}}', NULL, NULL, NULL, NULL, NULL, NULL, NULL, NULL, NULL, NULL, NULL, NULL, NULL, NULL, NULL, NULL, NULL, NULL, NULL, NULL, NULL, NULL, NULL, NULL, NULL, NULL, NULL, NULL, NULL, NULL, NULL, NULL, NULL, NULL, NULL, NULL, NULL, NULL, NULL, NULL, NULL, NULL, NULL, NULL, NULL, NULL, NULL, NULL, NULL, NULL, NULL, NULL, NULL, NULL, NULL, NULL, NULL, NULL),
(1487, 5, 7, '5120893746', '2017-05-22 11:20:01', NULL, 0, 'juan delgado', '922296656', 'produccion@canarisk.es', 1, 0, 0, NULL, '{"ramo_especial":"1","primas":{"45":334.77},"params":{"Duraci\\u00f3n":"Hasta 2 meses","Residente":"Espa\\u00f1a","Zona de cobertura":"Mundo","N\\u00famero de asegurados":"1"}}', NULL, NULL, NULL, NULL, NULL, NULL, NULL, NULL, NULL, NULL, NULL, NULL, NULL, NULL, NULL, NULL, NULL, NULL, NULL, NULL, NULL, NULL, NULL, NULL, NULL, NULL, NULL, NULL, NULL, NULL, NULL, NULL, NULL, NULL, NULL, NULL, NULL, NULL, NULL, NULL, NULL, NULL, NULL, NULL, NULL, NULL, NULL, NULL, NULL, NULL, NULL, NULL, NULL, NULL, NULL, NULL, NULL, NULL),
(1488, 5, 7, '1589723640', '2017-05-22 11:20:28', NULL, 0, 'juan delgado', '922296656', 'produccion@canarisk.es', 1, 0, 0, NULL, '{"ramo_especial":"1","primas":{"45":174},"params":{"Duraci\\u00f3n":"Hasta 31 d\\u00edas","Residente":"Espa\\u00f1a","Zona de cobertura":"Mundo","N\\u00famero de asegurados":"1"}}', NULL, NULL, NULL, NULL, NULL, NULL, NULL, NULL, NULL, NULL, NULL, NULL, NULL, NULL, NULL, NULL, NULL, NULL, NULL, NULL, NULL, NULL, NULL, NULL, NULL, NULL, NULL, NULL, NULL, NULL, NULL, NULL, NULL, NULL, NULL, NULL, NULL, NULL, NULL, NULL, NULL, NULL, NULL, NULL, NULL, NULL, NULL, NULL, NULL, NULL, NULL, NULL, NULL, NULL, NULL, NULL, NULL, NULL),
(1489, 5, 7, '1967025348', '2017-05-22 11:21:27', NULL, 0, 'juan delgado', '922296656', 'produccion@canarisk.es', 1, 0, 0, NULL, '{"ramo_especial":"1","primas":{"45":31.85},"params":{"Duraci\\u00f3n":"Hasta 8 d\\u00edas","Residente":"Espa\\u00f1a","Zona de cobertura":"Europa","N\\u00famero de asegurados":"1"}}', NULL, NULL, NULL, NULL, NULL, NULL, NULL, NULL, NULL, NULL, NULL, NULL, NULL, NULL, NULL, NULL, NULL, NULL, NULL, NULL, NULL, NULL, NULL, NULL, NULL, NULL, NULL, NULL, NULL, NULL, NULL, NULL, NULL, NULL, NULL, NULL, NULL, NULL, NULL, NULL, NULL, NULL, NULL, NULL, NULL, NULL, NULL, NULL, NULL, NULL, NULL, NULL, NULL, NULL, NULL, NULL, NULL, NULL),
(1490, 5, 7, '7304258169', '2017-05-22 11:22:03', NULL, 0, 'juan delgado', '922296656', 'produccion@canarisk.es', 1, 0, 0, NULL, '{"ramo_especial":"1","primas":{"45":31.85},"params":{"Duraci\\u00f3n":"Hasta 8 d\\u00edas","Residente":"Espa\\u00f1a","Zona de cobertura":"Europa","N\\u00famero de asegurados":"1"}}', NULL, NULL, NULL, NULL, NULL, NULL, NULL, NULL, NULL, NULL, NULL, NULL, NULL, NULL, NULL, NULL, NULL, NULL, NULL, NULL, NULL, NULL, NULL, NULL, NULL, NULL, NULL, NULL, NULL, NULL, NULL, NULL, NULL, NULL, NULL, NULL, NULL, NULL, NULL, NULL, NULL, NULL, NULL, NULL, NULL, NULL, NULL, NULL, NULL, NULL, NULL, NULL, NULL, NULL, NULL, NULL, NULL, NULL),
(1491, 5, 7, '1965342708', '2017-05-22 11:22:37', NULL, 0, 'Juan Prueba', '922296656', 'produccion@canarisk.es', 1, 0, 0, NULL, '{"ramo_especial":"1","primas":{"45":93.36},"params":{"Duraci\\u00f3n":"Hasta 8 d\\u00edas","Residente":"Espa\\u00f1a","Zona de cobertura":"Mundo","N\\u00famero de asegurados":"1"}}', NULL, NULL, NULL, NULL, NULL, NULL, NULL, NULL, NULL, NULL, NULL, NULL, NULL, NULL, NULL, NULL, NULL, NULL, NULL, NULL, NULL, NULL, NULL, NULL, NULL, NULL, NULL, NULL, NULL, NULL, NULL, NULL, NULL, NULL, NULL, NULL, NULL, NULL, NULL, NULL, NULL, NULL, NULL, NULL, NULL, NULL, NULL, NULL, NULL, NULL, NULL, NULL, NULL, NULL, NULL, NULL, NULL, NULL),
(1492, 5, 7, '5807164239', '2017-05-22 11:23:07', NULL, 0, 'Juan Prueba', '922296656', 'produccion@canarisk.es', 1, 0, 0, NULL, '{"ramo_especial":"1","primas":{"45":31.85},"params":{"Duraci\\u00f3n":"Hasta 8 d\\u00edas","Residente":"Espa\\u00f1a","Zona de cobertura":"Europa","N\\u00famero de asegurados":"1"}}', NULL, NULL, NULL, NULL, NULL, NULL, NULL, NULL, NULL, NULL, NULL, NULL, NULL, NULL, NULL, NULL, NULL, NULL, NULL, NULL, NULL, NULL, NULL, NULL, NULL, NULL, NULL, NULL, NULL, NULL, NULL, NULL, NULL, NULL, NULL, NULL, NULL, NULL, NULL, NULL, NULL, NULL, NULL, NULL, NULL, NULL, NULL, NULL, NULL, NULL, NULL, NULL, NULL, NULL, NULL, NULL, NULL, NULL),
(1493, 5, 7, '7468215903', '2017-05-22 11:23:23', NULL, 0, 'Juan Prueba', '922296656', 'produccion@canarisk.es', 1, 0, 0, NULL, '{"ramo_especial":"1","primas":{"45":93.36},"params":{"Duraci\\u00f3n":"Hasta 8 d\\u00edas","Residente":"Espa\\u00f1a","Zona de cobertura":"Mundo","N\\u00famero de asegurados":"1"}}', NULL, NULL, NULL, NULL, NULL, NULL, NULL, NULL, NULL, NULL, NULL, NULL, NULL, NULL, NULL, NULL, NULL, NULL, NULL, NULL, NULL, NULL, NULL, NULL, NULL, NULL, NULL, NULL, NULL, NULL, NULL, NULL, NULL, NULL, NULL, NULL, NULL, NULL, NULL, NULL, NULL, NULL, NULL, NULL, NULL, NULL, NULL, NULL, NULL, NULL, NULL, NULL, NULL, NULL, NULL, NULL, NULL, NULL),
(1494, 5, 7, '6832705194', '2017-05-22 11:23:39', NULL, 0, 'Juan Prueba', '922296656', 'produccion@canarisk.es', 1, 0, 0, NULL, '{"ramo_especial":"1","primas":{"45":26.71},"params":{"Duraci\\u00f3n":"Hasta 3 d\\u00edas","Residente":"Espa\\u00f1a","Zona de cobertura":"Europa","N\\u00famero de asegurados":"1"}}', NULL, NULL, NULL, NULL, NULL, NULL, NULL, NULL, NULL, NULL, NULL, NULL, NULL, NULL, NULL, NULL, NULL, NULL, NULL, NULL, NULL, NULL, NULL, NULL, NULL, NULL, NULL, NULL, NULL, NULL, NULL, NULL, NULL, NULL, NULL, NULL, NULL, NULL, NULL, NULL, NULL, NULL, NULL, NULL, NULL, NULL, NULL, NULL, NULL, NULL, NULL, NULL, NULL, NULL, NULL, NULL, NULL, NULL),
(1495, 5, 7, '9317608425', '2017-05-22 11:23:48', NULL, 0, 'Juan Prueba', '922296656', 'produccion@canarisk.es', 1, 0, 0, NULL, '{"ramo_especial":"1","primas":{"45":66.61},"params":{"Duraci\\u00f3n":"Hasta 3 d\\u00edas","Residente":"Espa\\u00f1a","Zona de cobertura":"Mundo","N\\u00famero de asegurados":"1"}}', NULL, NULL, NULL, NULL, NULL, NULL, NULL, NULL, NULL, NULL, NULL, NULL, NULL, NULL, NULL, NULL, NULL, NULL, NULL, NULL, NULL, NULL, NULL, NULL, NULL, NULL, NULL, NULL, NULL, NULL, NULL, NULL, NULL, NULL, NULL, NULL, NULL, NULL, NULL, NULL, NULL, NULL, NULL, NULL, NULL, NULL, NULL, NULL, NULL, NULL, NULL, NULL, NULL, NULL, NULL, NULL, NULL, NULL),
(1496, 5, 7, '6234159780', '2017-05-22 11:25:09', NULL, 0, 'Juan Prueba', '922296656', 'produccion@canarisk.es', 1, 0, 0, NULL, '{"ramo_especial":"1","primas":{"45":36.12},"params":{"Duraci\\u00f3n":"Hasta 13 d\\u00edas","Residente":"Espa\\u00f1a","Zona de cobertura":"Europa","N\\u00famero de asegurados":"1"}}', NULL, NULL, NULL, NULL, NULL, NULL, NULL, NULL, NULL, NULL, NULL, NULL, NULL, NULL, NULL, NULL, NULL, NULL, NULL, NULL, NULL, NULL, NULL, NULL, NULL, NULL, NULL, NULL, NULL, NULL, NULL, NULL, NULL, NULL, NULL, NULL, NULL, NULL, NULL, NULL, NULL, NULL, NULL, NULL, NULL, NULL, NULL, NULL, NULL, NULL, NULL, NULL, NULL, NULL, NULL, NULL, NULL, NULL),
(1497, 5, 7, '8925013674', '2017-05-22 11:25:27', NULL, 0, 'Juan Prueba', '922296656', 'produccion@canarisk.es', 1, 0, 0, NULL, '{"ramo_especial":"1","primas":{"45":42.28},"params":{"Duraci\\u00f3n":"Hasta 19 d\\u00edas","Residente":"Espa\\u00f1a","Zona de cobertura":"Europa","N\\u00famero de asegurados":"1"}}', NULL, NULL, NULL, NULL, NULL, NULL, NULL, NULL, NULL, NULL, NULL, NULL, NULL, NULL, NULL, NULL, NULL, NULL, NULL, NULL, NULL, NULL, NULL, NULL, NULL, NULL, NULL, NULL, NULL, NULL, NULL, NULL, NULL, NULL, NULL, NULL, NULL, NULL, NULL, NULL, NULL, NULL, NULL, NULL, NULL, NULL, NULL, NULL, NULL, NULL, NULL, NULL, NULL, NULL, NULL, NULL, NULL, NULL),
(1498, 5, 7, '3807625419', '2017-05-22 11:25:55', NULL, 0, 'Juan Prueba', '922296656', 'produccion@canarisk.es', 1, 0, 0, NULL, '{"ramo_especial":"1","primas":{"45":42.28},"params":{"Duraci\\u00f3n":"Hasta 19 d\\u00edas","Residente":"Espa\\u00f1a","Zona de cobertura":"Europa","N\\u00famero de asegurados":"1"}}', NULL, NULL, NULL, NULL, NULL, NULL, NULL, NULL, NULL, NULL, NULL, NULL, NULL, NULL, NULL, NULL, NULL, NULL, NULL, NULL, NULL, NULL, NULL, NULL, NULL, NULL, NULL, NULL, NULL, NULL, NULL, NULL, NULL, NULL, NULL, NULL, NULL, NULL, NULL, NULL, NULL, NULL, NULL, NULL, NULL, NULL, NULL, NULL, NULL, NULL, NULL, NULL, NULL, NULL, NULL, NULL, NULL, NULL),
(1499, 5, 7, '9065781432', '2017-05-22 11:26:59', NULL, 0, 'juan delgado', '922296656', 'produccion@canarisk.es', 1, 0, 0, NULL, '{"ramo_especial":"1","primas":{"45":47.47},"params":{"Duraci\\u00f3n":"Hasta 25 d\\u00edas","Residente":"Espa\\u00f1a","Zona de cobertura":"Europa","N\\u00famero de asegurados":"1"}}', NULL, NULL, NULL, NULL, NULL, NULL, NULL, NULL, NULL, NULL, NULL, NULL, NULL, NULL, NULL, NULL, NULL, NULL, NULL, NULL, NULL, NULL, NULL, NULL, NULL, NULL, NULL, NULL, NULL, NULL, NULL, NULL, NULL, NULL, NULL, NULL, NULL, NULL, NULL, NULL, NULL, NULL, NULL, NULL, NULL, NULL, NULL, NULL, NULL, NULL, NULL, NULL, NULL, NULL, NULL, NULL, NULL, NULL),
(1500, 5, 7, '8612350947', '2017-05-22 11:27:16', NULL, 0, 'juan delgado', '922296656', 'produccion@canarisk.es', 1, 0, 0, NULL, '{"ramo_especial":"1","primas":{"45":160.56},"params":{"Duraci\\u00f3n":"Hasta 25 d\\u00edas","Residente":"Espa\\u00f1a","Zona de cobertura":"Mundo","N\\u00famero de asegurados":"1"}}', NULL, NULL, NULL, NULL, NULL, NULL, NULL, NULL, NULL, NULL, NULL, NULL, NULL, NULL, NULL, NULL, NULL, NULL, NULL, NULL, NULL, NULL, NULL, NULL, NULL, NULL, NULL, NULL, NULL, NULL, NULL, NULL, NULL, NULL, NULL, NULL, NULL, NULL, NULL, NULL, NULL, NULL, NULL, NULL, NULL, NULL, NULL, NULL, NULL, NULL, NULL, NULL, NULL, NULL, NULL, NULL, NULL, NULL),
(1501, 5, 7, '1432578096', '2017-05-22 11:27:32', NULL, 0, 'juan delgado', '922296656', 'produccion@canarisk.es', 1, 0, 0, NULL, '{"ramo_especial":"1","primas":{"45":174},"params":{"Duraci\\u00f3n":"Hasta 31 d\\u00edas","Residente":"Espa\\u00f1a","Zona de cobertura":"Mundo","N\\u00famero de asegurados":"1"}}', NULL, NULL, NULL, NULL, NULL, NULL, NULL, NULL, NULL, NULL, NULL, NULL, NULL, NULL, NULL, NULL, NULL, NULL, NULL, NULL, NULL, NULL, NULL, NULL, NULL, NULL, NULL, NULL, NULL, NULL, NULL, NULL, NULL, NULL, NULL, NULL, NULL, NULL, NULL, NULL, NULL, NULL, NULL, NULL, NULL, NULL, NULL, NULL, NULL, NULL, NULL, NULL, NULL, NULL, NULL, NULL, NULL, NULL),
(1502, 5, 7, '3562079841', '2017-05-22 11:28:01', NULL, 0, 'juan delgado', '922296656', 'produccion@canarisk.es', 1, 0, 0, NULL, '{"ramo_especial":"1","primas":{"45":174},"params":{"Duraci\\u00f3n":"Hasta 31 d\\u00edas","Residente":"Espa\\u00f1a","Zona de cobertura":"Mundo","N\\u00famero de asegurados":"1"}}', NULL, NULL, NULL, NULL, NULL, NULL, NULL, NULL, NULL, NULL, NULL, NULL, NULL, NULL, NULL, NULL, NULL, NULL, NULL, NULL, NULL, NULL, NULL, NULL, NULL, NULL, NULL, NULL, NULL, NULL, NULL, NULL, NULL, NULL, NULL, NULL, NULL, NULL, NULL, NULL, NULL, NULL, NULL, NULL, NULL, NULL, NULL, NULL, NULL, NULL, NULL, NULL, NULL, NULL, NULL, NULL, NULL, NULL),
(1503, 5, 7, '0419362578', '2017-05-22 11:28:21', NULL, 0, 'juan delgado', '922296656', 'produccion@canarisk.es', 1, 0, 0, NULL, '{"ramo_especial":"1","primas":{"45":73.97},"params":{"Duraci\\u00f3n":"Hasta 31 d\\u00edas","Residente":"Espa\\u00f1a","Zona de cobertura":"Europa","N\\u00famero de asegurados":"1"}}', NULL, NULL, NULL, NULL, NULL, NULL, NULL, NULL, NULL, NULL, NULL, NULL, NULL, NULL, NULL, NULL, NULL, NULL, NULL, NULL, NULL, NULL, NULL, NULL, NULL, NULL, NULL, NULL, NULL, NULL, NULL, NULL, NULL, NULL, NULL, NULL, NULL, NULL, NULL, NULL, NULL, NULL, NULL, NULL, NULL, NULL, NULL, NULL, NULL, NULL, NULL, NULL, NULL, NULL, NULL, NULL, NULL, NULL),
(1504, 5, 7, '3917428605', '2017-05-22 11:29:43', NULL, 0, 'juan delgado', '922296656', 'produccion@canarisk.es', 1, 0, 0, NULL, '{"ramo_especial":"1","primas":{"45":73.97},"params":{"Duraci\\u00f3n":"Hasta 31 d\\u00edas","Residente":"Europa","Zona de cobertura":"Espa\\u00f1a","N\\u00famero de asegurados":"1"}}', NULL, NULL, NULL, NULL, NULL, NULL, NULL, NULL, NULL, NULL, NULL, NULL, NULL, NULL, NULL, NULL, NULL, NULL, NULL, NULL, NULL, NULL, NULL, NULL, NULL, NULL, NULL, NULL, NULL, NULL, NULL, NULL, NULL, NULL, NULL, NULL, NULL, NULL, NULL, NULL, NULL, NULL, NULL, NULL, NULL, NULL, NULL, NULL, NULL, NULL, NULL, NULL, NULL, NULL, NULL, NULL, NULL, NULL),
(1505, 5, 7, '1208579634', '2017-05-22 11:30:11', NULL, 0, 'juan delgado', '922296656', 'produccion@canarisk.es', 1, 0, 0, NULL, '{"ramo_especial":"1","primas":{"45":121.64},"params":{"Duraci\\u00f3n":"Hasta 2 meses","Residente":"Europa","Zona de cobertura":"Espa\\u00f1a","N\\u00famero de asegurados":"1"}}', NULL, NULL, NULL, NULL, NULL, NULL, NULL, NULL, NULL, NULL, NULL, NULL, NULL, NULL, NULL, NULL, NULL, NULL, NULL, NULL, NULL, NULL, NULL, NULL, NULL, NULL, NULL, NULL, NULL, NULL, NULL, NULL, NULL, NULL, NULL, NULL, NULL, NULL, NULL, NULL, NULL, NULL, NULL, NULL, NULL, NULL, NULL, NULL, NULL, NULL, NULL, NULL, NULL, NULL, NULL, NULL, NULL, NULL),
(1506, 5, 7, '3795601482', '2017-05-22 11:30:30', NULL, 0, 'juan delgado', '922296656', 'produccion@canarisk.es', 1, 0, 0, NULL, '{"ramo_especial":"1","primas":{"45":169.31},"params":{"Duraci\\u00f3n":"Hasta 3 meses","Residente":"Europa","Zona de cobertura":"Espa\\u00f1a","N\\u00famero de asegurados":"1"}}', NULL, NULL, NULL, NULL, NULL, NULL, NULL, NULL, NULL, NULL, NULL, NULL, NULL, NULL, NULL, NULL, NULL, NULL, NULL, NULL, NULL, NULL, NULL, NULL, NULL, NULL, NULL, NULL, NULL, NULL, NULL, NULL, NULL, NULL, NULL, NULL, NULL, NULL, NULL, NULL, NULL, NULL, NULL, NULL, NULL, NULL, NULL, NULL, NULL, NULL, NULL, NULL, NULL, NULL, NULL, NULL, NULL, NULL),
(1507, 5, 7, '1068532497', '2017-05-22 11:31:45', NULL, 0, 'juan delgado', '922296656', 'produccion@canarisk.es', 1, 0, 0, NULL, '{"ramo_especial":"1","primas":{"45":216.98},"params":{"Duraci\\u00f3n":"Hasta 4 meses","Residente":"Europa","Zona de cobertura":"Espa\\u00f1a","N\\u00famero de asegurados":"1"}}', NULL, NULL, NULL, NULL, NULL, NULL, NULL, NULL, NULL, NULL, NULL, NULL, NULL, NULL, NULL, NULL, NULL, NULL, NULL, NULL, NULL, NULL, NULL, NULL, NULL, NULL, NULL, NULL, NULL, NULL, NULL, NULL, NULL, NULL, NULL, NULL, NULL, NULL, NULL, NULL, NULL, NULL, NULL, NULL, NULL, NULL, NULL, NULL, NULL, NULL, NULL, NULL, NULL, NULL, NULL, NULL, NULL, NULL),
(1508, 5, 7, '1258739046', '2017-05-22 11:34:22', NULL, 0, 'juan delgado', '922296656', 'produccion@canarisk.es', 1, 0, 0, NULL, '{"ramo_especial":"1","primas":{"45":264.65},"params":{"Duraci\\u00f3n":"Hasta 5 meses","Residente":"Europa","Zona de cobertura":"Espa\\u00f1a","N\\u00famero de asegurados":"1"}}', NULL, NULL, NULL, NULL, NULL, NULL, NULL, NULL, NULL, NULL, NULL, NULL, NULL, NULL, NULL, NULL, NULL, NULL, NULL, NULL, NULL, NULL, NULL, NULL, NULL, NULL, NULL, NULL, NULL, NULL, NULL, NULL, NULL, NULL, NULL, NULL, NULL, NULL, NULL, NULL, NULL, NULL, NULL, NULL, NULL, NULL, NULL, NULL, NULL, NULL, NULL, NULL, NULL, NULL, NULL, NULL, NULL, NULL),
(1509, 5, 7, '5387614290', '2017-05-22 11:34:38', NULL, 0, 'juan delgado', '922296656', 'produccion@canarisk.es', 1, 0, 0, NULL, '{"ramo_especial":"1","primas":{"45":312.32},"params":{"Duraci\\u00f3n":"Hasta 6 meses","Residente":"Europa","Zona de cobertura":"Espa\\u00f1a","N\\u00famero de asegurados":"1"}}', NULL, NULL, NULL, NULL, NULL, NULL, NULL, NULL, NULL, NULL, NULL, NULL, NULL, NULL, NULL, NULL, NULL, NULL, NULL, NULL, NULL, NULL, NULL, NULL, NULL, NULL, NULL, NULL, NULL, NULL, NULL, NULL, NULL, NULL, NULL, NULL, NULL, NULL, NULL, NULL, NULL, NULL, NULL, NULL, NULL, NULL, NULL, NULL, NULL, NULL, NULL, NULL, NULL, NULL, NULL, NULL, NULL, NULL),
(1510, 5, 7, '5680712349', '2017-05-22 11:34:57', NULL, 0, 'juan delgado', '922296656', 'produccion@canarisk.es', 1, 0, 0, NULL, '{"ramo_especial":"1","primas":{"45":359.99},"params":{"Duraci\\u00f3n":"Hasta 7 meses","Residente":"Europa","Zona de cobertura":"Espa\\u00f1a","N\\u00famero de asegurados":"1"}}', NULL, NULL, NULL, NULL, NULL, NULL, NULL, NULL, NULL, NULL, NULL, NULL, NULL, NULL, NULL, NULL, NULL, NULL, NULL, NULL, NULL, NULL, NULL, NULL, NULL, NULL, NULL, NULL, NULL, NULL, NULL, NULL, NULL, NULL, NULL, NULL, NULL, NULL, NULL, NULL, NULL, NULL, NULL, NULL, NULL, NULL, NULL, NULL, NULL, NULL, NULL, NULL, NULL, NULL, NULL, NULL, NULL, NULL),
(1511, 5, 7, '3054291678', '2017-05-22 11:35:25', NULL, 0, 'juan delgado', '922296656', 'produccion@canarisk.es', 1, 0, 0, NULL, '{"ramo_especial":"1","primas":{"45":407.66},"params":{"Duraci\\u00f3n":"Hasta 8 meses","Residente":"Europa","Zona de cobertura":"Espa\\u00f1a","N\\u00famero de asegurados":"1"}}', NULL, NULL, NULL, NULL, NULL, NULL, NULL, NULL, NULL, NULL, NULL, NULL, NULL, NULL, NULL, NULL, NULL, NULL, NULL, NULL, NULL, NULL, NULL, NULL, NULL, NULL, NULL, NULL, NULL, NULL, NULL, NULL, NULL, NULL, NULL, NULL, NULL, NULL, NULL, NULL, NULL, NULL, NULL, NULL, NULL, NULL, NULL, NULL, NULL, NULL, NULL, NULL, NULL, NULL, NULL, NULL, NULL, NULL),
(1512, 5, 7, '5294637180', '2017-05-22 11:35:39', NULL, 0, 'juan delgado', '922296656', 'produccion@canarisk.es', 1, 0, 0, NULL, '{"ramo_especial":"1","primas":{"45":455.33},"params":{"Duraci\\u00f3n":"Hasta 9 meses","Residente":"Europa","Zona de cobertura":"Espa\\u00f1a","N\\u00famero de asegurados":"1"}}', NULL, NULL, NULL, NULL, NULL, NULL, NULL, NULL, NULL, NULL, NULL, NULL, NULL, NULL, NULL, NULL, NULL, NULL, NULL, NULL, NULL, NULL, NULL, NULL, NULL, NULL, NULL, NULL, NULL, NULL, NULL, NULL, NULL, NULL, NULL, NULL, NULL, NULL, NULL, NULL, NULL, NULL, NULL, NULL, NULL, NULL, NULL, NULL, NULL, NULL, NULL, NULL, NULL, NULL, NULL, NULL, NULL, NULL),
(1513, 5, 7, '1926753084', '2017-05-22 11:36:13', NULL, 0, 'juan delgado', '922296656', 'produccion@canarisk.es', 1, 0, 0, NULL, '{"ramo_especial":"1","primas":{"45":503},"params":{"Duraci\\u00f3n":"Hasta 10 meses","Residente":"Europa","Zona de cobertura":"Espa\\u00f1a","N\\u00famero de asegurados":"1"}}', NULL, NULL, NULL, NULL, NULL, NULL, NULL, NULL, NULL, NULL, NULL, NULL, NULL, NULL, NULL, NULL, NULL, NULL, NULL, NULL, NULL, NULL, NULL, NULL, NULL, NULL, NULL, NULL, NULL, NULL, NULL, NULL, NULL, NULL, NULL, NULL, NULL, NULL, NULL, NULL, NULL, NULL, NULL, NULL, NULL, NULL, NULL, NULL, NULL, NULL, NULL, NULL, NULL, NULL, NULL, NULL, NULL, NULL),
(1514, 5, 7, '2647058139', '2017-05-22 11:36:36', NULL, 0, 'juan delgado', '922296656', 'produccion@canarisk.es', 1, 0, 0, NULL, '{"ramo_especial":"1","primas":{"45":503},"params":{"Duraci\\u00f3n":"Hasta 10 meses","Residente":"Europa","Zona de cobertura":"Espa\\u00f1a","N\\u00famero de asegurados":"1"}}', NULL, NULL, NULL, NULL, NULL, NULL, NULL, NULL, NULL, NULL, NULL, NULL, NULL, NULL, NULL, NULL, NULL, NULL, NULL, NULL, NULL, NULL, NULL, NULL, NULL, NULL, NULL, NULL, NULL, NULL, NULL, NULL, NULL, NULL, NULL, NULL, NULL, NULL, NULL, NULL, NULL, NULL, NULL, NULL, NULL, NULL, NULL, NULL, NULL, NULL, NULL, NULL, NULL, NULL, NULL, NULL, NULL, NULL),
(1515, 5, 7, '8597461203', '2017-05-22 11:37:05', NULL, 0, 'juan delgado', '922296656', 'produccion@canarisk.es', 1, 0, 0, NULL, '{"ramo_especial":"1","primas":{"45":550.67},"params":{"Duraci\\u00f3n":"Hasta 11 meses","Residente":"Europa","Zona de cobertura":"Espa\\u00f1a","N\\u00famero de asegurados":"1"}}', NULL, NULL, NULL, NULL, NULL, NULL, NULL, NULL, NULL, NULL, NULL, NULL, NULL, NULL, NULL, NULL, NULL, NULL, NULL, NULL, NULL, NULL, NULL, NULL, NULL, NULL, NULL, NULL, NULL, NULL, NULL, NULL, NULL, NULL, NULL, NULL, NULL, NULL, NULL, NULL, NULL, NULL, NULL, NULL, NULL, NULL, NULL, NULL, NULL, NULL, NULL, NULL, NULL, NULL, NULL, NULL, NULL, NULL),
(1516, 5, 7, '3179620845', '2017-05-22 11:37:35', NULL, 0, 'juan delgado', '922296656', 'produccion@canarisk.es', 1, 0, 0, NULL, '{"ramo_especial":"1","primas":{"45":550.67},"params":{"Duraci\\u00f3n":"Hasta 11 meses","Residente":"Europa","Zona de cobertura":"Espa\\u00f1a","N\\u00famero de asegurados":"1"}}', NULL, NULL, NULL, NULL, NULL, NULL, NULL, NULL, NULL, NULL, NULL, NULL, NULL, NULL, NULL, NULL, NULL, NULL, NULL, NULL, NULL, NULL, NULL, NULL, NULL, NULL, NULL, NULL, NULL, NULL, NULL, NULL, NULL, NULL, NULL, NULL, NULL, NULL, NULL, NULL, NULL, NULL, NULL, NULL, NULL, NULL, NULL, NULL, NULL, NULL, NULL, NULL, NULL, NULL, NULL, NULL, NULL, NULL),
(1517, 5, 7, '4216095873', '2017-05-22 11:39:54', NULL, 0, 'juan delgado', '922296656', 'produccion@canarisk.es', 1, 0, 0, NULL, '{"ramo_especial":"1","primas":{"45":598.34},"params":{"Duraci\\u00f3n":"Hasta 362 d\\u00edas","Residente":"Europa","Zona de cobertura":"Espa\\u00f1a","N\\u00famero de asegurados":"1"}}', NULL, NULL, NULL, NULL, NULL, NULL, NULL, NULL, NULL, NULL, NULL, NULL, NULL, NULL, NULL, NULL, NULL, NULL, NULL, NULL, NULL, NULL, NULL, NULL, NULL, NULL, NULL, NULL, NULL, NULL, NULL, NULL, NULL, NULL, NULL, NULL, NULL, NULL, NULL, NULL, NULL, NULL, NULL, NULL, NULL, NULL, NULL, NULL, NULL, NULL, NULL, NULL, NULL, NULL, NULL, NULL, NULL, NULL),
(1518, 5, 7, '7580293461', '2017-05-22 11:40:24', NULL, 0, 'juan delgado', '922296656', 'produccion@canarisk.es', 1, 0, 0, NULL, '{"ramo_especial":"1","primas":{"45":26.71},"params":{"Duraci\\u00f3n":"Hasta 3 d\\u00edas","Residente":"Europa","Zona de cobertura":"Espa\\u00f1a","N\\u00famero de asegurados":"1"}}', NULL, NULL, NULL, NULL, NULL, NULL, NULL, NULL, NULL, NULL, NULL, NULL, NULL, NULL, NULL, NULL, NULL, NULL, NULL, NULL, NULL, NULL, NULL, NULL, NULL, NULL, NULL, NULL, NULL, NULL, NULL, NULL, NULL, NULL, NULL, NULL, NULL, NULL, NULL, NULL, NULL, NULL, NULL, NULL, NULL, NULL, NULL, NULL, NULL, NULL, NULL, NULL, NULL, NULL, NULL, NULL, NULL, NULL),
(1519, 5, 7, '7436912508', '2017-05-22 11:40:53', NULL, 0, 'juan delgado', '922296656', 'produccion@canarisk.es', 1, 0, 0, NULL, '{"ramo_especial":"1","primas":{"45":31.85},"params":{"Duraci\\u00f3n":"Hasta 8 d\\u00edas","Residente":"Europa","Zona de cobertura":"Espa\\u00f1a","N\\u00famero de asegurados":"1"}}', NULL, NULL, NULL, NULL, NULL, NULL, NULL, NULL, NULL, NULL, NULL, NULL, NULL, NULL, NULL, NULL, NULL, NULL, NULL, NULL, NULL, NULL, NULL, NULL, NULL, NULL, NULL, NULL, NULL, NULL, NULL, NULL, NULL, NULL, NULL, NULL, NULL, NULL, NULL, NULL, NULL, NULL, NULL, NULL, NULL, NULL, NULL, NULL, NULL, NULL, NULL, NULL, NULL, NULL, NULL, NULL, NULL, NULL),
(1520, 5, 7, '2476518930', '2017-05-22 11:41:35', NULL, 0, 'juan delgado', '922296656', 'produccion@canarisk.es', 1, 0, 0, NULL, '{"ramo_especial":"1","primas":{"45":31.85},"params":{"Duraci\\u00f3n":"Hasta 8 d\\u00edas","Residente":"Europa","Zona de cobertura":"Espa\\u00f1a","N\\u00famero de asegurados":"1"}}', NULL, NULL, NULL, NULL, NULL, NULL, NULL, NULL, NULL, NULL, NULL, NULL, NULL, NULL, NULL, NULL, NULL, NULL, NULL, NULL, NULL, NULL, NULL, NULL, NULL, NULL, NULL, NULL, NULL, NULL, NULL, NULL, NULL, NULL, NULL, NULL, NULL, NULL, NULL, NULL, NULL, NULL, NULL, NULL, NULL, NULL, NULL, NULL, NULL, NULL, NULL, NULL, NULL, NULL, NULL, NULL, NULL, NULL),
(1521, 5, 7, '6204798315', '2017-05-22 11:42:05', NULL, 0, 'juan delgado', '922296656', 'produccion@canarisk.es', 1, 0, 0, NULL, '{"ramo_especial":"1","primas":{"45":36.12},"params":{"Duraci\\u00f3n":"Hasta 13 d\\u00edas","Residente":"Europa","Zona de cobertura":"Espa\\u00f1a","N\\u00famero de asegurados":"1"}}', NULL, NULL, NULL, NULL, NULL, NULL, NULL, NULL, NULL, NULL, NULL, NULL, NULL, NULL, NULL, NULL, NULL, NULL, NULL, NULL, NULL, NULL, NULL, NULL, NULL, NULL, NULL, NULL, NULL, NULL, NULL, NULL, NULL, NULL, NULL, NULL, NULL, NULL, NULL, NULL, NULL, NULL, NULL, NULL, NULL, NULL, NULL, NULL, NULL, NULL, NULL, NULL, NULL, NULL, NULL, NULL, NULL, NULL),
(1522, 5, 7, '5947062813', '2017-05-22 11:42:56', NULL, 0, 'juan delgado', '922296656', 'produccion@canarisk.es', 1, 0, 0, NULL, '{"ramo_especial":"1","primas":{"45":36.12},"params":{"Duraci\\u00f3n":"Hasta 13 d\\u00edas","Residente":"Europa","Zona de cobertura":"Espa\\u00f1a","N\\u00famero de asegurados":"1"}}', NULL, NULL, NULL, NULL, NULL, NULL, NULL, NULL, NULL, NULL, NULL, NULL, NULL, NULL, NULL, NULL, NULL, NULL, NULL, NULL, NULL, NULL, NULL, NULL, NULL, NULL, NULL, NULL, NULL, NULL, NULL, NULL, NULL, NULL, NULL, NULL, NULL, NULL, NULL, NULL, NULL, NULL, NULL, NULL, NULL, NULL, NULL, NULL, NULL, NULL, NULL, NULL, NULL, NULL, NULL, NULL, NULL, NULL),
(1523, 5, 7, '8907254136', '2017-05-22 11:43:12', NULL, 0, 'juan delgado', '922296656', 'produccion@canarisk.es', 1, 0, 0, NULL, '{"ramo_especial":"1","primas":{"45":42.28},"params":{"Duraci\\u00f3n":"Hasta 19 d\\u00edas","Residente":"Europa","Zona de cobertura":"Espa\\u00f1a","N\\u00famero de asegurados":"1"}}', NULL, NULL, NULL, NULL, NULL, NULL, NULL, NULL, NULL, NULL, NULL, NULL, NULL, NULL, NULL, NULL, NULL, NULL, NULL, NULL, NULL, NULL, NULL, NULL, NULL, NULL, NULL, NULL, NULL, NULL, NULL, NULL, NULL, NULL, NULL, NULL, NULL, NULL, NULL, NULL, NULL, NULL, NULL, NULL, NULL, NULL, NULL, NULL, NULL, NULL, NULL, NULL, NULL, NULL, NULL, NULL, NULL, NULL),
(1524, 5, 7, '0937218564', '2017-05-22 11:43:26', NULL, 0, 'juan delgado', '922296656', 'produccion@canarisk.es', 1, 0, 0, NULL, '{"ramo_especial":"1","primas":{"45":42.28},"params":{"Duraci\\u00f3n":"Hasta 19 d\\u00edas","Residente":"Europa","Zona de cobertura":"Espa\\u00f1a","N\\u00famero de asegurados":"1"}}', NULL, NULL, NULL, NULL, NULL, NULL, NULL, NULL, NULL, NULL, NULL, NULL, NULL, NULL, NULL, NULL, NULL, NULL, NULL, NULL, NULL, NULL, NULL, NULL, NULL, NULL, NULL, NULL, NULL, NULL, NULL, NULL, NULL, NULL, NULL, NULL, NULL, NULL, NULL, NULL, NULL, NULL, NULL, NULL, NULL, NULL, NULL, NULL, NULL, NULL, NULL, NULL, NULL, NULL, NULL, NULL, NULL, NULL),
(1525, 5, 7, '6720183945', '2017-05-22 11:43:55', NULL, 0, 'juan delgado', '922296656', 'produccion@canarisk.es', 1, 0, 0, NULL, '{"ramo_especial":"1","primas":{"45":47.47},"params":{"Duraci\\u00f3n":"Hasta 25 d\\u00edas","Residente":"Europa","Zona de cobertura":"Espa\\u00f1a","N\\u00famero de asegurados":"1"}}', NULL, NULL, NULL, NULL, NULL, NULL, NULL, NULL, NULL, NULL, NULL, NULL, NULL, NULL, NULL, NULL, NULL, NULL, NULL, NULL, NULL, NULL, NULL, NULL, NULL, NULL, NULL, NULL, NULL, NULL, NULL, NULL, NULL, NULL, NULL, NULL, NULL, NULL, NULL, NULL, NULL, NULL, NULL, NULL, NULL, NULL, NULL, NULL, NULL, NULL, NULL, NULL, NULL, NULL, NULL, NULL, NULL, NULL),
(1526, 5, 7, '9540871623', '2017-05-22 11:44:08', NULL, 0, 'juan delgado', '922296656', 'produccion@canarisk.es', 1, 0, 0, NULL, '{"ramo_especial":"1","primas":{"45":47.47},"params":{"Duraci\\u00f3n":"Hasta 25 d\\u00edas","Residente":"Europa","Zona de cobertura":"Espa\\u00f1a","N\\u00famero de asegurados":"1"}}', NULL, NULL, NULL, NULL, NULL, NULL, NULL, NULL, NULL, NULL, NULL, NULL, NULL, NULL, NULL, NULL, NULL, NULL, NULL, NULL, NULL, NULL, NULL, NULL, NULL, NULL, NULL, NULL, NULL, NULL, NULL, NULL, NULL, NULL, NULL, NULL, NULL, NULL, NULL, NULL, NULL, NULL, NULL, NULL, NULL, NULL, NULL, NULL, NULL, NULL, NULL, NULL, NULL, NULL, NULL, NULL, NULL, NULL),
(1527, 5, 7, '0495721863', '2017-05-22 11:44:33', NULL, 0, 'juan delgado', '922296656', 'produccion@canarisk.es', 1, 0, 0, NULL, '{"ramo_especial":"1","primas":{"45":73.97},"params":{"Duraci\\u00f3n":"Hasta 31 d\\u00edas","Residente":"Europa","Zona de cobertura":"Espa\\u00f1a","N\\u00famero de asegurados":"1"}}', NULL, NULL, NULL, NULL, NULL, NULL, NULL, NULL, NULL, NULL, NULL, NULL, NULL, NULL, NULL, NULL, NULL, NULL, NULL, NULL, NULL, NULL, NULL, NULL, NULL, NULL, NULL, NULL, NULL, NULL, NULL, NULL, NULL, NULL, NULL, NULL, NULL, NULL, NULL, NULL, NULL, NULL, NULL, NULL, NULL, NULL, NULL, NULL, NULL, NULL, NULL, NULL, NULL, NULL, NULL, NULL, NULL, NULL),
(1528, 5, 7, '9635712840', '2017-05-22 11:44:44', NULL, 0, 'juan delgado', '922296656', 'produccion@canarisk.es', 1, 0, 0, NULL, '{"ramo_especial":"1","primas":{"45":73.97},"params":{"Duraci\\u00f3n":"Hasta 31 d\\u00edas","Residente":"Europa","Zona de cobertura":"Espa\\u00f1a","N\\u00famero de asegurados":"1"}}', NULL, NULL, NULL, NULL, NULL, NULL, NULL, NULL, NULL, NULL, NULL, NULL, NULL, NULL, NULL, NULL, NULL, NULL, NULL, NULL, NULL, NULL, NULL, NULL, NULL, NULL, NULL, NULL, NULL, NULL, NULL, NULL, NULL, NULL, NULL, NULL, NULL, NULL, NULL, NULL, NULL, NULL, NULL, NULL, NULL, NULL, NULL, NULL, NULL, NULL, NULL, NULL, NULL, NULL, NULL, NULL, NULL, NULL),
(1529, 5, 7, '0968341725', '2017-05-22 11:46:10', NULL, 0, 'juan delgado', '922296656', 'produccion@canarisk.es', 1, 0, 0, NULL, '{"ramo_especial":"1","primas":{"45":174},"params":{"Duraci\\u00f3n":"Hasta 31 d\\u00edas","Residente":"Mundo","Zona de cobertura":"Espa\\u00f1a","N\\u00famero de asegurados":"1"}}', NULL, NULL, NULL, NULL, NULL, NULL, NULL, NULL, NULL, NULL, NULL, NULL, NULL, NULL, NULL, NULL, NULL, NULL, NULL, NULL, NULL, NULL, NULL, NULL, NULL, NULL, NULL, NULL, NULL, NULL, NULL, NULL, NULL, NULL, NULL, NULL, NULL, NULL, NULL, NULL, NULL, NULL, NULL, NULL, NULL, NULL, NULL, NULL, NULL, NULL, NULL, NULL, NULL, NULL, NULL, NULL, NULL, NULL),
(1530, 5, 7, '9167403825', '2017-05-22 11:46:41', NULL, 0, 'juan delgado', '922296656', 'produccion@canarisk.es', 1, 0, 0, NULL, '{"ramo_especial":"1","primas":{"45":334.77},"params":{"Duraci\\u00f3n":"Hasta 2 meses","Residente":"Mundo","Zona de cobertura":"Espa\\u00f1a","N\\u00famero de asegurados":"1"}}', NULL, NULL, NULL, NULL, NULL, NULL, NULL, NULL, NULL, NULL, NULL, NULL, NULL, NULL, NULL, NULL, NULL, NULL, NULL, NULL, NULL, NULL, NULL, NULL, NULL, NULL, NULL, NULL, NULL, NULL, NULL, NULL, NULL, NULL, NULL, NULL, NULL, NULL, NULL, NULL, NULL, NULL, NULL, NULL, NULL, NULL, NULL, NULL, NULL, NULL, NULL, NULL, NULL, NULL, NULL, NULL, NULL, NULL),
(1531, 5, 7, '8710643529', '2017-05-22 11:46:55', NULL, 0, 'juan delgado', '922296656', 'produccion@canarisk.es', 1, 0, 0, NULL, '{"ramo_especial":"1","primas":{"45":495.54},"params":{"Duraci\\u00f3n":"Hasta 3 meses","Residente":"Mundo","Zona de cobertura":"Espa\\u00f1a","N\\u00famero de asegurados":"1"}}', NULL, NULL, NULL, NULL, NULL, NULL, NULL, NULL, NULL, NULL, NULL, NULL, NULL, NULL, NULL, NULL, NULL, NULL, NULL, NULL, NULL, NULL, NULL, NULL, NULL, NULL, NULL, NULL, NULL, NULL, NULL, NULL, NULL, NULL, NULL, NULL, NULL, NULL, NULL, NULL, NULL, NULL, NULL, NULL, NULL, NULL, NULL, NULL, NULL, NULL, NULL, NULL, NULL, NULL, NULL, NULL, NULL, NULL),
(1532, 5, 7, '3940728165', '2017-05-22 12:10:59', NULL, 0, 'juan delgado', '922296656', 'produccion@canarisk.es', 1, 0, 0, NULL, '{"ramo_especial":"1","primas":{"45":656.31},"params":{"Duraci\\u00f3n":"Hasta 4 meses","Residente":"Mundo","Zona de cobertura":"Espa\\u00f1a","N\\u00famero de asegurados":"1"}}', NULL, NULL, NULL, NULL, NULL, NULL, NULL, NULL, NULL, NULL, NULL, NULL, NULL, NULL, NULL, NULL, NULL, NULL, NULL, NULL, NULL, NULL, NULL, NULL, NULL, NULL, NULL, NULL, NULL, NULL, NULL, NULL, NULL, NULL, NULL, NULL, NULL, NULL, NULL, NULL, NULL, NULL, NULL, NULL, NULL, NULL, NULL, NULL, NULL, NULL, NULL, NULL, NULL, NULL, NULL, NULL, NULL, NULL),
(1533, 5, 7, '3586429170', '2017-05-22 12:11:15', NULL, 0, 'juan delgado', '922296656', 'produccion@canarisk.es', 1, 0, 0, NULL, '{"ramo_especial":"1","primas":{"45":817.08},"params":{"Duraci\\u00f3n":"Hasta 5 meses","Residente":"Mundo","Zona de cobertura":"Espa\\u00f1a","N\\u00famero de asegurados":"1"}}', NULL, NULL, NULL, NULL, NULL, NULL, NULL, NULL, NULL, NULL, NULL, NULL, NULL, NULL, NULL, NULL, NULL, NULL, NULL, NULL, NULL, NULL, NULL, NULL, NULL, NULL, NULL, NULL, NULL, NULL, NULL, NULL, NULL, NULL, NULL, NULL, NULL, NULL, NULL, NULL, NULL, NULL, NULL, NULL, NULL, NULL, NULL, NULL, NULL, NULL, NULL, NULL, NULL, NULL, NULL, NULL, NULL, NULL),
(1534, 5, 7, '6470291385', '2017-05-22 12:11:39', NULL, 0, 'juan delgado', '922296656', 'produccion@canarisk.es', 1, 0, 0, NULL, '{"ramo_especial":"1","primas":{"45":977.85},"params":{"Duraci\\u00f3n":"Hasta 6 meses","Residente":"Mundo","Zona de cobertura":"Espa\\u00f1a","N\\u00famero de asegurados":"1"}}', NULL, NULL, NULL, NULL, NULL, NULL, NULL, NULL, NULL, NULL, NULL, NULL, NULL, NULL, NULL, NULL, NULL, NULL, NULL, NULL, NULL, NULL, NULL, NULL, NULL, NULL, NULL, NULL, NULL, NULL, NULL, NULL, NULL, NULL, NULL, NULL, NULL, NULL, NULL, NULL, NULL, NULL, NULL, NULL, NULL, NULL, NULL, NULL, NULL, NULL, NULL, NULL, NULL, NULL, NULL, NULL, NULL, NULL),
(1535, 5, 7, '4653918720', '2017-05-22 12:11:56', NULL, 0, 'juan delgado', '922296656', 'produccion@canarisk.es', 1, 0, 0, NULL, '{"ramo_especial":"1","primas":{"45":1138.62},"params":{"Duraci\\u00f3n":"Hasta 7 meses","Residente":"Mundo","Zona de cobertura":"Espa\\u00f1a","N\\u00famero de asegurados":"1"}}', NULL, NULL, NULL, NULL, NULL, NULL, NULL, NULL, NULL, NULL, NULL, NULL, NULL, NULL, NULL, NULL, NULL, NULL, NULL, NULL, NULL, NULL, NULL, NULL, NULL, NULL, NULL, NULL, NULL, NULL, NULL, NULL, NULL, NULL, NULL, NULL, NULL, NULL, NULL, NULL, NULL, NULL, NULL, NULL, NULL, NULL, NULL, NULL, NULL, NULL, NULL, NULL, NULL, NULL, NULL, NULL, NULL, NULL),
(1536, 5, 7, '5234807196', '2017-05-22 12:12:28', NULL, 0, 'juan delgado', '922296656', 'produccion@canarisk.es', 1, 0, 0, NULL, '{"ramo_especial":"1","primas":{"45":1299.39},"params":{"Duraci\\u00f3n":"Hasta 8 meses","Residente":"Mundo","Zona de cobertura":"Espa\\u00f1a","N\\u00famero de asegurados":"1"}}', NULL, NULL, NULL, NULL, NULL, NULL, NULL, NULL, NULL, NULL, NULL, NULL, NULL, NULL, NULL, NULL, NULL, NULL, NULL, NULL, NULL, NULL, NULL, NULL, NULL, NULL, NULL, NULL, NULL, NULL, NULL, NULL, NULL, NULL, NULL, NULL, NULL, NULL, NULL, NULL, NULL, NULL, NULL, NULL, NULL, NULL, NULL, NULL, NULL, NULL, NULL, NULL, NULL, NULL, NULL, NULL, NULL, NULL),
(1537, 5, 7, '3927015864', '2017-05-22 12:13:04', NULL, 0, 'juan delgado', '922296656', 'produccion@canarisk.es', 1, 0, 0, NULL, '{"ramo_especial":"1","primas":{"45":1460.16},"params":{"Duraci\\u00f3n":"Hasta 9 meses","Residente":"Mundo","Zona de cobertura":"Espa\\u00f1a","N\\u00famero de asegurados":"1"}}', NULL, NULL, NULL, NULL, NULL, NULL, NULL, NULL, NULL, NULL, NULL, NULL, NULL, NULL, NULL, NULL, NULL, NULL, NULL, NULL, NULL, NULL, NULL, NULL, NULL, NULL, NULL, NULL, NULL, NULL, NULL, NULL, NULL, NULL, NULL, NULL, NULL, NULL, NULL, NULL, NULL, NULL, NULL, NULL, NULL, NULL, NULL, NULL, NULL, NULL, NULL, NULL, NULL, NULL, NULL, NULL, NULL, NULL),
(1538, 5, 7, '6129308754', '2017-05-22 12:13:28', NULL, 0, 'juan delgado', '922296656', 'produccion@canarisk.es', 1, 0, 0, NULL, '{"ramo_especial":"1","primas":{"45":1620.93},"params":{"Duraci\\u00f3n":"Hasta 10 meses","Residente":"Mundo","Zona de cobertura":"Espa\\u00f1a","N\\u00famero de asegurados":"1"}}', NULL, NULL, NULL, NULL, NULL, NULL, NULL, NULL, NULL, NULL, NULL, NULL, NULL, NULL, NULL, NULL, NULL, NULL, NULL, NULL, NULL, NULL, NULL, NULL, NULL, NULL, NULL, NULL, NULL, NULL, NULL, NULL, NULL, NULL, NULL, NULL, NULL, NULL, NULL, NULL, NULL, NULL, NULL, NULL, NULL, NULL, NULL, NULL, NULL, NULL, NULL, NULL, NULL, NULL, NULL, NULL, NULL, NULL),
(1539, 5, 7, '7382456019', '2017-05-22 12:13:56', NULL, 0, 'juan delgado', '922296656', 'produccion@canarisk.es', 1, 0, 0, NULL, '{"ramo_especial":"1","primas":{"45":1781.7},"params":{"Duraci\\u00f3n":"Hasta 11 meses","Residente":"Mundo","Zona de cobertura":"Espa\\u00f1a","N\\u00famero de asegurados":"1"}}', NULL, NULL, NULL, NULL, NULL, NULL, NULL, NULL, NULL, NULL, NULL, NULL, NULL, NULL, NULL, NULL, NULL, NULL, NULL, NULL, NULL, NULL, NULL, NULL, NULL, NULL, NULL, NULL, NULL, NULL, NULL, NULL, NULL, NULL, NULL, NULL, NULL, NULL, NULL, NULL, NULL, NULL, NULL, NULL, NULL, NULL, NULL, NULL, NULL, NULL, NULL, NULL, NULL, NULL, NULL, NULL, NULL, NULL),
(1540, 5, 7, '7059243186', '2017-05-22 12:14:23', NULL, 0, 'juan delgado', '922296656', 'produccion@canarisk.es', 1, 0, 0, NULL, '{"ramo_especial":"1","primas":{"45":1942.47},"params":{"Duraci\\u00f3n":"Hasta 362 d\\u00edas","Residente":"Mundo","Zona de cobertura":"Espa\\u00f1a","N\\u00famero de asegurados":"1"}}', NULL, NULL, NULL, NULL, NULL, NULL, NULL, NULL, NULL, NULL, NULL, NULL, NULL, NULL, NULL, NULL, NULL, NULL, NULL, NULL, NULL, NULL, NULL, NULL, NULL, NULL, NULL, NULL, NULL, NULL, NULL, NULL, NULL, NULL, NULL, NULL, NULL, NULL, NULL, NULL, NULL, NULL, NULL, NULL, NULL, NULL, NULL, NULL, NULL, NULL, NULL, NULL, NULL, NULL, NULL, NULL, NULL, NULL);
INSERT INTO `tarificaciones` (`id`, `correduria_id`, `ramo_id`, `codigo_tarificacion`, `fecha_creacion`, `creada_por`, `numMensajes`, `nombre_completo`, `telefono`, `email`, `activo`, `documentacionEnviada`, `contratada`, `fecha_borrado`, `data`, `deletedBy_id`, `numeroPersonas`, `vida_capital`, `vida_fechaNacimiento`, `salud_provincia_id`, `salud_contratante_id`, `salud_fechaNacimiento1`, `salud_fechaNacimiento2`, `salud_fechaNacimiento3`, `salud_fechaNacimiento4`, `salud_fechaNacimiento5`, `salud_fechaNacimiento6`, `salud_fechaNacimiento7`, `salud_fechaNacimiento8`, `salud_fechaNacimiento9`, `salud_fechaNacimiento10`, `salud_edad1`, `salud_edad2`, `salud_edad3`, `salud_edad4`, `salud_edad5`, `salud_edad6`, `salud_edad7`, `salud_edad8`, `salud_edad9`, `salud_edad10`, `decesos_provincia_id_1`, `decesos_provincia_id_2`, `decesos_provincia_id_3`, `decesos_provincia_id_4`, `decesos_provincia_id_5`, `decesos_provincia_id_6`, `decesos_provincia_id_7`, `decesos_provincia_id_8`, `decesos_provincia_id_9`, `decesos_provincia_id_10`, `decesos_fechaNacimiento1`, `decesos_fechaNacimiento2`, `decesos_fechaNacimiento3`, `decesos_fechaNacimiento4`, `decesos_fechaNacimiento5`, `decesos_fechaNacimiento6`, `decesos_fechaNacimiento7`, `decesos_fechaNacimiento8`, `decesos_fechaNacimiento9`, `decesos_fechaNacimiento10`, `decesos_edad1`, `decesos_edad2`, `decesos_edad3`, `decesos_edad4`, `decesos_edad5`, `decesos_edad6`, `decesos_edad7`, `decesos_edad8`, `decesos_edad9`, `decesos_edad10`, `alquiler_rentaMensual`, `alquiler_valorAlquiler`) VALUES
(1541, 5, 7, '7456281039', '2017-05-22 12:14:45', NULL, 0, 'juan delgado', '922296656', 'produccion@canarisk.es', 1, 0, 0, NULL, '{"ramo_especial":"1","primas":{"45":264.65},"params":{"Duraci\\u00f3n":"Hasta 5 meses","Residente":"Europa","Zona de cobertura":"Espa\\u00f1a","N\\u00famero de asegurados":"1"}}', NULL, NULL, NULL, NULL, NULL, NULL, NULL, NULL, NULL, NULL, NULL, NULL, NULL, NULL, NULL, NULL, NULL, NULL, NULL, NULL, NULL, NULL, NULL, NULL, NULL, NULL, NULL, NULL, NULL, NULL, NULL, NULL, NULL, NULL, NULL, NULL, NULL, NULL, NULL, NULL, NULL, NULL, NULL, NULL, NULL, NULL, NULL, NULL, NULL, NULL, NULL, NULL, NULL, NULL, NULL, NULL, NULL, NULL),
(1542, 5, 7, '6058792134', '2017-05-22 12:15:42', NULL, 0, 'Juan Delgado', '922296656', 'produccion@canarisk.es', 1, 0, 0, NULL, '{"ramo_especial":"1","primas":{"45":2646.5},"params":{"Duraci\\u00f3n":"Hasta 5 meses","Residente":"Europa","Zona de cobertura":"Espa\\u00f1a","N\\u00famero de asegurados":"10"}}', NULL, NULL, NULL, NULL, NULL, NULL, NULL, NULL, NULL, NULL, NULL, NULL, NULL, NULL, NULL, NULL, NULL, NULL, NULL, NULL, NULL, NULL, NULL, NULL, NULL, NULL, NULL, NULL, NULL, NULL, NULL, NULL, NULL, NULL, NULL, NULL, NULL, NULL, NULL, NULL, NULL, NULL, NULL, NULL, NULL, NULL, NULL, NULL, NULL, NULL, NULL, NULL, NULL, NULL, NULL, NULL, NULL, NULL),
(1543, 5, 7, '1439825706', '2017-05-22 12:27:26', NULL, 0, 'kj', '922296656', 'produccion@canarisk.es', 1, 0, 0, NULL, '{"ramo_especial":"1","primas":{"45":59.94},"params":{"Duraci\\u00f3n":"Hasta 2 meses","Residente":"Espa\\u00f1a","Zona de cobertura":"Espa\\u00f1a","N\\u00famero de asegurados":"1"}}', NULL, NULL, NULL, NULL, NULL, NULL, NULL, NULL, NULL, NULL, NULL, NULL, NULL, NULL, NULL, NULL, NULL, NULL, NULL, NULL, NULL, NULL, NULL, NULL, NULL, NULL, NULL, NULL, NULL, NULL, NULL, NULL, NULL, NULL, NULL, NULL, NULL, NULL, NULL, NULL, NULL, NULL, NULL, NULL, NULL, NULL, NULL, NULL, NULL, NULL, NULL, NULL, NULL, NULL, NULL, NULL, NULL, NULL),
(1544, 5, 7, '4975263018', '2017-05-22 12:44:47', NULL, 0, 'kj', '922296656', 'produccion@canarisk.es', 1, 0, 0, NULL, '{"ramo_especial":"1","primas":{"45":121.64},"params":{"Duraci\\u00f3n":"Hasta 2 meses","Residente":"Europa","Zona de cobertura":"Espa\\u00f1a","N\\u00famero de asegurados":"1"}}', NULL, NULL, NULL, NULL, NULL, NULL, NULL, NULL, NULL, NULL, NULL, NULL, NULL, NULL, NULL, NULL, NULL, NULL, NULL, NULL, NULL, NULL, NULL, NULL, NULL, NULL, NULL, NULL, NULL, NULL, NULL, NULL, NULL, NULL, NULL, NULL, NULL, NULL, NULL, NULL, NULL, NULL, NULL, NULL, NULL, NULL, NULL, NULL, NULL, NULL, NULL, NULL, NULL, NULL, NULL, NULL, NULL, NULL),
(1545, 5, 7, '5306791248', '2017-05-22 12:47:14', NULL, 0, 'kj', '922296656', 'produccion@canarisk.es', 1, 0, 0, NULL, '{"ramo_especial":"1","primas":{"45":302.14},"params":{"Duraci\\u00f3n":"Hasta 362 d\\u00edas","Residente":"Espa\\u00f1a","Zona de cobertura":"Espa\\u00f1a","N\\u00famero de asegurados":"1"}}', NULL, NULL, NULL, NULL, NULL, NULL, NULL, NULL, NULL, NULL, NULL, NULL, NULL, NULL, NULL, NULL, NULL, NULL, NULL, NULL, NULL, NULL, NULL, NULL, NULL, NULL, NULL, NULL, NULL, NULL, NULL, NULL, NULL, NULL, NULL, NULL, NULL, NULL, NULL, NULL, NULL, NULL, NULL, NULL, NULL, NULL, NULL, NULL, NULL, NULL, NULL, NULL, NULL, NULL, NULL, NULL, NULL, NULL),
(1546, 5, 7, '4506823197', '2017-05-22 12:47:28', NULL, 0, 'kj', '922296656', 'produccion@canarisk.es', 1, 0, 0, NULL, '{"ramo_especial":"1","primas":{"45":73.97},"params":{"Duraci\\u00f3n":null,"Residente":"Espa\\u00f1a","Zona de cobertura":"Europa","N\\u00famero de asegurados":"1"}}', NULL, NULL, NULL, NULL, NULL, NULL, NULL, NULL, NULL, NULL, NULL, NULL, NULL, NULL, NULL, NULL, NULL, NULL, NULL, NULL, NULL, NULL, NULL, NULL, NULL, NULL, NULL, NULL, NULL, NULL, NULL, NULL, NULL, NULL, NULL, NULL, NULL, NULL, NULL, NULL, NULL, NULL, NULL, NULL, NULL, NULL, NULL, NULL, NULL, NULL, NULL, NULL, NULL, NULL, NULL, NULL, NULL, NULL),
(1547, 5, 7, '1907652438', '2017-05-22 12:48:18', NULL, 0, 'kj', '922296656', 'produccion@canarisk.es', 1, 0, 0, NULL, '{"ramo_especial":"1","primas":{"45":598.34},"params":{"Duraci\\u00f3n":"Hasta 362 d\\u00edas","Residente":"Europa","Zona de cobertura":"Espa\\u00f1a","N\\u00famero de asegurados":"1"}}', NULL, NULL, NULL, NULL, NULL, NULL, NULL, NULL, NULL, NULL, NULL, NULL, NULL, NULL, NULL, NULL, NULL, NULL, NULL, NULL, NULL, NULL, NULL, NULL, NULL, NULL, NULL, NULL, NULL, NULL, NULL, NULL, NULL, NULL, NULL, NULL, NULL, NULL, NULL, NULL, NULL, NULL, NULL, NULL, NULL, NULL, NULL, NULL, NULL, NULL, NULL, NULL, NULL, NULL, NULL, NULL, NULL, NULL),
(1548, 5, 7, '8695132047', '2017-05-22 12:48:36', NULL, 0, 'kj', '922296656', 'produccion@canarisk.es', 1, 0, 0, NULL, '{"ramo_especial":"1","primas":{"45":174},"params":{"Duraci\\u00f3n":null,"Residente":"Espa\\u00f1a","Zona de cobertura":"Mundo","N\\u00famero de asegurados":"1"}}', NULL, NULL, NULL, NULL, NULL, NULL, NULL, NULL, NULL, NULL, NULL, NULL, NULL, NULL, NULL, NULL, NULL, NULL, NULL, NULL, NULL, NULL, NULL, NULL, NULL, NULL, NULL, NULL, NULL, NULL, NULL, NULL, NULL, NULL, NULL, NULL, NULL, NULL, NULL, NULL, NULL, NULL, NULL, NULL, NULL, NULL, NULL, NULL, NULL, NULL, NULL, NULL, NULL, NULL, NULL, NULL, NULL, NULL),
(1549, 5, 7, '5760841932', '2017-05-22 13:00:18', NULL, 0, 'juan delgado', '922296656', 'produccion@canarisk.es', 1, 0, 0, NULL, '{"ramo_especial":"1","primas":{"45":16.23},"params":{"Duraci\\u00f3n":"Hasta 8 d\\u00edas","Residente":"Espa\\u00f1a","Zona de cobertura":"Espa\\u00f1a","N\\u00famero de asegurados":"1"}}', NULL, NULL, NULL, NULL, NULL, NULL, NULL, NULL, NULL, NULL, NULL, NULL, NULL, NULL, NULL, NULL, NULL, NULL, NULL, NULL, NULL, NULL, NULL, NULL, NULL, NULL, NULL, NULL, NULL, NULL, NULL, NULL, NULL, NULL, NULL, NULL, NULL, NULL, NULL, NULL, NULL, NULL, NULL, NULL, NULL, NULL, NULL, NULL, NULL, NULL, NULL, NULL, NULL, NULL, NULL, NULL, NULL, NULL),
(1550, 1, 6, '3072984516', '2017-05-22 16:19:11', NULL, 1, 'Javierpacojorge@gmail.com ', '636312024', 'javierpacojorge@gmail.com', 1, 0, 0, NULL, '{"Producto interesado":"Responsabilidad civil","Tipo de seguro":"Seguro para feriantes"}', NULL, NULL, NULL, NULL, NULL, NULL, NULL, NULL, NULL, NULL, NULL, NULL, NULL, NULL, NULL, NULL, NULL, NULL, NULL, NULL, NULL, NULL, NULL, NULL, NULL, NULL, NULL, NULL, NULL, NULL, NULL, NULL, NULL, NULL, NULL, NULL, NULL, NULL, NULL, NULL, NULL, NULL, NULL, NULL, NULL, NULL, NULL, NULL, NULL, NULL, NULL, NULL, NULL, NULL, NULL, NULL, NULL, NULL),
(1551, 9, 5, '6217890345', '2017-05-23 08:09:11', NULL, 2, 'Alicia Domínguez ', '618996529', 'adominpe@gruposantander.es', 1, 1, 0, NULL, '{"primas":{"1":{"id":"15","prima_6m":null,"prima_9m":null,"prima_12m":285,"prima_18m":null},"4":{"id":"16","prima_6m":null,"prima_9m":null,"prima_12m":514,"prima_18m":null},"5":{"id":"47","prima_6m":null,"prima_9m":null,"prima_12m":456,"prima_18m":null}},"Tipo local":"Vivienda"}', NULL, NULL, NULL, NULL, NULL, NULL, NULL, NULL, NULL, NULL, NULL, NULL, NULL, NULL, NULL, NULL, NULL, NULL, NULL, NULL, NULL, NULL, NULL, NULL, NULL, NULL, NULL, NULL, NULL, NULL, NULL, NULL, NULL, NULL, NULL, NULL, NULL, NULL, NULL, NULL, NULL, NULL, NULL, NULL, NULL, NULL, NULL, NULL, NULL, NULL, NULL, NULL, NULL, NULL, NULL, NULL, NULL, 950),
(1552, 5, 2, '0416297583', '2017-05-23 10:35:02', NULL, 0, 'Enmanuel Morales Schmidt', '606537118', 'enmanuel7@hotmail.es', 1, 0, 0, NULL, '{"3":{"id_cm":"2","prima_cm":124.15,"id_re":"3","prima_re":150.45},"35":{"id_cm":"48","prima_cm":127.22,"id_re":"49","prima_re":196.86},"36":{"id_cm":"37","prima_cm":94,"id_re":"50","prima_re":158},"37":{"id_cm":"51","prima_cm":64,"id_re":"50","prima_re":158},"41":{"id_cm":"36","prima_cm":108,"id_re":"58","prima_re":136.08},"42":{"id_cm":"59","prima_cm":62.54,"id_re":"60","prima_re":103.8},"43":{"id_cm":"39","prima_cm":77.8,"id_re":"60","prima_re":103.8},"46":{"id_cm":"64","prima_cm":73.22,"id_re":"65","prima_re":200},"47":{"id_cm":"66","prima_cm":95,"id_re":"67","prima_re":226.31}}', NULL, 2, NULL, NULL, 38, 4, NULL, NULL, NULL, NULL, NULL, NULL, NULL, NULL, NULL, NULL, 31, 24, NULL, NULL, NULL, NULL, NULL, NULL, NULL, NULL, NULL, NULL, NULL, NULL, NULL, NULL, NULL, NULL, NULL, NULL, NULL, NULL, NULL, NULL, NULL, NULL, NULL, NULL, NULL, NULL, NULL, NULL, NULL, NULL, NULL, NULL, NULL, NULL, NULL, NULL, NULL, NULL),
(1553, 5, 2, '7586394102', '2017-05-23 10:35:06', NULL, 0, 'Enmanuel Morales Schmidt', '606537118', 'enmanuel7@hotmail.es', 1, 0, 0, NULL, '{"3":{"id_cm":"2","prima_cm":124.15,"id_re":"3","prima_re":150.45},"35":{"id_cm":"48","prima_cm":127.22,"id_re":"49","prima_re":196.86},"36":{"id_cm":"37","prima_cm":94,"id_re":"50","prima_re":158},"37":{"id_cm":"51","prima_cm":64,"id_re":"50","prima_re":158},"41":{"id_cm":"36","prima_cm":108,"id_re":"58","prima_re":136.08},"42":{"id_cm":"59","prima_cm":62.54,"id_re":"60","prima_re":103.8},"43":{"id_cm":"39","prima_cm":77.8,"id_re":"60","prima_re":103.8},"46":{"id_cm":"64","prima_cm":73.22,"id_re":"65","prima_re":200},"47":{"id_cm":"66","prima_cm":95,"id_re":"67","prima_re":226.31}}', NULL, 2, NULL, NULL, 38, 4, NULL, NULL, NULL, NULL, NULL, NULL, NULL, NULL, NULL, NULL, 31, 24, NULL, NULL, NULL, NULL, NULL, NULL, NULL, NULL, NULL, NULL, NULL, NULL, NULL, NULL, NULL, NULL, NULL, NULL, NULL, NULL, NULL, NULL, NULL, NULL, NULL, NULL, NULL, NULL, NULL, NULL, NULL, NULL, NULL, NULL, NULL, NULL, NULL, NULL, NULL, NULL),
(1554, 9, 5, '8635271049', '2017-05-23 12:12:36', NULL, 2, 'salvatore gelotti', '656874949', 'gelotti@maximbcn.com', 1, 0, 0, NULL, '{"primas":{"1":{"id":"15","prima_6m":null,"prima_9m":null,"prima_12m":105,"prima_18m":null},"4":{"id":"16","prima_6m":null,"prima_9m":null,"prima_12m":190,"prima_18m":null},"5":{"id":"47","prima_6m":null,"prima_9m":null,"prima_12m":168,"prima_18m":null}},"Tipo local":"Vivienda"}', NULL, NULL, NULL, NULL, NULL, NULL, NULL, NULL, NULL, NULL, NULL, NULL, NULL, NULL, NULL, NULL, NULL, NULL, NULL, NULL, NULL, NULL, NULL, NULL, NULL, NULL, NULL, NULL, NULL, NULL, NULL, NULL, NULL, NULL, NULL, NULL, NULL, NULL, NULL, NULL, NULL, NULL, NULL, NULL, NULL, NULL, NULL, NULL, NULL, NULL, NULL, NULL, NULL, NULL, NULL, NULL, NULL, 350),
(1555, 1, 6, '2639758401', '2017-05-23 20:39:10', NULL, 0, 'Maria', '629409440', 'delamercedmarco@me.com', 1, 0, 0, NULL, '{"Producto interesado":"Responsabilidad civil","Tipo de seguro":"Seguro para feriantes"}', NULL, NULL, NULL, NULL, NULL, NULL, NULL, NULL, NULL, NULL, NULL, NULL, NULL, NULL, NULL, NULL, NULL, NULL, NULL, NULL, NULL, NULL, NULL, NULL, NULL, NULL, NULL, NULL, NULL, NULL, NULL, NULL, NULL, NULL, NULL, NULL, NULL, NULL, NULL, NULL, NULL, NULL, NULL, NULL, NULL, NULL, NULL, NULL, NULL, NULL, NULL, NULL, NULL, NULL, NULL, NULL, NULL, NULL),
(1556, 9, 5, '3698451072', '2017-05-24 09:31:41', NULL, 1, 'Yolanda Barba García ', '602659631', 'ybarbagarcia@gmail.com', 1, 0, 0, NULL, '{"primas":{"1":{"id":"15","prima_6m":null,"prima_9m":null,"prima_12m":75,"prima_18m":null},"4":{"id":"16","prima_6m":null,"prima_9m":null,"prima_12m":136,"prima_18m":null},"5":{"id":"47","prima_6m":null,"prima_9m":null,"prima_12m":120,"prima_18m":null}},"Tipo local":"Vivienda"}', NULL, NULL, NULL, NULL, NULL, NULL, NULL, NULL, NULL, NULL, NULL, NULL, NULL, NULL, NULL, NULL, NULL, NULL, NULL, NULL, NULL, NULL, NULL, NULL, NULL, NULL, NULL, NULL, NULL, NULL, NULL, NULL, NULL, NULL, NULL, NULL, NULL, NULL, NULL, NULL, NULL, NULL, NULL, NULL, NULL, NULL, NULL, NULL, NULL, NULL, NULL, NULL, NULL, NULL, NULL, NULL, NULL, 250),
(1557, 9, 5, '3594021678', '2017-05-24 10:09:12', NULL, 2, 'Sergio Vital Mancha', '636284780', 'sergiovitalmancha70@gmail.com', 1, 0, 0, NULL, '{"primas":{"1":{"id":"15","prima_6m":null,"prima_9m":null,"prima_12m":36,"prima_18m":null},"4":{"id":"16","prima_6m":null,"prima_9m":null,"prima_12m":65.8,"prima_18m":null},"5":{"id":"47","prima_6m":null,"prima_9m":null,"prima_12m":57.6,"prima_18m":null}},"Tipo local":"Vivienda"}', NULL, NULL, NULL, NULL, NULL, NULL, NULL, NULL, NULL, NULL, NULL, NULL, NULL, NULL, NULL, NULL, NULL, NULL, NULL, NULL, NULL, NULL, NULL, NULL, NULL, NULL, NULL, NULL, NULL, NULL, NULL, NULL, NULL, NULL, NULL, NULL, NULL, NULL, NULL, NULL, NULL, NULL, NULL, NULL, NULL, NULL, NULL, NULL, NULL, NULL, NULL, NULL, NULL, NULL, NULL, NULL, NULL, 120),
(1558, 1, 6, '4153769028', '2017-05-24 14:08:52', NULL, 0, 'María claveria Jiménez ', '655408656', 'gramprix9@hotmail.com', 1, 0, 0, NULL, '{"Producto interesado":"Da\\u00f1os a la atracci\\u00f3n","Tipo de seguro":"Seguro para feriantes"}', NULL, NULL, NULL, NULL, NULL, NULL, NULL, NULL, NULL, NULL, NULL, NULL, NULL, NULL, NULL, NULL, NULL, NULL, NULL, NULL, NULL, NULL, NULL, NULL, NULL, NULL, NULL, NULL, NULL, NULL, NULL, NULL, NULL, NULL, NULL, NULL, NULL, NULL, NULL, NULL, NULL, NULL, NULL, NULL, NULL, NULL, NULL, NULL, NULL, NULL, NULL, NULL, NULL, NULL, NULL, NULL, NULL, NULL),
(1559, 1, 6, '7534091286', '2017-05-24 14:10:50', NULL, 0, 'María claveria Jiménez ', '655408656', 'gramprix9@hotmail.com', 1, 0, 0, NULL, '{"Producto interesado":"Da\\u00f1os a la atracci\\u00f3n","Tipo de seguro":"Seguro para feriantes"}', NULL, NULL, NULL, NULL, NULL, NULL, NULL, NULL, NULL, NULL, NULL, NULL, NULL, NULL, NULL, NULL, NULL, NULL, NULL, NULL, NULL, NULL, NULL, NULL, NULL, NULL, NULL, NULL, NULL, NULL, NULL, NULL, NULL, NULL, NULL, NULL, NULL, NULL, NULL, NULL, NULL, NULL, NULL, NULL, NULL, NULL, NULL, NULL, NULL, NULL, NULL, NULL, NULL, NULL, NULL, NULL, NULL, NULL),
(1560, 1, 6, '1830725469', '2017-05-24 14:11:27', NULL, 0, 'María claveria Jiménez ', '655408656', 'gramprix9@hotmail.com', 1, 0, 0, NULL, '{"Producto interesado":"Da\\u00f1os a la atracci\\u00f3n","Tipo de seguro":"Seguro para feriantes"}', NULL, NULL, NULL, NULL, NULL, NULL, NULL, NULL, NULL, NULL, NULL, NULL, NULL, NULL, NULL, NULL, NULL, NULL, NULL, NULL, NULL, NULL, NULL, NULL, NULL, NULL, NULL, NULL, NULL, NULL, NULL, NULL, NULL, NULL, NULL, NULL, NULL, NULL, NULL, NULL, NULL, NULL, NULL, NULL, NULL, NULL, NULL, NULL, NULL, NULL, NULL, NULL, NULL, NULL, NULL, NULL, NULL, NULL),
(1561, 1, 6, '0397286541', '2017-05-24 14:13:33', NULL, 0, 'María claveria Jiménez ', '655408656', 'gramprix9@hotmail.com', 1, 0, 0, NULL, '{"Producto interesado":"Da\\u00f1os a la atracci\\u00f3n","Tipo de seguro":"Seguro para feriantes"}', NULL, NULL, NULL, NULL, NULL, NULL, NULL, NULL, NULL, NULL, NULL, NULL, NULL, NULL, NULL, NULL, NULL, NULL, NULL, NULL, NULL, NULL, NULL, NULL, NULL, NULL, NULL, NULL, NULL, NULL, NULL, NULL, NULL, NULL, NULL, NULL, NULL, NULL, NULL, NULL, NULL, NULL, NULL, NULL, NULL, NULL, NULL, NULL, NULL, NULL, NULL, NULL, NULL, NULL, NULL, NULL, NULL, NULL),
(1562, 1, 6, '5862103974', '2017-05-24 14:18:08', NULL, 0, 'María claveria Jiménez ', '655408656', 'gramprix9@hotmail.com', 1, 0, 0, NULL, '{"Producto interesado":"Da\\u00f1os a la atracci\\u00f3n","Tipo de seguro":"Seguro para feriantes"}', NULL, NULL, NULL, NULL, NULL, NULL, NULL, NULL, NULL, NULL, NULL, NULL, NULL, NULL, NULL, NULL, NULL, NULL, NULL, NULL, NULL, NULL, NULL, NULL, NULL, NULL, NULL, NULL, NULL, NULL, NULL, NULL, NULL, NULL, NULL, NULL, NULL, NULL, NULL, NULL, NULL, NULL, NULL, NULL, NULL, NULL, NULL, NULL, NULL, NULL, NULL, NULL, NULL, NULL, NULL, NULL, NULL, NULL),
(1563, 1, 6, '7538240961', '2017-05-24 14:30:15', NULL, 0, 'María claveria Jiménez ', '655408656', 'gramprix9@hotmail.com', 1, 0, 0, NULL, '{"Producto interesado":"Da\\u00f1os a la atracci\\u00f3n","Tipo de seguro":"Seguro para feriantes"}', NULL, NULL, NULL, NULL, NULL, NULL, NULL, NULL, NULL, NULL, NULL, NULL, NULL, NULL, NULL, NULL, NULL, NULL, NULL, NULL, NULL, NULL, NULL, NULL, NULL, NULL, NULL, NULL, NULL, NULL, NULL, NULL, NULL, NULL, NULL, NULL, NULL, NULL, NULL, NULL, NULL, NULL, NULL, NULL, NULL, NULL, NULL, NULL, NULL, NULL, NULL, NULL, NULL, NULL, NULL, NULL, NULL, NULL),
(1564, 1, 6, '8450376921', '2017-05-24 14:32:10', NULL, 1, 'María claveria Jiménez ', '655408656', 'gramprix9@hotmail.com', 1, 0, 0, NULL, '{"Producto interesado":"Da\\u00f1os a la atracci\\u00f3n","Tipo de seguro":"Seguro para feriantes"}', NULL, NULL, NULL, NULL, NULL, NULL, NULL, NULL, NULL, NULL, NULL, NULL, NULL, NULL, NULL, NULL, NULL, NULL, NULL, NULL, NULL, NULL, NULL, NULL, NULL, NULL, NULL, NULL, NULL, NULL, NULL, NULL, NULL, NULL, NULL, NULL, NULL, NULL, NULL, NULL, NULL, NULL, NULL, NULL, NULL, NULL, NULL, NULL, NULL, NULL, NULL, NULL, NULL, NULL, NULL, NULL, NULL, NULL),
(1565, 1, 6, '8791635204', '2017-05-24 14:36:20', NULL, 3, 'María claveria Jiménez ', '655408656', 'gramprix9@hotmail.com', 1, 0, 0, NULL, '{"Producto interesado":"Da\\u00f1os a la atracci\\u00f3n","Tipo de seguro":"Seguro para feriantes"}', NULL, NULL, NULL, NULL, NULL, NULL, NULL, NULL, NULL, NULL, NULL, NULL, NULL, NULL, NULL, NULL, NULL, NULL, NULL, NULL, NULL, NULL, NULL, NULL, NULL, NULL, NULL, NULL, NULL, NULL, NULL, NULL, NULL, NULL, NULL, NULL, NULL, NULL, NULL, NULL, NULL, NULL, NULL, NULL, NULL, NULL, NULL, NULL, NULL, NULL, NULL, NULL, NULL, NULL, NULL, NULL, NULL, NULL),
(1566, 1, 6, '6904281375', '2017-05-24 14:42:06', NULL, 1, 'María claveria Jiménez ', '655408656', 'gramprix9@hotmail.com', 1, 0, 0, NULL, '{"Producto interesado":"Da\\u00f1os a la atracci\\u00f3n","Tipo de seguro":"Seguro para feriantes"}', NULL, NULL, NULL, NULL, NULL, NULL, NULL, NULL, NULL, NULL, NULL, NULL, NULL, NULL, NULL, NULL, NULL, NULL, NULL, NULL, NULL, NULL, NULL, NULL, NULL, NULL, NULL, NULL, NULL, NULL, NULL, NULL, NULL, NULL, NULL, NULL, NULL, NULL, NULL, NULL, NULL, NULL, NULL, NULL, NULL, NULL, NULL, NULL, NULL, NULL, NULL, NULL, NULL, NULL, NULL, NULL, NULL, NULL),
(1567, 9, 5, '4637518029', '2017-05-25 08:26:11', NULL, 1, 'benito', '638555456', 'camelas@hotmail.com', 1, 0, 0, NULL, '{"primas":{"1":{"id":"15","prima_6m":null,"prima_9m":null,"prima_12m":540,"prima_18m":null},"4":{"id":"16","prima_6m":null,"prima_9m":null,"prima_12m":973,"prima_18m":null},"5":{"id":"47","prima_6m":null,"prima_9m":null,"prima_12m":864,"prima_18m":null}},"Tipo local":"Vivienda"}', NULL, NULL, NULL, NULL, NULL, NULL, NULL, NULL, NULL, NULL, NULL, NULL, NULL, NULL, NULL, NULL, NULL, NULL, NULL, NULL, NULL, NULL, NULL, NULL, NULL, NULL, NULL, NULL, NULL, NULL, NULL, NULL, NULL, NULL, NULL, NULL, NULL, NULL, NULL, NULL, NULL, NULL, NULL, NULL, NULL, NULL, NULL, NULL, NULL, NULL, NULL, NULL, NULL, NULL, NULL, NULL, NULL, 1800),
(1568, 9, 5, '0619548237', '2017-05-25 10:39:39', NULL, 1, 'Soraya cuaresma ruiz', '660099496', 'soraya_cuaresma@hotmail.com', 1, 0, 0, NULL, '{"primas":{"1":{"id":"15","prima_6m":null,"prima_9m":null,"prima_12m":189,"prima_18m":null},"4":{"id":"16","prima_6m":null,"prima_9m":null,"prima_12m":341.2,"prima_18m":null},"5":{"id":"47","prima_6m":null,"prima_9m":null,"prima_12m":302.4,"prima_18m":null}},"Tipo local":"Vivienda"}', NULL, NULL, NULL, NULL, NULL, NULL, NULL, NULL, NULL, NULL, NULL, NULL, NULL, NULL, NULL, NULL, NULL, NULL, NULL, NULL, NULL, NULL, NULL, NULL, NULL, NULL, NULL, NULL, NULL, NULL, NULL, NULL, NULL, NULL, NULL, NULL, NULL, NULL, NULL, NULL, NULL, NULL, NULL, NULL, NULL, NULL, NULL, NULL, NULL, NULL, NULL, NULL, NULL, NULL, NULL, NULL, NULL, 630),
(1569, 5, 7, '7026495138', '2017-05-26 09:37:28', NULL, 0, 'prueba', '666555444', 'emilio@redess.es', 1, 0, 0, NULL, '{"ramo_especial":"1","primas":{"45":35.72},"params":{"Duraci\\u00f3n":null,"Residente":"Espa\\u00f1a","Zona de cobertura":"Espa\\u00f1a","N\\u00famero de asegurados":"1"}}', NULL, NULL, NULL, NULL, NULL, NULL, NULL, NULL, NULL, NULL, NULL, NULL, NULL, NULL, NULL, NULL, NULL, NULL, NULL, NULL, NULL, NULL, NULL, NULL, NULL, NULL, NULL, NULL, NULL, NULL, NULL, NULL, NULL, NULL, NULL, NULL, NULL, NULL, NULL, NULL, NULL, NULL, NULL, NULL, NULL, NULL, NULL, NULL, NULL, NULL, NULL, NULL, NULL, NULL, NULL, NULL, NULL, NULL),
(1570, 5, 7, '9517048263', '2017-05-26 09:37:49', NULL, 0, 'prueba', '666555444', 'emilio@redess.es', 1, 0, 0, NULL, '{"ramo_especial":"1","primas":{"45":302.14},"params":{"Duraci\\u00f3n":"Hasta 362 d\\u00edas","Residente":"Espa\\u00f1a","Zona de cobertura":"Espa\\u00f1a","N\\u00famero de asegurados":"1"}}', NULL, NULL, NULL, NULL, NULL, NULL, NULL, NULL, NULL, NULL, NULL, NULL, NULL, NULL, NULL, NULL, NULL, NULL, NULL, NULL, NULL, NULL, NULL, NULL, NULL, NULL, NULL, NULL, NULL, NULL, NULL, NULL, NULL, NULL, NULL, NULL, NULL, NULL, NULL, NULL, NULL, NULL, NULL, NULL, NULL, NULL, NULL, NULL, NULL, NULL, NULL, NULL, NULL, NULL, NULL, NULL, NULL, NULL),
(1571, 5, 7, '4032978651', '2017-05-26 09:42:32', NULL, 0, 'prueba', '666555444', 'emilio@redess.es', 1, 0, 0, NULL, '{"ramo_especial":"1","primas":{"45":302.14},"params":{"Duraci\\u00f3n":"Hasta 362 d\\u00edas","Residente":"Espa\\u00f1a","Zona de cobertura":"Espa\\u00f1a","N\\u00famero de asegurados":"1"}}', NULL, NULL, NULL, NULL, NULL, NULL, NULL, NULL, NULL, NULL, NULL, NULL, NULL, NULL, NULL, NULL, NULL, NULL, NULL, NULL, NULL, NULL, NULL, NULL, NULL, NULL, NULL, NULL, NULL, NULL, NULL, NULL, NULL, NULL, NULL, NULL, NULL, NULL, NULL, NULL, NULL, NULL, NULL, NULL, NULL, NULL, NULL, NULL, NULL, NULL, NULL, NULL, NULL, NULL, NULL, NULL, NULL, NULL),
(1572, 5, 7, '1056872394', '2017-05-26 09:47:06', NULL, 0, 'prueba', '666555444', 'emilio@redess.es', 1, 0, 0, NULL, '{"ramo_especial":"1","primas":{"45":302.14},"params":{"Duraci\\u00f3n":"Hasta 362 d\\u00edas","Residente":"Espa\\u00f1a","Zona de cobertura":"Espa\\u00f1a","N\\u00famero de asegurados":"1"}}', NULL, NULL, NULL, NULL, NULL, NULL, NULL, NULL, NULL, NULL, NULL, NULL, NULL, NULL, NULL, NULL, NULL, NULL, NULL, NULL, NULL, NULL, NULL, NULL, NULL, NULL, NULL, NULL, NULL, NULL, NULL, NULL, NULL, NULL, NULL, NULL, NULL, NULL, NULL, NULL, NULL, NULL, NULL, NULL, NULL, NULL, NULL, NULL, NULL, NULL, NULL, NULL, NULL, NULL, NULL, NULL, NULL, NULL),
(1573, 5, 7, '5789031426', '2017-05-26 09:56:47', NULL, 0, 'prueba', '', 'emilio@redess.es', 1, 0, 0, NULL, '{"ramo_especial":"1","primas":{"45":302.14},"params":{"Duraci\\u00f3n":"Hasta 362 d\\u00edas","Residente":"Espa\\u00f1a","Zona de cobertura":"Espa\\u00f1a","N\\u00famero de asegurados":"1"}}', NULL, NULL, NULL, NULL, NULL, NULL, NULL, NULL, NULL, NULL, NULL, NULL, NULL, NULL, NULL, NULL, NULL, NULL, NULL, NULL, NULL, NULL, NULL, NULL, NULL, NULL, NULL, NULL, NULL, NULL, NULL, NULL, NULL, NULL, NULL, NULL, NULL, NULL, NULL, NULL, NULL, NULL, NULL, NULL, NULL, NULL, NULL, NULL, NULL, NULL, NULL, NULL, NULL, NULL, NULL, NULL, NULL, NULL),
(1574, 5, 7, '0745298163', '2017-05-26 09:59:34', NULL, 0, 'prueba', '', 'emilio@redess.es', 0, 0, 0, '2017-05-30 08:28:19', '{"ramo_especial":"1","primas":{"45":11.9},"params":{"Duraci\\u00f3n":"Hasta 3 d\\u00edas","Residente":"Espa\\u00f1a","Zona de cobertura":"Espa\\u00f1a","N\\u00famero de asegurados":"1"}}', 3, NULL, NULL, NULL, NULL, NULL, NULL, NULL, NULL, NULL, NULL, NULL, NULL, NULL, NULL, NULL, NULL, NULL, NULL, NULL, NULL, NULL, NULL, NULL, NULL, NULL, NULL, NULL, NULL, NULL, NULL, NULL, NULL, NULL, NULL, NULL, NULL, NULL, NULL, NULL, NULL, NULL, NULL, NULL, NULL, NULL, NULL, NULL, NULL, NULL, NULL, NULL, NULL, NULL, NULL, NULL, NULL, NULL),
(1575, 5, 7, '6472539801', '2017-05-26 10:32:12', NULL, 0, 'prueba', '', 'emilio@redess.es', 1, 0, 0, NULL, '{"ramo_especial":"1","primas":{"45":63.7},"params":{"Duraci\\u00f3n":"Hasta 8 d\\u00edas","Residente":"Espa\\u00f1a","Zona de cobertura":"Europa","N\\u00famero de asegurados":"2"}}', NULL, NULL, NULL, NULL, NULL, NULL, NULL, NULL, NULL, NULL, NULL, NULL, NULL, NULL, NULL, NULL, NULL, NULL, NULL, NULL, NULL, NULL, NULL, NULL, NULL, NULL, NULL, NULL, NULL, NULL, NULL, NULL, NULL, NULL, NULL, NULL, NULL, NULL, NULL, NULL, NULL, NULL, NULL, NULL, NULL, NULL, NULL, NULL, NULL, NULL, NULL, NULL, NULL, NULL, NULL, NULL, NULL, NULL),
(1576, 5, 7, '4835190627', '2017-05-26 10:33:23', NULL, 0, 'prueba', '', 'emilio@redess.es', 0, 0, 0, '2017-05-30 08:27:36', '{"ramo_especial":"1","primas":{"45":63.7},"params":{"Duraci\\u00f3n":"Hasta 8 d\\u00edas","Residente":"Espa\\u00f1a","Zona de cobertura":"Europa","N\\u00famero de asegurados":"2"}}', 3, NULL, NULL, NULL, NULL, NULL, NULL, NULL, NULL, NULL, NULL, NULL, NULL, NULL, NULL, NULL, NULL, NULL, NULL, NULL, NULL, NULL, NULL, NULL, NULL, NULL, NULL, NULL, NULL, NULL, NULL, NULL, NULL, NULL, NULL, NULL, NULL, NULL, NULL, NULL, NULL, NULL, NULL, NULL, NULL, NULL, NULL, NULL, NULL, NULL, NULL, NULL, NULL, NULL, NULL, NULL, NULL, NULL),
(1577, 5, 7, '2869147035', '2017-05-26 10:35:22', NULL, 0, 'prueba', '', 'emilio@redess.es', 1, 0, 0, NULL, '{"ramo_especial":"1","primas":{"45":63.7},"params":{"Duraci\\u00f3n":"Hasta 8 d\\u00edas","Residente":"Espa\\u00f1a","Zona de cobertura":"Europa","N\\u00famero de asegurados":"2"}}', NULL, NULL, NULL, NULL, NULL, NULL, NULL, NULL, NULL, NULL, NULL, NULL, NULL, NULL, NULL, NULL, NULL, NULL, NULL, NULL, NULL, NULL, NULL, NULL, NULL, NULL, NULL, NULL, NULL, NULL, NULL, NULL, NULL, NULL, NULL, NULL, NULL, NULL, NULL, NULL, NULL, NULL, NULL, NULL, NULL, NULL, NULL, NULL, NULL, NULL, NULL, NULL, NULL, NULL, NULL, NULL, NULL, NULL),
(1578, 5, 7, '5173028946', '2017-05-26 10:38:11', NULL, 0, 'prueba', '', 'emilio@redess.es', 1, 0, 0, NULL, '{"ramo_especial":"1","primas":{"45":63.7},"params":{"Duraci\\u00f3n":"Hasta 8 d\\u00edas","Residente":"Espa\\u00f1a","Zona de cobertura":"Europa","N\\u00famero de asegurados":"2"}}', NULL, NULL, NULL, NULL, NULL, NULL, NULL, NULL, NULL, NULL, NULL, NULL, NULL, NULL, NULL, NULL, NULL, NULL, NULL, NULL, NULL, NULL, NULL, NULL, NULL, NULL, NULL, NULL, NULL, NULL, NULL, NULL, NULL, NULL, NULL, NULL, NULL, NULL, NULL, NULL, NULL, NULL, NULL, NULL, NULL, NULL, NULL, NULL, NULL, NULL, NULL, NULL, NULL, NULL, NULL, NULL, NULL, NULL),
(1579, 5, 7, '8934270156', '2017-05-26 10:38:49', NULL, 0, 'prueba', '666555444', 'emilio@redess.es', 1, 0, 0, NULL, '{"ramo_especial":"1","primas":{"45":1795.02},"params":{"Duraci\\u00f3n":"Hasta 362 d\\u00edas","Residente":"Europa","Zona de cobertura":"Espa\\u00f1a","N\\u00famero de asegurados":"3"}}', NULL, NULL, NULL, NULL, NULL, NULL, NULL, NULL, NULL, NULL, NULL, NULL, NULL, NULL, NULL, NULL, NULL, NULL, NULL, NULL, NULL, NULL, NULL, NULL, NULL, NULL, NULL, NULL, NULL, NULL, NULL, NULL, NULL, NULL, NULL, NULL, NULL, NULL, NULL, NULL, NULL, NULL, NULL, NULL, NULL, NULL, NULL, NULL, NULL, NULL, NULL, NULL, NULL, NULL, NULL, NULL, NULL, NULL),
(1580, 5, 7, '1726549308', '2017-05-26 10:44:16', NULL, 0, 'prueba', '666555444', 'emilio@redess.es', 1, 0, 0, NULL, '{"ramo_especial":"1","primas":{"45":1795.02},"params":{"Duraci\\u00f3n":"Hasta 362 d\\u00edas","Residente":"Europa","Zona de cobertura":"Espa\\u00f1a","N\\u00famero de asegurados":"3"}}', NULL, NULL, NULL, NULL, NULL, NULL, NULL, NULL, NULL, NULL, NULL, NULL, NULL, NULL, NULL, NULL, NULL, NULL, NULL, NULL, NULL, NULL, NULL, NULL, NULL, NULL, NULL, NULL, NULL, NULL, NULL, NULL, NULL, NULL, NULL, NULL, NULL, NULL, NULL, NULL, NULL, NULL, NULL, NULL, NULL, NULL, NULL, NULL, NULL, NULL, NULL, NULL, NULL, NULL, NULL, NULL, NULL, NULL),
(1581, 5, 7, '9042865173', '2017-05-26 10:45:53', NULL, 0, 'prueba', '666555444', 'emilio@redess.es', 1, 0, 0, NULL, '{"ramo_especial":"1","primas":{"45":1795.02},"params":{"Duraci\\u00f3n":"Hasta 362 d\\u00edas","Residente":"Europa","Zona de cobertura":"Espa\\u00f1a","N\\u00famero de asegurados":"3"}}', NULL, NULL, NULL, NULL, NULL, NULL, NULL, NULL, NULL, NULL, NULL, NULL, NULL, NULL, NULL, NULL, NULL, NULL, NULL, NULL, NULL, NULL, NULL, NULL, NULL, NULL, NULL, NULL, NULL, NULL, NULL, NULL, NULL, NULL, NULL, NULL, NULL, NULL, NULL, NULL, NULL, NULL, NULL, NULL, NULL, NULL, NULL, NULL, NULL, NULL, NULL, NULL, NULL, NULL, NULL, NULL, NULL, NULL),
(1582, 5, 7, '5832017496', '2017-05-26 10:48:10', NULL, 0, 'prueba', '', 'emilio@redess.es', 1, 0, 0, NULL, '{"ramo_especial":"1","primas":{"45":11.9},"params":{"Duraci\\u00f3n":"Hasta 3 d\\u00edas","Residente":"Espa\\u00f1a","Zona de cobertura":"Espa\\u00f1a","N\\u00famero de asegurados":"1"}}', NULL, NULL, NULL, NULL, NULL, NULL, NULL, NULL, NULL, NULL, NULL, NULL, NULL, NULL, NULL, NULL, NULL, NULL, NULL, NULL, NULL, NULL, NULL, NULL, NULL, NULL, NULL, NULL, NULL, NULL, NULL, NULL, NULL, NULL, NULL, NULL, NULL, NULL, NULL, NULL, NULL, NULL, NULL, NULL, NULL, NULL, NULL, NULL, NULL, NULL, NULL, NULL, NULL, NULL, NULL, NULL, NULL, NULL),
(1583, 5, 7, '3092167584', '2017-05-26 10:51:24', NULL, 0, 'prueba', '', 'emilio@redess.es', 1, 0, 0, NULL, '{"ramo_especial":"1","primas":{"45":11.9},"params":{"Duraci\\u00f3n":"Hasta 3 d\\u00edas","Residente":"Espa\\u00f1a","Zona de cobertura":"Espa\\u00f1a","N\\u00famero de asegurados":"1"}}', NULL, NULL, NULL, NULL, NULL, NULL, NULL, NULL, NULL, NULL, NULL, NULL, NULL, NULL, NULL, NULL, NULL, NULL, NULL, NULL, NULL, NULL, NULL, NULL, NULL, NULL, NULL, NULL, NULL, NULL, NULL, NULL, NULL, NULL, NULL, NULL, NULL, NULL, NULL, NULL, NULL, NULL, NULL, NULL, NULL, NULL, NULL, NULL, NULL, NULL, NULL, NULL, NULL, NULL, NULL, NULL, NULL, NULL),
(1584, 5, 7, '5738246910', '2017-05-26 10:55:02', NULL, 0, 'prueba', '', 'emilio@redess.es', 0, 0, 0, '2017-05-30 08:26:02', '{"ramo_especial":"1","primas":{"45":11.9},"params":{"Duraci\\u00f3n":"Hasta 3 d\\u00edas","Residente":"Espa\\u00f1a","Zona de cobertura":"Espa\\u00f1a","N\\u00famero de asegurados":"1"}}', 3, NULL, NULL, NULL, NULL, NULL, NULL, NULL, NULL, NULL, NULL, NULL, NULL, NULL, NULL, NULL, NULL, NULL, NULL, NULL, NULL, NULL, NULL, NULL, NULL, NULL, NULL, NULL, NULL, NULL, NULL, NULL, NULL, NULL, NULL, NULL, NULL, NULL, NULL, NULL, NULL, NULL, NULL, NULL, NULL, NULL, NULL, NULL, NULL, NULL, NULL, NULL, NULL, NULL, NULL, NULL, NULL, NULL),
(1585, 5, 7, '2136579048', '2017-05-26 11:17:21', NULL, 0, 'prueba', '', 'emilio@redess.es', 0, 0, 0, '2017-05-30 07:43:29', '{"ramo_especial":"1","primas":{"45":11.9},"params":{"Duraci\\u00f3n":"Hasta 3 d\\u00edas","Residente":"Espa\\u00f1a","Zona de cobertura":"Espa\\u00f1a","N\\u00famero de asegurados":"1"}}', 3, NULL, NULL, NULL, NULL, NULL, NULL, NULL, NULL, NULL, NULL, NULL, NULL, NULL, NULL, NULL, NULL, NULL, NULL, NULL, NULL, NULL, NULL, NULL, NULL, NULL, NULL, NULL, NULL, NULL, NULL, NULL, NULL, NULL, NULL, NULL, NULL, NULL, NULL, NULL, NULL, NULL, NULL, NULL, NULL, NULL, NULL, NULL, NULL, NULL, NULL, NULL, NULL, NULL, NULL, NULL, NULL, NULL),
(1586, 1, 6, '3486917052', '2017-05-27 18:15:54', NULL, 0, 'Calixto garcía camara', '603797406', 'camaraolmedoraquel@gmail.com', 1, 0, 0, NULL, '{"Producto interesado":"Responsabilidad civil","Tipo de seguro":"Seguro para feriantes"}', NULL, NULL, NULL, NULL, NULL, NULL, NULL, NULL, NULL, NULL, NULL, NULL, NULL, NULL, NULL, NULL, NULL, NULL, NULL, NULL, NULL, NULL, NULL, NULL, NULL, NULL, NULL, NULL, NULL, NULL, NULL, NULL, NULL, NULL, NULL, NULL, NULL, NULL, NULL, NULL, NULL, NULL, NULL, NULL, NULL, NULL, NULL, NULL, NULL, NULL, NULL, NULL, NULL, NULL, NULL, NULL, NULL, NULL),
(1587, 9, 5, '8315492067', '2017-05-29 07:57:12', NULL, 1, 'carlos suárez', '646676657', 'angelsuarezcano@hotmail.com', 1, 0, 0, NULL, '{"primas":{"1":{"id":"15","prima_6m":null,"prima_9m":null,"prima_12m":150,"prima_18m":null},"4":{"id":"16","prima_6m":null,"prima_9m":null,"prima_12m":271,"prima_18m":null},"5":{"id":"47","prima_6m":null,"prima_9m":null,"prima_12m":240,"prima_18m":null}},"Tipo local":"Vivienda"}', NULL, NULL, NULL, NULL, NULL, NULL, NULL, NULL, NULL, NULL, NULL, NULL, NULL, NULL, NULL, NULL, NULL, NULL, NULL, NULL, NULL, NULL, NULL, NULL, NULL, NULL, NULL, NULL, NULL, NULL, NULL, NULL, NULL, NULL, NULL, NULL, NULL, NULL, NULL, NULL, NULL, NULL, NULL, NULL, NULL, NULL, NULL, NULL, NULL, NULL, NULL, NULL, NULL, NULL, NULL, NULL, NULL, 500),
(1588, 9, 5, '3678901245', '2017-05-29 08:37:46', NULL, 1, 'Elena Barragan Villa', '686741110', 'elena.barragan@yahoo.es', 1, 0, 0, NULL, '{"primas":{"1":{"id":"15","prima_6m":null,"prima_9m":null,"prima_12m":150,"prima_18m":null},"4":{"id":"16","prima_6m":null,"prima_9m":null,"prima_12m":271,"prima_18m":null},"5":{"id":"47","prima_6m":null,"prima_9m":null,"prima_12m":240,"prima_18m":null}},"Tipo local":"Vivienda"}', NULL, NULL, NULL, NULL, NULL, NULL, NULL, NULL, NULL, NULL, NULL, NULL, NULL, NULL, NULL, NULL, NULL, NULL, NULL, NULL, NULL, NULL, NULL, NULL, NULL, NULL, NULL, NULL, NULL, NULL, NULL, NULL, NULL, NULL, NULL, NULL, NULL, NULL, NULL, NULL, NULL, NULL, NULL, NULL, NULL, NULL, NULL, NULL, NULL, NULL, NULL, NULL, NULL, NULL, NULL, NULL, NULL, 500),
(1589, 9, 5, '9135240786', '2017-05-29 09:21:12', NULL, 1, 'Stheffany Monge Jiménez', '680969755', 'tifanyjimenez@hotmail.com', 1, 0, 0, NULL, '{"primas":{"1":{"id":"15","prima_6m":null,"prima_9m":null,"prima_12m":78,"prima_18m":null},"4":{"id":"16","prima_6m":null,"prima_9m":null,"prima_12m":141.4,"prima_18m":null},"5":{"id":"47","prima_6m":null,"prima_9m":null,"prima_12m":124.8,"prima_18m":null}},"Tipo local":"Vivienda"}', NULL, NULL, NULL, NULL, NULL, NULL, NULL, NULL, NULL, NULL, NULL, NULL, NULL, NULL, NULL, NULL, NULL, NULL, NULL, NULL, NULL, NULL, NULL, NULL, NULL, NULL, NULL, NULL, NULL, NULL, NULL, NULL, NULL, NULL, NULL, NULL, NULL, NULL, NULL, NULL, NULL, NULL, NULL, NULL, NULL, NULL, NULL, NULL, NULL, NULL, NULL, NULL, NULL, NULL, NULL, NULL, NULL, 260),
(1590, 9, 5, '6139852407', '2017-05-29 09:38:46', NULL, 1, 'Segovia', '667479535', 'lukidana@gmail.com', 1, 0, 0, NULL, '{"primas":{"1":{"id":"15","prima_6m":null,"prima_9m":null,"prima_12m":360,"prima_18m":null},"4":{"id":"16","prima_6m":null,"prima_9m":null,"prima_12m":649,"prima_18m":null},"5":{"id":"47","prima_6m":null,"prima_9m":null,"prima_12m":576,"prima_18m":null}},"Tipo local":"Vivienda"}', NULL, NULL, NULL, NULL, NULL, NULL, NULL, NULL, NULL, NULL, NULL, NULL, NULL, NULL, NULL, NULL, NULL, NULL, NULL, NULL, NULL, NULL, NULL, NULL, NULL, NULL, NULL, NULL, NULL, NULL, NULL, NULL, NULL, NULL, NULL, NULL, NULL, NULL, NULL, NULL, NULL, NULL, NULL, NULL, NULL, NULL, NULL, NULL, NULL, NULL, NULL, NULL, NULL, NULL, NULL, NULL, NULL, 1200),
(1591, 9, 5, '8431025976', '2017-05-29 09:44:07', NULL, 1, 'Segovia', '667479535', 'lukidana@gmail.com', 1, 0, 0, NULL, '{"primas":{"1":{"id":"15","prima_6m":null,"prima_9m":null,"prima_12m":360,"prima_18m":null},"4":{"id":"16","prima_6m":null,"prima_9m":null,"prima_12m":649,"prima_18m":null},"5":{"id":"47","prima_6m":null,"prima_9m":null,"prima_12m":576,"prima_18m":null}},"Tipo local":"Vivienda"}', NULL, NULL, NULL, NULL, NULL, NULL, NULL, NULL, NULL, NULL, NULL, NULL, NULL, NULL, NULL, NULL, NULL, NULL, NULL, NULL, NULL, NULL, NULL, NULL, NULL, NULL, NULL, NULL, NULL, NULL, NULL, NULL, NULL, NULL, NULL, NULL, NULL, NULL, NULL, NULL, NULL, NULL, NULL, NULL, NULL, NULL, NULL, NULL, NULL, NULL, NULL, NULL, NULL, NULL, NULL, NULL, NULL, 1200),
(1592, 1, 6, '7410825936', '2017-05-29 17:04:39', NULL, 0, 'Ángela Molero de Mora', '622017365', 'mariangeles15692534@gmail.com', 1, 0, 0, NULL, '{"Producto interesado":"Responsabilidad civil","Tipo de seguro":"Seguro para feriantes"}', NULL, NULL, NULL, NULL, NULL, NULL, NULL, NULL, NULL, NULL, NULL, NULL, NULL, NULL, NULL, NULL, NULL, NULL, NULL, NULL, NULL, NULL, NULL, NULL, NULL, NULL, NULL, NULL, NULL, NULL, NULL, NULL, NULL, NULL, NULL, NULL, NULL, NULL, NULL, NULL, NULL, NULL, NULL, NULL, NULL, NULL, NULL, NULL, NULL, NULL, NULL, NULL, NULL, NULL, NULL, NULL, NULL, NULL),
(1593, 1, 6, '3149762508', '2017-05-29 17:04:55', NULL, 0, 'Ángela Molero de Mora', '622017365', 'mariangeles15692534@gmail.com', 1, 0, 0, NULL, '{"Producto interesado":"Responsabilidad civil","Tipo de seguro":"Seguro para feriantes"}', NULL, NULL, NULL, NULL, NULL, NULL, NULL, NULL, NULL, NULL, NULL, NULL, NULL, NULL, NULL, NULL, NULL, NULL, NULL, NULL, NULL, NULL, NULL, NULL, NULL, NULL, NULL, NULL, NULL, NULL, NULL, NULL, NULL, NULL, NULL, NULL, NULL, NULL, NULL, NULL, NULL, NULL, NULL, NULL, NULL, NULL, NULL, NULL, NULL, NULL, NULL, NULL, NULL, NULL, NULL, NULL, NULL, NULL),
(1594, 1, 5, '5423871096', '2017-05-29 23:14:47', NULL, 0, 'Sergio', '635825362', 'yatevale@hotmail.com', 1, 0, 0, NULL, '{"primas":{"2":{"id":"16","prima_6m":166.6,"prima_9m":217,"prima_12m":260.2,"prima_18m":274.6},"6":{"id":"76","prima_6m":240.13983312,"prima_9m":336.6825363,"prima_12m":452.69603676,"prima_18m":null}},"Tipo local":"Vivienda"}', NULL, NULL, NULL, NULL, NULL, NULL, NULL, NULL, NULL, NULL, NULL, NULL, NULL, NULL, NULL, NULL, NULL, NULL, NULL, NULL, NULL, NULL, NULL, NULL, NULL, NULL, NULL, NULL, NULL, NULL, NULL, NULL, NULL, NULL, NULL, NULL, NULL, NULL, NULL, NULL, NULL, NULL, NULL, NULL, NULL, NULL, NULL, NULL, NULL, NULL, NULL, NULL, NULL, NULL, NULL, NULL, NULL, 600),
(1595, 1, 6, '8593601247', '2017-05-30 07:43:22', NULL, 0, 'antonio romero', '727741087', 'cipote.ar@gmail.com', 0, 0, 0, '2017-05-30 10:36:06', '{"Producto interesado":"Responsabilidad civil","Tipo de seguro":"Seguro para feriantes"}', 3, NULL, NULL, NULL, NULL, NULL, NULL, NULL, NULL, NULL, NULL, NULL, NULL, NULL, NULL, NULL, NULL, NULL, NULL, NULL, NULL, NULL, NULL, NULL, NULL, NULL, NULL, NULL, NULL, NULL, NULL, NULL, NULL, NULL, NULL, NULL, NULL, NULL, NULL, NULL, NULL, NULL, NULL, NULL, NULL, NULL, NULL, NULL, NULL, NULL, NULL, NULL, NULL, NULL, NULL, NULL, NULL, NULL),
(1596, 9, 5, '9284516037', '2017-05-30 08:00:42', NULL, 2, 'Alvaro Martin', '676523210', 'alvarmar22@gmail.com', 1, 0, 0, NULL, '{"primas":{"1":{"id":"15","prima_6m":null,"prima_9m":null,"prima_12m":105,"prima_18m":null},"4":{"id":"16","prima_6m":null,"prima_9m":null,"prima_12m":190,"prima_18m":null},"5":{"id":"47","prima_6m":null,"prima_9m":null,"prima_12m":168,"prima_18m":null}},"Tipo local":"Vivienda"}', NULL, NULL, NULL, NULL, NULL, NULL, NULL, NULL, NULL, NULL, NULL, NULL, NULL, NULL, NULL, NULL, NULL, NULL, NULL, NULL, NULL, NULL, NULL, NULL, NULL, NULL, NULL, NULL, NULL, NULL, NULL, NULL, NULL, NULL, NULL, NULL, NULL, NULL, NULL, NULL, NULL, NULL, NULL, NULL, NULL, NULL, NULL, NULL, NULL, NULL, NULL, NULL, NULL, NULL, NULL, NULL, NULL, 350),
(1597, 9, 5, '4927681503', '2017-05-30 08:47:09', NULL, 1, 'vanesa ', '648633124', 'vanessa--2007@hotmail.com', 1, 0, 0, NULL, '{"primas":{"1":{"id":"15","prima_6m":null,"prima_9m":null,"prima_12m":180,"prima_18m":null},"4":{"id":"16","prima_6m":null,"prima_9m":null,"prima_12m":325,"prima_18m":null},"5":{"id":"47","prima_6m":null,"prima_9m":null,"prima_12m":288,"prima_18m":null}},"Tipo local":"Vivienda"}', NULL, NULL, NULL, NULL, NULL, NULL, NULL, NULL, NULL, NULL, NULL, NULL, NULL, NULL, NULL, NULL, NULL, NULL, NULL, NULL, NULL, NULL, NULL, NULL, NULL, NULL, NULL, NULL, NULL, NULL, NULL, NULL, NULL, NULL, NULL, NULL, NULL, NULL, NULL, NULL, NULL, NULL, NULL, NULL, NULL, NULL, NULL, NULL, NULL, NULL, NULL, NULL, NULL, NULL, NULL, NULL, NULL, 600),
(1598, 9, 5, '3871456290', '2017-05-30 10:04:11', NULL, 1, 'maria teresa bonada goma', '667457612', 'kiko@margarit.cat', 1, 0, 0, NULL, '{"primas":{"1":{"id":"15","prima_6m":null,"prima_9m":null,"prima_12m":255,"prima_18m":null},"4":{"id":"16","prima_6m":null,"prima_9m":null,"prima_12m":460,"prima_18m":null},"5":{"id":"47","prima_6m":null,"prima_9m":null,"prima_12m":408,"prima_18m":null}},"Tipo local":"Vivienda"}', NULL, NULL, NULL, NULL, NULL, NULL, NULL, NULL, NULL, NULL, NULL, NULL, NULL, NULL, NULL, NULL, NULL, NULL, NULL, NULL, NULL, NULL, NULL, NULL, NULL, NULL, NULL, NULL, NULL, NULL, NULL, NULL, NULL, NULL, NULL, NULL, NULL, NULL, NULL, NULL, NULL, NULL, NULL, NULL, NULL, NULL, NULL, NULL, NULL, NULL, NULL, NULL, NULL, NULL, NULL, NULL, NULL, 850),
(1599, 9, 5, '1748239560', '2017-05-30 12:05:57', NULL, 1, 'Manuel', '662261914', 'iratimaialen@gmail.com', 1, 0, 0, NULL, '{"primas":{"1":{"id":"15","prima_6m":null,"prima_9m":null,"prima_12m":330,"prima_18m":null},"4":{"id":"16","prima_6m":null,"prima_9m":null,"prima_12m":595,"prima_18m":null},"5":{"id":"47","prima_6m":null,"prima_9m":null,"prima_12m":528,"prima_18m":null}},"Tipo local":"Vivienda"}', NULL, NULL, NULL, NULL, NULL, NULL, NULL, NULL, NULL, NULL, NULL, NULL, NULL, NULL, NULL, NULL, NULL, NULL, NULL, NULL, NULL, NULL, NULL, NULL, NULL, NULL, NULL, NULL, NULL, NULL, NULL, NULL, NULL, NULL, NULL, NULL, NULL, NULL, NULL, NULL, NULL, NULL, NULL, NULL, NULL, NULL, NULL, NULL, NULL, NULL, NULL, NULL, NULL, NULL, NULL, NULL, NULL, 1100),
(1602, 5, 2, '5947362018', '2017-05-31 11:50:14', NULL, 0, 'SERGIO ARIAS ALVAREZ', '649642864', 'ARGONAUTA_44@HOTMAIL.COM', 1, 0, 0, NULL, '{"3":{"id_cm":"2","prima_cm":180.75,"id_re":"3","prima_re":244.54},"35":{"id_cm":"48","prima_cm":157.94,"id_re":"49","prima_re":251.75},"36":{"id_cm":"37","prima_cm":117,"id_re":"50","prima_re":193},"37":{"id_cm":"51","prima_cm":92,"id_re":"50","prima_re":193},"41":{"id_cm":"36","prima_cm":144.6,"id_re":"58","prima_re":201.56},"42":{"id_cm":"59","prima_cm":87.09,"id_re":"60","prima_re":144.8},"43":{"id_cm":"39","prima_cm":118.8,"id_re":"60","prima_re":144.8},"46":{"id_cm":"64","prima_cm":94.79,"id_re":"65","prima_re":290.97},"47":{"id_cm":"66","prima_cm":114.75,"id_re":"67","prima_re":337.87}}', NULL, 2, NULL, NULL, 38, 4, NULL, NULL, NULL, NULL, NULL, NULL, NULL, NULL, NULL, NULL, 57, 44, NULL, NULL, NULL, NULL, NULL, NULL, NULL, NULL, NULL, NULL, NULL, NULL, NULL, NULL, NULL, NULL, NULL, NULL, NULL, NULL, NULL, NULL, NULL, NULL, NULL, NULL, NULL, NULL, NULL, NULL, NULL, NULL, NULL, NULL, NULL, NULL, NULL, NULL, NULL, NULL),
(1603, 1, 6, '7158039624', '2017-05-31 12:39:25', NULL, 0, 'mario yovanovich ', '603802749', 'renaultdxi991@gmail.com', 1, 0, 0, NULL, '{"Producto interesado":"Responsabilidad civil","Tipo de seguro":"Seguro para feriantes"}', NULL, NULL, NULL, NULL, NULL, NULL, NULL, NULL, NULL, NULL, NULL, NULL, NULL, NULL, NULL, NULL, NULL, NULL, NULL, NULL, NULL, NULL, NULL, NULL, NULL, NULL, NULL, NULL, NULL, NULL, NULL, NULL, NULL, NULL, NULL, NULL, NULL, NULL, NULL, NULL, NULL, NULL, NULL, NULL, NULL, NULL, NULL, NULL, NULL, NULL, NULL, NULL, NULL, NULL, NULL, NULL, NULL, NULL),
(1604, 9, 5, '9126857430', '2017-05-31 15:27:53', NULL, 1, 'Mayte Morales', '687802803', 'maygranada@hotmail.com', 1, 0, 0, NULL, '{"primas":{"1":{"id":"15","prima_6m":null,"prima_9m":null,"prima_12m":79.5,"prima_18m":null},"4":{"id":"16","prima_6m":null,"prima_9m":null,"prima_12m":144.1,"prima_18m":null},"5":{"id":"47","prima_6m":null,"prima_9m":null,"prima_12m":127.2,"prima_18m":null}},"Tipo local":"Vivienda"}', NULL, NULL, NULL, NULL, NULL, NULL, NULL, NULL, NULL, NULL, NULL, NULL, NULL, NULL, NULL, NULL, NULL, NULL, NULL, NULL, NULL, NULL, NULL, NULL, NULL, NULL, NULL, NULL, NULL, NULL, NULL, NULL, NULL, NULL, NULL, NULL, NULL, NULL, NULL, NULL, NULL, NULL, NULL, NULL, NULL, NULL, NULL, NULL, NULL, NULL, NULL, NULL, NULL, NULL, NULL, NULL, NULL, 265),
(1605, 5, 2, '4067189532', '2017-06-01 09:58:50', NULL, 0, 'nicola giacobbe', '608775611', 'ngiacobs@hotmail.com', 1, 0, 0, NULL, '{"3":{"id_cm":"2","prima_cm":69.66,"id_re":"3","prima_re":91.61},"35":{"id_cm":"48","prima_cm":63.61,"id_re":"49","prima_re":98.43},"36":{"id_cm":"37","prima_cm":47,"id_re":"50","prima_re":79},"37":{"id_cm":"51","prima_cm":32,"id_re":"50","prima_re":79},"41":{"id_cm":"36","prima_cm":55.7,"id_re":"58","prima_re":83.39},"42":{"id_cm":"59","prima_cm":34.87,"id_re":"60","prima_re":62.532},"43":{"id_cm":"39","prima_cm":48.492,"id_re":"60","prima_re":62.532},"46":{"id_cm":"64","prima_cm":39.14,"id_re":"65","prima_re":119.72},"47":{"id_cm":"66","prima_cm":47.5,"id_re":"67","prima_re":138.99}}', NULL, 1, NULL, NULL, 42, 4, NULL, NULL, NULL, NULL, NULL, NULL, NULL, NULL, NULL, NULL, 40, NULL, NULL, NULL, NULL, NULL, NULL, NULL, NULL, NULL, NULL, NULL, NULL, NULL, NULL, NULL, NULL, NULL, NULL, NULL, NULL, NULL, NULL, NULL, NULL, NULL, NULL, NULL, NULL, NULL, NULL, NULL, NULL, NULL, NULL, NULL, NULL, NULL, NULL, NULL, NULL, NULL),
(1606, 9, 5, '9725308641', '2017-06-01 10:52:11', NULL, 1, 'francisca ruiz valdivia', '626884618', 'francisca23_@hotmail.com', 1, 1, 0, NULL, '{"primas":{"1":{"id":"15","prima_6m":null,"prima_9m":null,"prima_12m":105,"prima_18m":null},"4":{"id":"16","prima_6m":null,"prima_9m":null,"prima_12m":190,"prima_18m":null},"5":{"id":"47","prima_6m":null,"prima_9m":null,"prima_12m":168,"prima_18m":null}},"Tipo local":"Vivienda"}', NULL, NULL, NULL, NULL, NULL, NULL, NULL, NULL, NULL, NULL, NULL, NULL, NULL, NULL, NULL, NULL, NULL, NULL, NULL, NULL, NULL, NULL, NULL, NULL, NULL, NULL, NULL, NULL, NULL, NULL, NULL, NULL, NULL, NULL, NULL, NULL, NULL, NULL, NULL, NULL, NULL, NULL, NULL, NULL, NULL, NULL, NULL, NULL, NULL, NULL, NULL, NULL, NULL, NULL, NULL, NULL, NULL, 350),
(1607, 5, 7, '3158420697', '2017-06-01 13:59:15', NULL, 0, 'juan delgado', '922296656', 'produccion@canarisk.es', 1, 0, 0, NULL, '{"ramo_especial":"1","primas":{"45":11.9},"params":{"Duraci\\u00f3n":"Hasta 3 d\\u00edas","Residente":"Espa\\u00f1a","Zona de cobertura":"Espa\\u00f1a","N\\u00famero de asegurados":"1"}}', NULL, NULL, NULL, NULL, NULL, NULL, NULL, NULL, NULL, NULL, NULL, NULL, NULL, NULL, NULL, NULL, NULL, NULL, NULL, NULL, NULL, NULL, NULL, NULL, NULL, NULL, NULL, NULL, NULL, NULL, NULL, NULL, NULL, NULL, NULL, NULL, NULL, NULL, NULL, NULL, NULL, NULL, NULL, NULL, NULL, NULL, NULL, NULL, NULL, NULL, NULL, NULL, NULL, NULL, NULL, NULL, NULL, NULL),
(1608, 9, 5, '9062487153', '2017-06-01 14:09:03', NULL, 1, 'Tania  Sobrado Sesmero', '678040202', 'taniasobradosesmero@gmail.com', 1, 0, 0, NULL, '{"primas":{"1":{"id":"15","prima_6m":null,"prima_9m":null,"prima_12m":129,"prima_18m":null},"4":{"id":"16","prima_6m":null,"prima_9m":null,"prima_12m":233.2,"prima_18m":null},"5":{"id":"47","prima_6m":null,"prima_9m":null,"prima_12m":206.4,"prima_18m":null}},"Tipo local":"Vivienda"}', NULL, NULL, NULL, NULL, NULL, NULL, NULL, NULL, NULL, NULL, NULL, NULL, NULL, NULL, NULL, NULL, NULL, NULL, NULL, NULL, NULL, NULL, NULL, NULL, NULL, NULL, NULL, NULL, NULL, NULL, NULL, NULL, NULL, NULL, NULL, NULL, NULL, NULL, NULL, NULL, NULL, NULL, NULL, NULL, NULL, NULL, NULL, NULL, NULL, NULL, NULL, NULL, NULL, NULL, NULL, NULL, NULL, 430),
(1609, 5, 2, '3682154970', '2017-06-01 20:22:33', NULL, 0, 'nicola giacobbe', '608775611', 'ngiacobs@hotmail.com', 1, 0, 0, NULL, '{"3":{"id_cm":"2","prima_cm":69.66,"id_re":"3","prima_re":91.61},"35":{"id_cm":"48","prima_cm":63.61,"id_re":"49","prima_re":98.43},"36":{"id_cm":"37","prima_cm":47,"id_re":"50","prima_re":79},"37":{"id_cm":"51","prima_cm":32,"id_re":"50","prima_re":79},"41":{"id_cm":"36","prima_cm":55.7,"id_re":"58","prima_re":83.39},"42":{"id_cm":"59","prima_cm":34.87,"id_re":"60","prima_re":62.532},"43":{"id_cm":"39","prima_cm":48.492,"id_re":"60","prima_re":62.532},"46":{"id_cm":"64","prima_cm":39.14,"id_re":"65","prima_re":119.72},"47":{"id_cm":"66","prima_cm":47.5,"id_re":"67","prima_re":138.99}}', NULL, 1, NULL, NULL, 42, 4, NULL, NULL, NULL, NULL, NULL, NULL, NULL, NULL, NULL, NULL, 40, NULL, NULL, NULL, NULL, NULL, NULL, NULL, NULL, NULL, NULL, NULL, NULL, NULL, NULL, NULL, NULL, NULL, NULL, NULL, NULL, NULL, NULL, NULL, NULL, NULL, NULL, NULL, NULL, NULL, NULL, NULL, NULL, NULL, NULL, NULL, NULL, NULL, NULL, NULL, NULL, NULL),
(1610, 5, 2, '9128543760', '2017-06-01 21:15:56', NULL, 0, 'nicola giacobbe', '608775611', 'ngiacobs@hotmail.com', 1, 0, 0, NULL, '{"3":{"id_cm":"2","prima_cm":69.66,"id_re":"3","prima_re":91.61},"35":{"id_cm":"48","prima_cm":63.61,"id_re":"49","prima_re":98.43},"36":{"id_cm":"37","prima_cm":47,"id_re":"50","prima_re":79},"37":{"id_cm":"51","prima_cm":32,"id_re":"50","prima_re":79},"41":{"id_cm":"36","prima_cm":55.7,"id_re":"58","prima_re":83.39},"42":{"id_cm":"59","prima_cm":34.87,"id_re":"60","prima_re":62.532},"43":{"id_cm":"39","prima_cm":48.492,"id_re":"60","prima_re":62.532},"46":{"id_cm":"64","prima_cm":39.14,"id_re":"65","prima_re":119.72},"47":{"id_cm":"66","prima_cm":47.5,"id_re":"67","prima_re":138.99}}', NULL, 1, NULL, NULL, 42, 4, NULL, NULL, NULL, NULL, NULL, NULL, NULL, NULL, NULL, NULL, 40, NULL, NULL, NULL, NULL, NULL, NULL, NULL, NULL, NULL, NULL, NULL, NULL, NULL, NULL, NULL, NULL, NULL, NULL, NULL, NULL, NULL, NULL, NULL, NULL, NULL, NULL, NULL, NULL, NULL, NULL, NULL, NULL, NULL, NULL, NULL, NULL, NULL, NULL, NULL, NULL, NULL),
(1611, 1, 6, '0641582793', '2017-06-02 07:52:46', NULL, 0, 'Leopoldo García sanchez', '915329054', 'leo.garcia@live.com.ar', 1, 0, 0, NULL, '{"Producto interesado":"Responsabilidad civil","Tipo de seguro":"Seguro para feriantes"}', NULL, NULL, NULL, NULL, NULL, NULL, NULL, NULL, NULL, NULL, NULL, NULL, NULL, NULL, NULL, NULL, NULL, NULL, NULL, NULL, NULL, NULL, NULL, NULL, NULL, NULL, NULL, NULL, NULL, NULL, NULL, NULL, NULL, NULL, NULL, NULL, NULL, NULL, NULL, NULL, NULL, NULL, NULL, NULL, NULL, NULL, NULL, NULL, NULL, NULL, NULL, NULL, NULL, NULL, NULL, NULL, NULL, NULL);
INSERT INTO `tarificaciones` (`id`, `correduria_id`, `ramo_id`, `codigo_tarificacion`, `fecha_creacion`, `creada_por`, `numMensajes`, `nombre_completo`, `telefono`, `email`, `activo`, `documentacionEnviada`, `contratada`, `fecha_borrado`, `data`, `deletedBy_id`, `numeroPersonas`, `vida_capital`, `vida_fechaNacimiento`, `salud_provincia_id`, `salud_contratante_id`, `salud_fechaNacimiento1`, `salud_fechaNacimiento2`, `salud_fechaNacimiento3`, `salud_fechaNacimiento4`, `salud_fechaNacimiento5`, `salud_fechaNacimiento6`, `salud_fechaNacimiento7`, `salud_fechaNacimiento8`, `salud_fechaNacimiento9`, `salud_fechaNacimiento10`, `salud_edad1`, `salud_edad2`, `salud_edad3`, `salud_edad4`, `salud_edad5`, `salud_edad6`, `salud_edad7`, `salud_edad8`, `salud_edad9`, `salud_edad10`, `decesos_provincia_id_1`, `decesos_provincia_id_2`, `decesos_provincia_id_3`, `decesos_provincia_id_4`, `decesos_provincia_id_5`, `decesos_provincia_id_6`, `decesos_provincia_id_7`, `decesos_provincia_id_8`, `decesos_provincia_id_9`, `decesos_provincia_id_10`, `decesos_fechaNacimiento1`, `decesos_fechaNacimiento2`, `decesos_fechaNacimiento3`, `decesos_fechaNacimiento4`, `decesos_fechaNacimiento5`, `decesos_fechaNacimiento6`, `decesos_fechaNacimiento7`, `decesos_fechaNacimiento8`, `decesos_fechaNacimiento9`, `decesos_fechaNacimiento10`, `decesos_edad1`, `decesos_edad2`, `decesos_edad3`, `decesos_edad4`, `decesos_edad5`, `decesos_edad6`, `decesos_edad7`, `decesos_edad8`, `decesos_edad9`, `decesos_edad10`, `alquiler_rentaMensual`, `alquiler_valorAlquiler`) VALUES
(1612, 5, 6, '3794568021', '2017-06-02 07:54:55', NULL, 0, 'prueba1', '666555444', 'emilio@redess.es', 1, 0, 0, NULL, '{"importe del dorsal":"15","Tipo de seguro":"Seguro de RC"}', NULL, NULL, NULL, NULL, NULL, NULL, NULL, NULL, NULL, NULL, NULL, NULL, NULL, NULL, NULL, NULL, NULL, NULL, NULL, NULL, NULL, NULL, NULL, NULL, NULL, NULL, NULL, NULL, NULL, NULL, NULL, NULL, NULL, NULL, NULL, NULL, NULL, NULL, NULL, NULL, NULL, NULL, NULL, NULL, NULL, NULL, NULL, NULL, NULL, NULL, NULL, NULL, NULL, NULL, NULL, NULL, NULL, NULL),
(1613, 5, 2, '5260718934', '2017-06-02 08:43:46', NULL, 0, 'nicola giacobbe', '608775611', 'ngiacobs@hotmail.com', 1, 0, 0, NULL, '{"3":{"id_cm":"2","prima_cm":69.66,"id_re":"3","prima_re":91.61},"35":{"id_cm":"48","prima_cm":63.61,"id_re":"49","prima_re":98.43},"36":{"id_cm":"37","prima_cm":47,"id_re":"50","prima_re":79},"37":{"id_cm":"51","prima_cm":32,"id_re":"50","prima_re":79},"41":{"id_cm":"36","prima_cm":55.7,"id_re":"58","prima_re":83.39},"42":{"id_cm":"59","prima_cm":34.87,"id_re":"60","prima_re":62.532},"43":{"id_cm":"39","prima_cm":48.492,"id_re":"60","prima_re":62.532},"46":{"id_cm":"64","prima_cm":39.14,"id_re":"65","prima_re":119.72},"47":{"id_cm":"66","prima_cm":47.5,"id_re":"67","prima_re":138.99}}', NULL, 1, NULL, NULL, 42, 4, NULL, NULL, NULL, NULL, NULL, NULL, NULL, NULL, NULL, NULL, 40, NULL, NULL, NULL, NULL, NULL, NULL, NULL, NULL, NULL, NULL, NULL, NULL, NULL, NULL, NULL, NULL, NULL, NULL, NULL, NULL, NULL, NULL, NULL, NULL, NULL, NULL, NULL, NULL, NULL, NULL, NULL, NULL, NULL, NULL, NULL, NULL, NULL, NULL, NULL, NULL, NULL),
(1614, 5, 7, '8264930751', '2017-06-02 09:18:00', NULL, 0, 'juan delgado', '', 'produccion@canarisk.es', 1, 0, 0, NULL, '{"ramo_especial":"1","primas":{"45":24},"params":{"Duraci\\u00f3n":"Hasta 25 d\\u00edas","Residente":"Espa\\u00f1a","Zona de cobertura":"Espa\\u00f1a","N\\u00famero de asegurados":"1"}}', NULL, NULL, NULL, NULL, NULL, NULL, NULL, NULL, NULL, NULL, NULL, NULL, NULL, NULL, NULL, NULL, NULL, NULL, NULL, NULL, NULL, NULL, NULL, NULL, NULL, NULL, NULL, NULL, NULL, NULL, NULL, NULL, NULL, NULL, NULL, NULL, NULL, NULL, NULL, NULL, NULL, NULL, NULL, NULL, NULL, NULL, NULL, NULL, NULL, NULL, NULL, NULL, NULL, NULL, NULL, NULL, NULL, NULL),
(1615, 5, 6, '6914853027', '2017-06-02 09:44:27', NULL, 0, 'juan delgado', '922296656', 'produccion@canarisk.es', 1, 0, 0, NULL, '{"empresa y actividad":"empresa de ","Tipo de seguro":"Seguro de accidentes"}', NULL, NULL, NULL, NULL, NULL, NULL, NULL, NULL, NULL, NULL, NULL, NULL, NULL, NULL, NULL, NULL, NULL, NULL, NULL, NULL, NULL, NULL, NULL, NULL, NULL, NULL, NULL, NULL, NULL, NULL, NULL, NULL, NULL, NULL, NULL, NULL, NULL, NULL, NULL, NULL, NULL, NULL, NULL, NULL, NULL, NULL, NULL, NULL, NULL, NULL, NULL, NULL, NULL, NULL, NULL, NULL, NULL, NULL),
(1616, 5, 6, '3691578042', '2017-06-02 09:49:22', NULL, 0, 'juan delgado', '922296656', 'produccion@canarisk.es', 1, 0, 0, NULL, '{"empresa y actividad":"Corredur\\u00eda de seguros","Tipo de seguro":"Seguro de RC"}', NULL, NULL, NULL, NULL, NULL, NULL, NULL, NULL, NULL, NULL, NULL, NULL, NULL, NULL, NULL, NULL, NULL, NULL, NULL, NULL, NULL, NULL, NULL, NULL, NULL, NULL, NULL, NULL, NULL, NULL, NULL, NULL, NULL, NULL, NULL, NULL, NULL, NULL, NULL, NULL, NULL, NULL, NULL, NULL, NULL, NULL, NULL, NULL, NULL, NULL, NULL, NULL, NULL, NULL, NULL, NULL, NULL, NULL),
(1617, 5, 6, '5829604317', '2017-06-02 09:52:09', NULL, 0, 'Juan Delgado', '922296656', 'produccion@canarisk.es', 1, 0, 0, NULL, '{"importe del dorsal":"58","Tipo de seguro":"Seguro de RC"}', NULL, NULL, NULL, NULL, NULL, NULL, NULL, NULL, NULL, NULL, NULL, NULL, NULL, NULL, NULL, NULL, NULL, NULL, NULL, NULL, NULL, NULL, NULL, NULL, NULL, NULL, NULL, NULL, NULL, NULL, NULL, NULL, NULL, NULL, NULL, NULL, NULL, NULL, NULL, NULL, NULL, NULL, NULL, NULL, NULL, NULL, NULL, NULL, NULL, NULL, NULL, NULL, NULL, NULL, NULL, NULL, NULL, NULL),
(1618, 5, 2, '7563182094', '2017-06-02 11:11:23', NULL, 0, 'nicola giacobbe', '608775611', 'ngiacobs@hotmail.com', 1, 0, 0, NULL, '{"3":{"id_cm":"2","prima_cm":69.66,"id_re":"3","prima_re":91.61},"35":{"id_cm":"48","prima_cm":63.61,"id_re":"49","prima_re":98.43},"36":{"id_cm":"37","prima_cm":47,"id_re":"50","prima_re":79},"37":{"id_cm":"51","prima_cm":32,"id_re":"50","prima_re":79},"41":{"id_cm":"36","prima_cm":55.7,"id_re":"58","prima_re":83.39},"42":{"id_cm":"59","prima_cm":34.87,"id_re":"60","prima_re":62.532},"43":{"id_cm":"39","prima_cm":48.492,"id_re":"60","prima_re":62.532},"46":{"id_cm":"64","prima_cm":39.14,"id_re":"65","prima_re":119.72},"47":{"id_cm":"66","prima_cm":47.5,"id_re":"67","prima_re":138.99}}', NULL, 1, NULL, NULL, 42, 4, NULL, NULL, NULL, NULL, NULL, NULL, NULL, NULL, NULL, NULL, 40, NULL, NULL, NULL, NULL, NULL, NULL, NULL, NULL, NULL, NULL, NULL, NULL, NULL, NULL, NULL, NULL, NULL, NULL, NULL, NULL, NULL, NULL, NULL, NULL, NULL, NULL, NULL, NULL, NULL, NULL, NULL, NULL, NULL, NULL, NULL, NULL, NULL, NULL, NULL, NULL, NULL);

-- --------------------------------------------------------

--
-- Estructura de tabla para la tabla `users`
--

CREATE TABLE IF NOT EXISTS `users` (
  `id` int(11) unsigned NOT NULL AUTO_INCREMENT,
  `ip_address` varchar(15) NOT NULL,
  `username` varchar(100) DEFAULT NULL,
  `password` varchar(255) NOT NULL,
  `salt` varchar(255) DEFAULT NULL,
  `email` varchar(100) NOT NULL,
  `activation_code` varchar(40) DEFAULT NULL,
  `forgotten_password_code` varchar(40) DEFAULT NULL,
  `forgotten_password_time` int(11) unsigned DEFAULT NULL,
  `remember_code` varchar(40) DEFAULT NULL,
  `created_on` int(11) unsigned NOT NULL,
  `last_login` int(11) unsigned DEFAULT NULL,
  `active` tinyint(1) unsigned DEFAULT NULL,
  `first_name` varchar(50) DEFAULT NULL,
  `last_name` varchar(50) DEFAULT NULL,
  `company` varchar(100) DEFAULT NULL,
  `phone` varchar(20) DEFAULT NULL,
  PRIMARY KEY (`id`)
) ENGINE=InnoDB  DEFAULT CHARSET=utf8 AUTO_INCREMENT=24 ;

--
-- Volcado de datos para la tabla `users`
--

INSERT INTO `users` (`id`, `ip_address`, `username`, `password`, `salt`, `email`, `activation_code`, `forgotten_password_code`, `forgotten_password_time`, `remember_code`, `created_on`, `last_login`, `active`, `first_name`, `last_name`, `company`, `phone`) VALUES
(3, '127.0.0.1', 'administrator', '$2a$08$g2GIWRzwO4nQzC15CVRgFe22LeyiLsGIfcuSfcoCmS6YJqKD.rkoO', '', 'emilio@redess.es', '', NULL, NULL, 'NSIfZ8Fppcc5Utt3d.CBY.', 1268889823, 1496390167, 1, 'Emilio', 'Valls', 'REDESS', '722707776'),
(4, '::1', NULL, '$2y$08$9lPowBDecXaGmH7jlNeL6ermNeqGT8Ng2N7pB.sJUVK7GRUfHxlT.', NULL, 'raulgdm@grupotat.com', NULL, NULL, NULL, 'sghYF.kgnegTI4f/34eQf.', 1469560479, 1473418973, 1, 'Raúl', 'García de Madinabeitia', 'grupo TAT', '917100072'),
(6, '::1', NULL, '$2y$08$xmHSlMRUg16U/IXdeUBNhupGxK1iFG7KrrGG.gX5lSl0ktphXfbXu', NULL, 'usustb@stb.com', NULL, NULL, NULL, NULL, 1469708524, 1470257331, 1, 'usuarioSTB', 'alalala', 'STB', '666777111'),
(7, '::1', NULL, '$2y$08$JMpZwp.Ye4wf0b8pRv8xguWnWfVKTGcWKDEYD6v4/GRNmVp6TUWay', NULL, 'jcarballo@canarisk.es', NULL, NULL, NULL, NULL, 1469708730, 1482503699, 1, 'Jesús', 'Carballo', 'cnk', '922 296 656'),
(8, '81.203.182.33', NULL, '$2y$08$.40A8EZK0fKCwUcpxEo.Mua.vVsPHb1RGDexEJB.rvQNee7yqD2T.', NULL, 'jbravo@redess.es', NULL, NULL, NULL, NULL, 1469736341, 1495704034, 1, 'Jesús', 'Bravo Carrillo', 'Redess', '615325759'),
(9, '81.203.182.33', NULL, '$2y$08$H64.0aw.iyi/17S.ta7VM.yb.4euzJgxJNV/733X03BatGAvPaPii', NULL, 'caralt@car.com', NULL, NULL, NULL, NULL, 1469812738, 1469812758, 1, 'usucar', 'aaa', 'caralt', '121212'),
(10, '83.45.203.249', NULL, '$2y$08$6dQsOVfDAp5Quqo3BghKvub7u70nv3U2KKE3yCvUpQGMbN93qJmpm', NULL, 'tmengod@solanaymengod.com', NULL, NULL, NULL, NULL, 1479297804, 1479367845, 1, 'Toni', 'Mengod', 'Solana y Mengod', '-'),
(11, '83.45.203.249', NULL, '$2y$08$tKKpZwWaACHK5Sa/sbO5OeKxtkHpAkDxLeXkjU3QCkALK4v6ev55S', NULL, 'jlmengod@sonalaymengod.com', NULL, NULL, NULL, NULL, 1479298008, NULL, 1, 'Jose Luis', 'Mengod', 'Solana y Mengod', '-'),
(12, '83.45.203.249', NULL, '$2y$08$O1uKDGVFEewitLbQPOQ2Q.DZjcUOZdIAxJLfWUWgQiwCRgvBUlo7e', NULL, 'jmgalindo@sonalaymengod.com', NULL, NULL, NULL, NULL, 1479298078, NULL, 1, 'José Miguel', 'Galindo', 'Solana y Mengod', '-'),
(13, '83.45.203.249', NULL, '$2y$08$lx6OvlyDhAORrgttiHHQ0uOP6gO7/c38hHLQAgYpx7DU/cRH.Z4R.', NULL, 'alator@solanaymengod.com', NULL, NULL, NULL, NULL, 1479298142, NULL, 1, 'Antonio', 'Latorre', 'Sonala y Mengod', '-'),
(14, '83.45.203.249', NULL, '$2y$08$wyVYNkSBrR58RkTQOW/cc.PRu8nyqqRqYCDkzgrudcZJsUwdqTAB6', NULL, 'adiez@solanaymengod.com', NULL, NULL, NULL, NULL, 1479298186, NULL, 1, 'Alberto', 'Díez', 'Solana y Mengod', '-'),
(15, '83.45.203.249', NULL, '$2y$08$26PdIlM7iZaE07KJeMPsLufhA7QEUoKaFe4J4GOeTxcEgosaQdw3a', NULL, 'lcutanda@solanaymengod.com', NULL, NULL, NULL, NULL, 1479299671, 1482509974, 1, 'Loli', 'Cutanda', 'Solana y Mengod', '-'),
(16, '83.45.244.255', NULL, '$2y$08$Wi6TKlyYtJMBrGFNhkdF9.ggj.2B4ViHHCWneQzhO8GLV3qj9aGPW', NULL, 'prueba@redess.es', NULL, NULL, NULL, NULL, 1480516966, 1480596731, 1, 'Usuario', 'de prueba', 'redess', '666666666'),
(17, '83.45.244.255', NULL, '$2y$08$GmLdbgkeLQ.y678kj5yYR.BX3L3UisGizBCzUL1nizo9erRa8Iqni', NULL, 'comercial@canarisk.es', NULL, NULL, NULL, NULL, 1482243276, 1496311456, 1, 'comercial', '-', 'Canarisk', '-'),
(18, '83.45.244.255', NULL, '$2y$08$BeSiXigPGGrUeMtoq/qa7Oi5.YTLZDFmeR02UniKeZ68z1N.khwc.', NULL, 'userrankia@rankia.es', NULL, NULL, NULL, NULL, 1482399980, 1482400167, 1, 'rankia', 'user', 'RAN', '636111222'),
(19, '80.29.96.214', NULL, '$2y$08$XMVJlDkHpV/kNUfco8EAquK54pvo7gwN2UuGBlzpsCcne/PQc8QNS', NULL, 'canaprueba@gmail.com', NULL, NULL, NULL, NULL, 1484814916, 1484814973, 1, 'canarisk_prueba', '---', 'canarisk', '666222111'),
(20, '83.52.226.67', NULL, '$2y$08$KudjvW.8wrRaDlOk.UqWaO69hjkjzwJQfj3/SPBA6EC73bgoIYTr.', NULL, 'jesus@grupotat.com', NULL, NULL, NULL, 'mLq6LKBRtl1qaAgIDCcQl.', 1490695288, 1496396608, 1, 'Jesús', 'Jábega', 'Grupo TAT', '-'),
(21, '88.15.154.94', NULL, '$2y$08$IyRVz59EBemWUGF9wX9NMeaQzwnfR05NyYYHFbCh.X7.hPfhRfvVO', NULL, 'comercial@grupotat.com', 'd6cea2fc9fc59acdceb110ae3b947392c5cfad2e', NULL, NULL, NULL, 1492596193, 1492596230, 0, 'comercial1', '-', 'grupo TAT', '777666555'),
(22, '46.27.217.90', NULL, '$2y$08$oGA/9tFKBikafS62p4aLfuEAH2NsHjfVA6RnCvkpv58elC5kIOKFG', NULL, 'concepcion@grupotat.com', NULL, NULL, NULL, NULL, 1493983563, 1496401669, 1, 'Concepción', 'Rodrigo', 'TAT', '647 592 822'),
(23, '83.52.224.80', NULL, '$2y$08$T63asehQf2R14kNZkR4SmeQHJ9NuaIu2fedKMQlCg8OgDTqMwKBUi', NULL, 'prueba@prueba.com', NULL, NULL, NULL, NULL, 1496223679, 1496392512, 1, 'prueba', 'asdfasdf', 'tat', '666555444');

-- --------------------------------------------------------

--
-- Estructura de tabla para la tabla `users_correduria`
--

CREATE TABLE IF NOT EXISTS `users_correduria` (
  `id` int(11) NOT NULL AUTO_INCREMENT,
  `user_id` int(11) unsigned NOT NULL,
  `correduria_id` int(11) NOT NULL,
  PRIMARY KEY (`id`),
  KEY `idx_1` (`user_id`),
  KEY `idx_2` (`correduria_id`)
) ENGINE=InnoDB  DEFAULT CHARSET=utf8 AUTO_INCREMENT=15 ;

--
-- Volcado de datos para la tabla `users_correduria`
--

INSERT INTO `users_correduria` (`id`, `user_id`, `correduria_id`) VALUES
(1, 4, 9),
(3, 6, 1),
(4, 7, 5),
(5, 9, 2),
(6, 10, 4),
(7, 11, 4),
(8, 12, 4),
(9, 13, 4),
(10, 14, 4),
(11, 15, 4),
(12, 16, 10),
(13, 17, 5),
(14, 18, 6);

-- --------------------------------------------------------

--
-- Estructura de tabla para la tabla `users_groups`
--

CREATE TABLE IF NOT EXISTS `users_groups` (
  `id` int(11) unsigned NOT NULL AUTO_INCREMENT,
  `user_id` int(11) unsigned NOT NULL,
  `group_id` mediumint(8) unsigned NOT NULL,
  PRIMARY KEY (`id`),
  UNIQUE KEY `uc_users_groups` (`user_id`,`group_id`),
  KEY `fk_users_groups_users1_idx` (`user_id`),
  KEY `fk_users_groups_groups1_idx` (`group_id`)
) ENGINE=InnoDB  DEFAULT CHARSET=utf8 AUTO_INCREMENT=121 ;

--
-- Volcado de datos para la tabla `users_groups`
--

INSERT INTO `users_groups` (`id`, `user_id`, `group_id`) VALUES
(8, 3, 2),
(30, 4, 3),
(31, 4, 4),
(32, 4, 5),
(55, 6, 3),
(56, 6, 4),
(57, 6, 6),
(94, 7, 3),
(95, 7, 8),
(108, 8, 2),
(53, 9, 3),
(54, 9, 7),
(78, 10, 3),
(79, 10, 9),
(76, 11, 3),
(77, 11, 9),
(68, 12, 3),
(69, 12, 9),
(71, 13, 3),
(72, 13, 9),
(74, 14, 3),
(75, 14, 9),
(84, 15, 3),
(85, 15, 4),
(86, 15, 9),
(88, 16, 3),
(89, 16, 10),
(97, 17, 3),
(98, 17, 8),
(100, 18, 3),
(101, 18, 11),
(105, 19, 3),
(106, 19, 4),
(107, 19, 8),
(110, 20, 3),
(111, 20, 4),
(112, 20, 5),
(113, 21, 3),
(114, 21, 5),
(115, 22, 3),
(116, 22, 5),
(118, 23, 3),
(119, 23, 4),
(120, 23, 5);

-- --------------------------------------------------------

--
-- Estructura de tabla para la tabla `vida_producto_companyia_seguros_correduria`
--

CREATE TABLE IF NOT EXISTS `vida_producto_companyia_seguros_correduria` (
  `id` int(11) NOT NULL AUTO_INCREMENT,
  `id_correduria` int(11) NOT NULL,
  `id_producto` int(11) NOT NULL,
  `activo` tinyint(1) DEFAULT '0',
  PRIMARY KEY (`id`),
  KEY `idx_pvcsc_1` (`id_correduria`),
  KEY `idx_pvcsc_2` (`id_producto`)
) ENGINE=InnoDB DEFAULT CHARSET=utf8 AUTO_INCREMENT=1 ;

-- --------------------------------------------------------

--
-- Estructura de tabla para la tabla `zonas`
--

CREATE TABLE IF NOT EXISTS `zonas` (
  `id` int(11) NOT NULL AUTO_INCREMENT,
  `nombre` varchar(50) NOT NULL,
  PRIMARY KEY (`id`)
) ENGINE=InnoDB  DEFAULT CHARSET=utf8 AUTO_INCREMENT=35 ;

--
-- Volcado de datos para la tabla `zonas`
--

INSERT INTO `zonas` (`id`, `nombre`) VALUES
(1, 'Todas las provincias'),
(17, 'Zona 1'),
(18, 'Zona 2'),
(19, 'zona 3'),
(20, 'zona1_aegon'),
(21, 'zona2_aegon'),
(22, 'zona3_aegon'),
(23, 'zona4_aegon'),
(24, 'caser_zona1'),
(25, 'caser_zona2'),
(26, 'caser_zona3'),
(27, 'DKV_canarias'),
(28, 'DKV_baleares'),
(29, 'DKV_barcelona'),
(30, 'DKV_zgz_vlc_gpc_rioja_madrid'),
(31, 'DKV_resto'),
(32, 'axa_zona1'),
(33, 'axa_zona2'),
(34, 'axa_zona3');

-- --------------------------------------------------------

--
-- Estructura para la vista `productos_coberturas_default_vista`
--
DROP TABLE IF EXISTS `productos_coberturas_default_vista`;

CREATE ALGORITHM=UNDEFINED DEFINER=`tarifonline`@`10.10.1.%` SQL SECURITY DEFINER VIEW `productos_coberturas_default_vista` AS select `pcd`.`id` AS `id`,`cs`.`nombre` AS `nombre`,`pcd`.`id_producto` AS `id_producto`,`pcs`.`nombre_producto` AS `nombre_producto`,`pcd`.`data` AS `data` from ((`productos_coberturas_default` `pcd` join `producto_companyia_seguros` `pcs`) join `companyia_seguros` `cs`) where ((`pcd`.`id_producto` = `pcs`.`id`) and (`pcs`.`id_companyia` = `cs`.`id`)) order by `cs`.`nombre`;

-- --------------------------------------------------------

--
-- Estructura para la vista `salud-full-productos-corredurias`
--
DROP TABLE IF EXISTS `salud-full-productos-corredurias`;

CREATE ALGORITHM=UNDEFINED DEFINER=`tarifonline`@`10.10.1.%` SQL SECURITY DEFINER VIEW `salud-full-productos-corredurias` AS select `spcsc`.`id` AS `id`,`c`.`nombre` AS `correduria`,`spcsc`.`nombre` AS `producto`,`cs`.`nombre` AS `companyia`,`pcs1`.`nombre_producto` AS `producto_cm`,`pcs2`.`nombre_producto` AS `producto_re`,`spcsc`.`activo` AS `activo` from ((`companyia_seguros` `cs` join `correduria` `c`) join ((`salud_producto_companyia_seguros_correduria` `spcsc` left join `producto_companyia_seguros` `pcs1` on((`spcsc`.`id_producto_CM` = `pcs1`.`id`))) left join `producto_companyia_seguros` `pcs2` on((`spcsc`.`id_producto_RE` = `pcs2`.`id`)))) where ((`cs`.`id` = `spcsc`.`id_cia`) and (`spcsc`.`id_correduria` = `c`.`id`)) order by `c`.`nombre`,`cs`.`nombre`;

-- --------------------------------------------------------

--
-- Estructura para la vista `salud_vista_descuentos_recargos`
--
DROP TABLE IF EXISTS `salud_vista_descuentos_recargos`;

CREATE ALGORITHM=UNDEFINED DEFINER=`tarifonline`@`10.10.1.%` SQL SECURITY DEFINER VIEW `salud_vista_descuentos_recargos` AS select `sdr`.`id` AS `id`,`sdr`.`id_producto_salud` AS `id_producto_salud`,`c`.`codigo` AS `correduria`,`cs`.`nombre` AS `companyia`,`spcsc`.`nombre` AS `nombre_producto`,`sdr`.`cm_re` AS `cm_re`,`sdr`.`id_forma_pago` AS `id_forma_pago`,`rnp`.`nombre` AS `rango_personas`,`sdr`.`edad_minima` AS `edad_minima`,`sdr`.`edad_maxima` AS `edad_maxima`,`sdr`.`valor` AS `valor`,`sdr`.`orden` AS `orden`,`sdr`.`activo` AS `activo`,`pc`.`nombre` AS `porcentaje_o_cantidad`,`dr`.`nombre` AS `descuento_o_recargo` from ((((((`salud_descuentos_recargos` `sdr` join `salud_producto_companyia_seguros_correduria` `spcsc`) join `correduria` `c`) join `companyia_seguros` `cs`) join `porcentaje_cantidad` `pc`) join `descuentos_recargos` `dr`) join `rango_numero_personas` `rnp`) where ((`sdr`.`id_producto_salud` = `spcsc`.`id`) and (`spcsc`.`id_correduria` = `c`.`id`) and (`spcsc`.`id_cia` = `cs`.`id`) and (`sdr`.`id_tipo_valor` = `pc`.`id`) and (`sdr`.`id_tipo_operacion` = `dr`.`id`) and (`sdr`.`id_rango_numero_personas` = `rnp`.`id`));

--
-- Restricciones para tablas volcadas
--

--
-- Filtros para la tabla `alquiler_coberturas`
--
ALTER TABLE `alquiler_coberturas`
  ADD CONSTRAINT `alquiler_coberturas_ibfk_1` FOREIGN KEY (`id_producto`) REFERENCES `alquiler_producto_companyia_seguros_correduria` (`id`);

--
-- Filtros para la tabla `alquiler_descuentos_recargos`
--
ALTER TABLE `alquiler_descuentos_recargos`
  ADD CONSTRAINT `alquiler_descuentos_recargos_ibfk_1` FOREIGN KEY (`id_producto_alquiler`) REFERENCES `alquiler_producto_companyia_seguros_correduria` (`id`) ON DELETE CASCADE ON UPDATE CASCADE,
  ADD CONSTRAINT `alquiler_descuentos_recargos_ibfk_2` FOREIGN KEY (`id_tipo_operacion`) REFERENCES `descuentos_recargos` (`id`) ON DELETE CASCADE ON UPDATE CASCADE,
  ADD CONSTRAINT `alquiler_descuentos_recargos_ibfk_4` FOREIGN KEY (`id_tipo_valor`) REFERENCES `porcentaje_cantidad` (`id`) ON DELETE CASCADE ON UPDATE CASCADE,
  ADD CONSTRAINT `alquiler_descuentos_recargos_ibfk_5` FOREIGN KEY (`id_forma_pago`) REFERENCES `forma_de_pago` (`id`) ON DELETE CASCADE ON UPDATE CASCADE,
  ADD CONSTRAINT `alquiler_descuentos_recargos_ibfk_6` FOREIGN KEY (`id_tipo_local`) REFERENCES `alquiler_tipo_local` (`id`);

--
-- Filtros para la tabla `alquiler_factor_de_calculo`
--
ALTER TABLE `alquiler_factor_de_calculo`
  ADD CONSTRAINT `alquiler_factor_de_calculo_ibfk_6` FOREIGN KEY (`id_producto`) REFERENCES `alquiler_producto_companyia_seguros_correduria` (`id`),
  ADD CONSTRAINT `alquiler_factor_de_calculo_ibfk_7` FOREIGN KEY (`id_tipo_local`) REFERENCES `alquiler_tipo_local` (`id`);

--
-- Filtros para la tabla `alquiler_producto_companyia_seguros_correduria`
--
ALTER TABLE `alquiler_producto_companyia_seguros_correduria`
  ADD CONSTRAINT `alquiler_producto_companyia_seguros_correduria_ibfk_6` FOREIGN KEY (`id_correduria`) REFERENCES `correduria` (`id`),
  ADD CONSTRAINT `alquiler_producto_companyia_seguros_correduria_ibfk_7` FOREIGN KEY (`id_producto`) REFERENCES `producto_companyia_seguros` (`id`);

--
-- Filtros para la tabla `correduria`
--
ALTER TABLE `correduria`
  ADD CONSTRAINT `FK_F6AAF03B727ACA70` FOREIGN KEY (`parent_id`) REFERENCES `correduria` (`id`);

--
-- Filtros para la tabla `decesos_capitales_provincia`
--
ALTER TABLE `decesos_capitales_provincia`
  ADD CONSTRAINT `decesos_capitales_provincia_ibfk_1` FOREIGN KEY (`id_producto`) REFERENCES `producto_companyia_seguros` (`id`),
  ADD CONSTRAINT `decesos_capitales_provincia_ibfk_2` FOREIGN KEY (`id_provincia`) REFERENCES `provincia` (`id`);

--
-- Filtros para la tabla `decesos_coberturas`
--
ALTER TABLE `decesos_coberturas`
  ADD CONSTRAINT `decesos_coberturas_ibfk_1` FOREIGN KEY (`id_producto`) REFERENCES `decesos_producto_companyia_seguros_correduria` (`id`);

--
-- Filtros para la tabla `decesos_descuentos_recargos`
--
ALTER TABLE `decesos_descuentos_recargos`
  ADD CONSTRAINT `decesos_descuentos_recargos_ibfk_1` FOREIGN KEY (`id_producto_decesos`) REFERENCES `decesos_producto_companyia_seguros_correduria` (`id`),
  ADD CONSTRAINT `decesos_descuentos_recargos_ibfk_2` FOREIGN KEY (`id_tipo_operacion`) REFERENCES `descuentos_recargos` (`id`),
  ADD CONSTRAINT `decesos_descuentos_recargos_ibfk_3` FOREIGN KEY (`id_forma_pago`) REFERENCES `forma_de_pago` (`id`),
  ADD CONSTRAINT `decesos_descuentos_recargos_ibfk_4` FOREIGN KEY (`id_tipo_valor`) REFERENCES `porcentaje_cantidad` (`id`),
  ADD CONSTRAINT `decesos_descuentos_recargos_ibfk_5` FOREIGN KEY (`id_rango_numero_personas`) REFERENCES `rango_numero_personas` (`id`);

--
-- Filtros para la tabla `decesos_productos_documentacion_correduria`
--
ALTER TABLE `decesos_productos_documentacion_correduria`
  ADD CONSTRAINT `decesos_productos_documentacion_correduria_ibfk_1` FOREIGN KEY (`id_producto`) REFERENCES `decesos_producto_companyia_seguros_correduria` (`id`);

--
-- Filtros para la tabla `decesos_producto_companyia_seguros_correduria`
--
ALTER TABLE `decesos_producto_companyia_seguros_correduria`
  ADD CONSTRAINT `decesos_producto_companyia_seguros_correduria_ibfk_1` FOREIGN KEY (`id_correduria`) REFERENCES `correduria` (`id`),
  ADD CONSTRAINT `decesos_producto_companyia_seguros_correduria_ibfk_2` FOREIGN KEY (`id_producto`) REFERENCES `producto_companyia_seguros` (`id`),
  ADD CONSTRAINT `decesos_producto_companyia_seguros_correduria_ibfk_3` FOREIGN KEY (`id_cia`) REFERENCES `companyia_seguros` (`id`);

--
-- Filtros para la tabla `decesos_producto_companyia_seguros_tasas`
--
ALTER TABLE `decesos_producto_companyia_seguros_tasas`
  ADD CONSTRAINT `decesos_producto_companyia_seguros_tasas_ibfk_1` FOREIGN KEY (`id_producto`) REFERENCES `producto_companyia_seguros` (`id`);

--
-- Filtros para la tabla `especial_deportesRiesgo_residente`
--
ALTER TABLE `especial_deportesRiesgo_residente`
  ADD CONSTRAINT `especial_deportesRiesgo_residente_ibfk_1` FOREIGN KEY (`id_producto`) REFERENCES `producto_companyia_seguros` (`id`);

--
-- Filtros para la tabla `especial_deportesRiesgo_tasas`
--
ALTER TABLE `especial_deportesRiesgo_tasas`
  ADD CONSTRAINT `especial_deportesRiesgo_tasas_ibfk_3` FOREIGN KEY (`id_producto`) REFERENCES `producto_companyia_seguros` (`id`),
  ADD CONSTRAINT `especial_deportesRiesgo_tasas_ibfk_4` FOREIGN KEY (`id_duracion`) REFERENCES `especial_deportesRiesgo_duracion` (`id`),
  ADD CONSTRAINT `especial_deportesRiesgo_tasas_ibfk_5` FOREIGN KEY (`id_residente`) REFERENCES `especial_deportesRiesgo_residente` (`id`);

--
-- Filtros para la tabla `especial_producto_companyia_seguros_correduria`
--
ALTER TABLE `especial_producto_companyia_seguros_correduria`
  ADD CONSTRAINT `especial_producto_companyia_seguros_correduria_ibfk_1` FOREIGN KEY (`id_correduria`) REFERENCES `correduria` (`id`),
  ADD CONSTRAINT `especial_producto_companyia_seguros_correduria_ibfk_2` FOREIGN KEY (`id_producto`) REFERENCES `producto_companyia_seguros` (`id`);

--
-- Filtros para la tabla `fraccionamientos`
--
ALTER TABLE `fraccionamientos`
  ADD CONSTRAINT `fraccionamientos_ibfk_1` FOREIGN KEY (`id_producto`) REFERENCES `producto_companyia_seguros` (`id`);

--
-- Filtros para la tabla `groups_correduria`
--
ALTER TABLE `groups_correduria`
  ADD CONSTRAINT `groups_correduria_ibfk_1` FOREIGN KEY (`group_id`) REFERENCES `groups` (`id`) ON DELETE CASCADE ON UPDATE CASCADE,
  ADD CONSTRAINT `groups_correduria_ibfk_2` FOREIGN KEY (`correduria_id`) REFERENCES `correduria` (`id`) ON DELETE CASCADE ON UPDATE CASCADE;

--
-- Filtros para la tabla `mensajes`
--
ALTER TABLE `mensajes`
  ADD CONSTRAINT `mensajes_ibfk_1` FOREIGN KEY (`tarificacion_id`) REFERENCES `tarificaciones` (`id`),
  ADD CONSTRAINT `mensajes_ibfk_2` FOREIGN KEY (`mensaje_tipo_id`) REFERENCES `mensaje_tipo` (`id`),
  ADD CONSTRAINT `mensajes_ibfk_3` FOREIGN KEY (`owner_id`) REFERENCES `users` (`id`);

--
-- Filtros para la tabla `productos_coberturas_default`
--
ALTER TABLE `productos_coberturas_default`
  ADD CONSTRAINT `productos_coberturas_default_ibfk_1` FOREIGN KEY (`id_producto`) REFERENCES `producto_companyia_seguros` (`id`);

--
-- Filtros para la tabla `producto_companyia_seguros`
--
ALTER TABLE `producto_companyia_seguros`
  ADD CONSTRAINT `producto_companyia_seguros_ibfk_11` FOREIGN KEY (`id_companyia`) REFERENCES `companyia_seguros` (`id`) ON UPDATE CASCADE,
  ADD CONSTRAINT `producto_companyia_seguros_ibfk_12` FOREIGN KEY (`id_ramo`) REFERENCES `ramo_seguros` (`id`) ON UPDATE CASCADE,
  ADD CONSTRAINT `producto_companyia_seguros_ibfk_13` FOREIGN KEY (`id_ramo_especial`) REFERENCES `ramo_especial_subcategoria` (`id`) ON DELETE CASCADE ON UPDATE CASCADE,
  ADD CONSTRAINT `producto_companyia_seguros_ibfk_14` FOREIGN KEY (`id_formaPago`) REFERENCES `forma_de_pago` (`id`),
  ADD CONSTRAINT `producto_companyia_seguros_ibfk_15` FOREIGN KEY (`id_origen_tasas`) REFERENCES `origen_tasas` (`id`);

--
-- Filtros para la tabla `ramos_correduria`
--
ALTER TABLE `ramos_correduria`
  ADD CONSTRAINT `ramos_correduria_ibfk_1` FOREIGN KEY (`correduria_id`) REFERENCES `correduria` (`id`),
  ADD CONSTRAINT `ramos_correduria_ibfk_2` FOREIGN KEY (`ramo_id`) REFERENCES `ramo_seguros` (`id`);

--
-- Filtros para la tabla `salud_coberturas`
--
ALTER TABLE `salud_coberturas`
  ADD CONSTRAINT `salud_coberturas_ibfk_1` FOREIGN KEY (`id_producto`) REFERENCES `salud_producto_companyia_seguros_correduria` (`id`) ON DELETE CASCADE ON UPDATE CASCADE;

--
-- Filtros para la tabla `salud_contratante`
--
ALTER TABLE `salud_contratante`
  ADD CONSTRAINT `salud_contratante_ibfk_1` FOREIGN KEY (`id_producto`) REFERENCES `salud_producto_companyia_seguros_correduria` (`id`) ON DELETE CASCADE ON UPDATE CASCADE,
  ADD CONSTRAINT `salud_contratante_ibfk_2` FOREIGN KEY (`id_contratante`) REFERENCES `contratante_tipo` (`id`) ON DELETE CASCADE ON UPDATE CASCADE;

--
-- Filtros para la tabla `salud_descuentos_recargos`
--
ALTER TABLE `salud_descuentos_recargos`
  ADD CONSTRAINT `salud_descuentos_recargos_ibfk_1` FOREIGN KEY (`id_producto_salud`) REFERENCES `salud_producto_companyia_seguros_correduria` (`id`),
  ADD CONSTRAINT `salud_descuentos_recargos_ibfk_2` FOREIGN KEY (`id_tipo_operacion`) REFERENCES `descuentos_recargos` (`id`),
  ADD CONSTRAINT `salud_descuentos_recargos_ibfk_3` FOREIGN KEY (`id_forma_pago`) REFERENCES `forma_de_pago` (`id`),
  ADD CONSTRAINT `salud_descuentos_recargos_ibfk_4` FOREIGN KEY (`id_tipo_valor`) REFERENCES `porcentaje_cantidad` (`id`),
  ADD CONSTRAINT `salud_descuentos_recargos_ibfk_5` FOREIGN KEY (`id_rango_numero_personas`) REFERENCES `rango_numero_personas` (`id`);

--
-- Filtros para la tabla `salud_productos_documentacion_correduria`
--
ALTER TABLE `salud_productos_documentacion_correduria`
  ADD CONSTRAINT `salud_productos_documentacion_correduria_ibfk_1` FOREIGN KEY (`id_producto`) REFERENCES `salud_producto_companyia_seguros_correduria` (`id`);

--
-- Filtros para la tabla `salud_producto_companyia_seguros_correduria`
--
ALTER TABLE `salud_producto_companyia_seguros_correduria`
  ADD CONSTRAINT `salud_producto_companyia_seguros_correduria_ibfk_1` FOREIGN KEY (`id_correduria`) REFERENCES `correduria` (`id`) ON UPDATE CASCADE,
  ADD CONSTRAINT `salud_producto_companyia_seguros_correduria_ibfk_2` FOREIGN KEY (`id_producto_CM`) REFERENCES `producto_companyia_seguros` (`id`),
  ADD CONSTRAINT `salud_producto_companyia_seguros_correduria_ibfk_3` FOREIGN KEY (`id_producto_RE`) REFERENCES `producto_companyia_seguros` (`id`),
  ADD CONSTRAINT `salud_producto_companyia_seguros_correduria_ibfk_4` FOREIGN KEY (`id_cia`) REFERENCES `companyia_seguros` (`id`);

--
-- Filtros para la tabla `salud_producto_companyia_seguros_tasas`
--
ALTER TABLE `salud_producto_companyia_seguros_tasas`
  ADD CONSTRAINT `salud_producto_companyia_seguros_tasas_ibfk_1` FOREIGN KEY (`id_producto`) REFERENCES `producto_companyia_seguros` (`id`),
  ADD CONSTRAINT `salud_producto_companyia_seguros_tasas_ibfk_2` FOREIGN KEY (`id_zona`) REFERENCES `zonas` (`id`);

--
-- Filtros para la tabla `tarificaciones`
--
ALTER TABLE `tarificaciones`
  ADD CONSTRAINT `tarificaciones_ibfk_1` FOREIGN KEY (`correduria_id`) REFERENCES `correduria` (`id`) ON DELETE CASCADE ON UPDATE CASCADE,
  ADD CONSTRAINT `tarificaciones_ibfk_3` FOREIGN KEY (`deletedBy_id`) REFERENCES `users` (`id`) ON DELETE SET NULL ON UPDATE SET NULL,
  ADD CONSTRAINT `tarificaciones_ibfk_54` FOREIGN KEY (`ramo_id`) REFERENCES `ramo_seguros` (`id`),
  ADD CONSTRAINT `tarificaciones_ibfk_55` FOREIGN KEY (`creada_por`) REFERENCES `users` (`id`) ON DELETE SET NULL ON UPDATE SET NULL,
  ADD CONSTRAINT `tarificaciones_ibfk_56` FOREIGN KEY (`salud_provincia_id`) REFERENCES `provincia` (`id`),
  ADD CONSTRAINT `tarificaciones_ibfk_57` FOREIGN KEY (`salud_contratante_id`) REFERENCES `contratante_tipo` (`id`) ON UPDATE CASCADE,
  ADD CONSTRAINT `tarificaciones_ibfk_58` FOREIGN KEY (`decesos_provincia_id_1`) REFERENCES `provincia` (`id`),
  ADD CONSTRAINT `tarificaciones_ibfk_59` FOREIGN KEY (`decesos_provincia_id_2`) REFERENCES `provincia` (`id`),
  ADD CONSTRAINT `tarificaciones_ibfk_60` FOREIGN KEY (`decesos_provincia_id_3`) REFERENCES `provincia` (`id`),
  ADD CONSTRAINT `tarificaciones_ibfk_61` FOREIGN KEY (`decesos_provincia_id_4`) REFERENCES `provincia` (`id`),
  ADD CONSTRAINT `tarificaciones_ibfk_62` FOREIGN KEY (`decesos_provincia_id_5`) REFERENCES `provincia` (`id`),
  ADD CONSTRAINT `tarificaciones_ibfk_63` FOREIGN KEY (`decesos_provincia_id_6`) REFERENCES `provincia` (`id`),
  ADD CONSTRAINT `tarificaciones_ibfk_64` FOREIGN KEY (`decesos_provincia_id_7`) REFERENCES `provincia` (`id`),
  ADD CONSTRAINT `tarificaciones_ibfk_65` FOREIGN KEY (`decesos_provincia_id_8`) REFERENCES `provincia` (`id`),
  ADD CONSTRAINT `tarificaciones_ibfk_66` FOREIGN KEY (`decesos_provincia_id_9`) REFERENCES `provincia` (`id`),
  ADD CONSTRAINT `tarificaciones_ibfk_67` FOREIGN KEY (`decesos_provincia_id_10`) REFERENCES `provincia` (`id`);

--
-- Filtros para la tabla `users_correduria`
--
ALTER TABLE `users_correduria`
  ADD CONSTRAINT `users_correduria_ibfk_1` FOREIGN KEY (`user_id`) REFERENCES `users` (`id`),
  ADD CONSTRAINT `users_correduria_ibfk_2` FOREIGN KEY (`correduria_id`) REFERENCES `correduria` (`id`);

--
-- Filtros para la tabla `users_groups`
--
ALTER TABLE `users_groups`
  ADD CONSTRAINT `fk_users_groups_groups1` FOREIGN KEY (`group_id`) REFERENCES `groups` (`id`) ON DELETE CASCADE ON UPDATE NO ACTION,
  ADD CONSTRAINT `fk_users_groups_users1` FOREIGN KEY (`user_id`) REFERENCES `users` (`id`) ON DELETE CASCADE ON UPDATE NO ACTION;

--
-- Filtros para la tabla `vida_producto_companyia_seguros_correduria`
--
ALTER TABLE `vida_producto_companyia_seguros_correduria`
  ADD CONSTRAINT `vida_producto_companyia_seguros_correduria_ibfk_1` FOREIGN KEY (`id_correduria`) REFERENCES `correduria` (`id`),
  ADD CONSTRAINT `vida_producto_companyia_seguros_correduria_ibfk_2` FOREIGN KEY (`id_producto`) REFERENCES `producto_companyia_seguros` (`id`);

/*!40101 SET CHARACTER_SET_CLIENT=@OLD_CHARACTER_SET_CLIENT */;
/*!40101 SET CHARACTER_SET_RESULTS=@OLD_CHARACTER_SET_RESULTS */;
/*!40101 SET COLLATION_CONNECTION=@OLD_COLLATION_CONNECTION */;
